target,ids,date,flag,user,english_tweet
0,1467863684,Mon Apr 06 22:33:35 PDT 2009,NO_QUERY,DjGundam,Awwh babs... you look so sad underneith that shop entrance of &quot;Yesterday's Musik&quot;  O-: I like the look of the new transformer movie 
0,1467880442,Mon Apr 06 22:38:04 PDT 2009,NO_QUERY,iCalvin,"Haven't tweeted nearly all day  Posted my website tonight, hopefully that goes well  Night time!"
0,1468053611,Mon Apr 06 23:28:09 PDT 2009,NO_QUERY,mariejamora,@hellobebe I also send some updates in plurk but i upload photos on twitter!  you didnt see any of my updates on plurk? Zero? 
0,1468100580,Mon Apr 06 23:42:57 PDT 2009,NO_QUERY,cristygarza,good night swetdreamss to everyonee   and jared never chat in kyte puff 
0,1468115720,Mon Apr 06 23:48:00 PDT 2009,NO_QUERY,WarholGirl,@ientje89 aw i'm fine too thanks! yeah i miss you so much on the MFC  but hope we can talk later on today  kisses :huglove:
0,1468131748,Mon Apr 06 23:53:22 PDT 2009,NO_QUERY,steveslee,@gordonchiu You're one letter alway!    Koreans don't use &quot;X&quot; so there's no hope for me. 
0,1468161883,Tue Apr 07 00:03:10 PDT 2009,NO_QUERY,warrenaissance,"I found my MADDEN '08!  in '09  ...oh well, I say Old is New Again!"
0,1468224250,Tue Apr 07 00:23:49 PDT 2009,NO_QUERY,lindseykanno,"@friendlypharm  too bad it's true, for the most part "
0,1468310350,Tue Apr 07 00:53:48 PDT 2009,NO_QUERY,tashhhhhhh,@dougiemcfly morning  i'm really upset  my rabbit ran away last night  and the postman woke me up early  reply? ilu x.
0,1468338634,Tue Apr 07 01:03:49 PDT 2009,NO_QUERY,phampton,"3 days leave then Easter, no work for a week,  Except for the long list of DIY jobs to do at home, "
0,1468363676,Tue Apr 07 01:12:56 PDT 2009,NO_QUERY,LiL_Lullue,yay no work todayyy   but working for the rest of the week  lol
0,1468502040,Tue Apr 07 02:03:41 PDT 2009,NO_QUERY,McFLYBelgium,"@dougiemcfly @tommcfly good morning guys, how are you all? You know, it's frustrating, I never get a reply  "
0,1468503801,Tue Apr 07 02:04:18 PDT 2009,NO_QUERY,tinknevertalks,"@redtoffee Strawberry is the absolute best Angel Delight EVA!  I had chocolate once, but it was too sweet. "
0,1468544973,Tue Apr 07 02:19:32 PDT 2009,NO_QUERY,rkhooks,@lejeff oh pants! I'm hanging out with the old folks back  in England   Defo b up 4 1 when I get back. tho 
0,1468586841,Tue Apr 07 02:34:25 PDT 2009,NO_QUERY,Micc_x,@bradiewebbstack sway sway tour in julyyyyy! exitedd muchh  follow me pleaseeee? i need more followerss 
0,1468639063,Tue Apr 07 02:53:24 PDT 2009,NO_QUERY,kenguest,it'd be great if some opensource luminary would record 'talk' files for #rockbox  the daleky voice is unimpressive 
0,1468652839,Tue Apr 07 02:58:23 PDT 2009,NO_QUERY,revjesse,@ecaps1 bloody idiot!!   just shop him into some gay porn 
0,1468714181,Tue Apr 07 03:19:34 PDT 2009,NO_QUERY,TheKZA,@iCoopers You tease  But thank you 
0,1468758512,Tue Apr 07 03:34:37 PDT 2009,NO_QUERY,_CBearT_,Had the best night in Letterfrack!;) lol suffering now tho  thank goodness richard's makin pancakes!!! Onto Galway city later  x
0,1468833927,Tue Apr 07 03:58:41 PDT 2009,NO_QUERY,swimmingfishy,Going to school and enjoying my last day as a 16 year old  but  too
0,1468992236,Tue Apr 07 04:44:49 PDT 2009,NO_QUERY,tuxetuxe,humm no support for remote cvs history in opengrok 0.7 ...  guest i have to wait for 0.8!! 
0,1469011145,Tue Apr 07 04:49:48 PDT 2009,NO_QUERY,SorenLorensen,"@hollyalyxfinch Oh, Holly!  Take no notice of these morons - we think you're wonderful and very talented "
0,1469267615,Tue Apr 07 05:49:29 PDT 2009,NO_QUERY,davideggleton,"Today is very cold, so cold I may have to start wearing my jeans again  yesterday was raining but I did get some good shots of ducks "
0,1469531660,Tue Apr 07 06:39:53 PDT 2009,NO_QUERY,appleaddicto,Company blocked Twitter today  oh well i still have it on mobile 
0,1469618724,Tue Apr 07 06:55:21 PDT 2009,NO_QUERY,CoopieCoop27,is loving the sun  but is upset she cant make the picnic thurs 
0,1469702025,Tue Apr 07 07:10:03 PDT 2009,NO_QUERY,MVPSusi,@halosecretarial There is a hashtag #IVAA09 for the Summit  I'm not cool either   Couldn't go.
0,1470013783,Tue Apr 07 08:05:26 PDT 2009,NO_QUERY,jreycruz32,@RachelStarrxxx I hope you get better soon  just make sure you have alot of fluids 
0,1470014082,Tue Apr 07 08:05:29 PDT 2009,NO_QUERY,emmatucker07,woken up v early by a big pair of brown eyes. unfortunately they don't belong to a puppy...   but they do belong to an evil mayan 
0,1548641597,Fri Apr 17 21:32:02 PDT 2009,NO_QUERY,MissLaura317,"@xoh_snap June 16th!  So far away. I'm excited! BUT I might go alone, even though I bought two tix. Sadness. "
0,1550876592,Sat Apr 18 07:31:02 PDT 2009,NO_QUERY,chickens4mmich,back home from a longgg day! today = party time!  too bad i'm missing someone that's pretty darn special  &lt;3
0,1551209524,Sat Apr 18 08:26:27 PDT 2009,NO_QUERY,taralou88,Back in Stoke on my lonesome  Only two weeks to go though. And then I shall be freeeeeeeeee 
0,1551301964,Sat Apr 18 08:41:33 PDT 2009,NO_QUERY,WHEREtheFsCHRIS,Last day at MV Apple  Thank god I dont gotta hang out with joesoliman anymore 
0,1551303800,Sat Apr 18 08:41:52 PDT 2009,NO_QUERY,amandabfc,Tried to have my picture taken with @jimmycarr but got turned away  @rustyrockets was great though 
0,1551586713,Sat Apr 18 09:26:59 PDT 2009,NO_QUERY,lucasfan4life,Tennis pratice today  but i dont have to stay 4 the whole thing yay  lol
0,1551844969,Sat Apr 18 10:07:14 PDT 2009,NO_QUERY,gpan,Sick  Good thing its the weekend 
0,1551973433,Sat Apr 18 10:27:21 PDT 2009,NO_QUERY,jemjem1983,"@_ophelia danny wasn't there  just angela, craig and Robert!! Was a great day though "
0,1553081487,Sat Apr 18 13:19:29 PDT 2009,NO_QUERY,JenJoyner,"@MissNixs I know, right? He's a serial monogamist  Did I mention I left home at a young age, LOL? "
0,1553271490,Sat Apr 18 13:49:29 PDT 2009,NO_QUERY,TheBubbleGum,"Ugh.. Im tired but i don't wanna go to bed  btw, 17 Again was AWESOME!  Uh.. im so bored.  Well well, i always find something to do.. XD"
0,1554464251,Sat Apr 18 17:04:01 PDT 2009,NO_QUERY,lonemat,"@PandaDementia Aww  I just seem to be getting worse  Stupid doctor wont do anything till I see specialist, which is a month away =("
0,1554526300,Sat Apr 18 17:14:13 PDT 2009,NO_QUERY,mikeconaty,@NancySeeger 1 hour(53 minutes actually) from 85th to 33rd  ah well it's only Sat nite... Crushed the mtg 
0,1555986867,Sat Apr 18 21:17:07 PDT 2009,NO_QUERY,SRJoslin,"sick again...    Quote:&quot;I'm sick Sophie!!!...make me feel better! now, or I'll bite you&quot;-nick Jonas everyone  "
0,1556013984,Sat Apr 18 21:22:13 PDT 2009,NO_QUERY,pcp071098,@mobilebitch  Ooops.. I had a bug   But I fixed it..    Try that tiny URL again..
0,1556014795,Sat Apr 18 21:22:23 PDT 2009,NO_QUERY,pcp071098,@Rahellah  Ooops.. I had a bug   But I fixed it..    Try that tiny URL again..
0,1556015692,Sat Apr 18 21:22:34 PDT 2009,NO_QUERY,pcp071098,@BigChat  Ooops.. I had a bug   But I fixed it..    Try that tiny URL again..
0,1556216410,Sat Apr 18 22:01:59 PDT 2009,NO_QUERY,geeisthenewcool,@mcrfash1  but its okay cuz i can get it at wal mart 
0,1556265511,Sat Apr 18 22:12:05 PDT 2009,NO_QUERY,prixchk280,went to the mall and had dinner out yay  tori-sorry vegas is hating you  it hates me too. laur-ooh smoothie sounds good ;D
0,1556266702,Sat Apr 18 22:12:19 PDT 2009,NO_QUERY,Camera_shy89,Sry i have neglected Twitter  i feel bad! works been crazy but im on now 
0,1556267135,Sat Apr 18 22:12:27 PDT 2009,NO_QUERY,banerch,@meladiaz HAHAHAHAHA! ) i miss you toooooo!  i have kwentooo!  i'll tell you next time we see each other. :&gt;
0,1556402800,Sat Apr 18 22:42:07 PDT 2009,NO_QUERY,StormClaudi,"@IzzyJ_Is_Here haha yayyy! aw, lady i really hope you're not sad. that's no fun  just listen to calle ocho and dance dance dance! "
0,1556571114,Sat Apr 18 23:22:47 PDT 2009,NO_QUERY,Kikirowr,This little tree is tiiiiired  25's (and dealing with stupid people) tomorrow and then finishing 10s monday! Raiding every nice 
0,1556627859,Sat Apr 18 23:37:35 PDT 2009,NO_QUERY,emily_jeanne,is super worn out! but had an amazing time!!  i'm really sad it's over. 
0,1556859683,Sun Apr 19 00:42:19 PDT 2009,NO_QUERY,iVAcash,"@badassyella u kno how yu b 4getn bot a nigga an shit  don't worry tho,yu gon see a whollleee lot of me soon "
0,1556895532,Sun Apr 19 00:53:24 PDT 2009,NO_QUERY,SweetestSin_S,goodmorning everyone.. jeeej  my granny is coming from surinam after 5 months.. missed her 
0,1556925184,Sun Apr 19 01:02:39 PDT 2009,NO_QUERY,KahniCupcake,just woke up. about to go see my friends play a football game (soccer)  it's early 
0,1556925344,Sun Apr 19 01:02:42 PDT 2009,NO_QUERY,Spitphyre,@LimeIce i told yoooo... and i asked you for ur number as well  but pictures comminup this week 
0,1557063069,Sun Apr 19 01:48:29 PDT 2009,NO_QUERY,HannahTheresa,Urgh moaning at ma as she woke me up early again  so tired but tellison were fantastic  I wish alex was there though.
0,1557203543,Sun Apr 19 02:37:45 PDT 2009,NO_QUERY,fjkeogh,@MANDY_EMMERSON me to but cannot anymore  have a good one 
0,1557219760,Sun Apr 19 02:43:50 PDT 2009,NO_QUERY,fjkeogh,@marginatasnaily is that yeah right good idea  or yeah rite   ?
0,1557255373,Sun Apr 19 02:57:41 PDT 2009,NO_QUERY,Greg4271,Sunny Day  ...and back to work tomorrow 
0,1557272011,Sun Apr 19 03:03:47 PDT 2009,NO_QUERY,Meryl_F,Portable cd player decided to give up the ghost just days before our holiday  Frantic search on amazon last night for replacement 
0,1557323481,Sun Apr 19 03:23:55 PDT 2009,NO_QUERY,div2994,"@30STMWithJared ah that sucks  just going out now, I'll be on in a bit  x"
0,1557334906,Sun Apr 19 03:28:19 PDT 2009,NO_QUERY,clarexsaula,@ItsAnitaBitch Hahah aww!  i have to buy some new winter pjs soon.. i was looking at some today from Target 
0,1557375700,Sun Apr 19 03:43:55 PDT 2009,NO_QUERY,jasminekpk,Just got my laptop!  But I have to re-install EVERYTHING back  Gonna take a while.
0,1557697500,Sun Apr 19 05:33:55 PDT 2009,NO_QUERY,Dee_Staack,"@Iwillbot You're so cute  I love you, i tried to learn piano because i was inspired by you, but i gave up  but i now play guitar .Yay "
0,1557746288,Sun Apr 19 05:48:34 PDT 2009,NO_QUERY,Jayy008,Has just woke up and come straight on here Lol  Got alot to do today before I go back to college tomorrow  xxxxxxx
0,1557859971,Sun Apr 19 06:19:30 PDT 2009,NO_QUERY,GodsGrrrl777,Woke up late  dnt think i will make it to sunday school...but last nite was amazin  i gotta t shirt 
0,1557900172,Sun Apr 19 06:29:40 PDT 2009,NO_QUERY,Charlotte_H_,I wish 16-year-olds could legally drive in Germany  I really could use that right now! Doing some Math in my bed 
0,1557981056,Sun Apr 19 06:49:18 PDT 2009,NO_QUERY,gossipgirl80,@Zofia_C  total sham if you ask me.. the whole race  Am gitted by the result 
0,1558705370,Sun Apr 19 09:10:01 PDT 2009,NO_QUERY,edson_v,At work.   But at least Shogun won  
0,1558706926,Sun Apr 19 09:10:16 PDT 2009,NO_QUERY,HEYtasha,watching law &amp; order c.i marathon. i woke up at 9am to a yummy bagel.  movies later. school tomorrow 
0,1558707006,Sun Apr 19 09:10:17 PDT 2009,NO_QUERY,AmberLovesNKOTB,"@AishaNH Yea kinda, its just a 102 fever headache stomachache thing  but it seems to only last 24 hours  They are both better now."
0,1558822301,Sun Apr 19 09:29:58 PDT 2009,NO_QUERY,shezaw16,is really fed up of her awful skin now...i hate eczema  but looking very forward to Alton Towers tomorow!!! 
0,1558883884,Sun Apr 19 09:40:09 PDT 2009,NO_QUERY,Ielsieh,"finished dinner, dude i have 1 poem to make  i cant do that. 0.o help me? "
0,1559258150,Sun Apr 19 10:40:33 PDT 2009,NO_QUERY,mareenshere,@MussoMitchel i know you're busy replying.. but I wrote to you the last few days and you never once answered me  don't ya like me? 
0,1559386978,Sun Apr 19 11:00:24 PDT 2009,NO_QUERY,pratik_shah,@mayureshnirhali for personal use I always use safari  but our product supports only IE 
0,1559387637,Sun Apr 19 11:00:29 PDT 2009,NO_QUERY,Helen_hsd,I am actually good at cooking pancakes!  I think I should be a chef ;] (N) School tomorrow...it's going to be seriously boring 
0,1559482691,Sun Apr 19 11:15:27 PDT 2009,NO_QUERY,moxmallow,"Last day of spring break   Heading off to Venice Beach around 2:00, though, which should be fun! "
0,1559677867,Sun Apr 19 11:46:06 PDT 2009,NO_QUERY,Bee_Runs,"@fashionrunner Me, me  I did 6.5 miles this morning, and what's new? the wind is back  so I just ran a bit slower today."
0,1559842829,Sun Apr 19 12:11:17 PDT 2009,NO_QUERY,DaphneDuck14,school sucks!!  feels great to return to volleyball practice  GILAD IS STILL ALIVE!!! 1029 DAYS HE'S NOT HOME!!!
0,1559940257,Sun Apr 19 12:26:19 PDT 2009,NO_QUERY,Carebear957,I had nachos for lunch! Bought some songs from Hannah Montana soundtrack and Jennette's single. Rocking out!  Then back to homework. 
0,1559972547,Sun Apr 19 12:31:13 PDT 2009,NO_QUERY,butterflymind,Just bopping in the kitchen to Human League's Greatest Hits on the iPod. I almost feel young again  Kids thought I was having a fit 
0,1563447170,Sun Apr 19 22:52:30 PDT 2009,NO_QUERY,PresleyKristen,I want to be on vacation so bad  Bring on the sun &amp; the beachhhh! 
0,1563536334,Sun Apr 19 23:12:52 PDT 2009,NO_QUERY,Chpood,"School  I'm too tired and I've got work to do for drama like making programmes which should have aready been done, oops "
0,1563537620,Sun Apr 19 23:13:09 PDT 2009,NO_QUERY,KelzzzD,Obsessed with Chelsea Lately !!    &amp;&amp; i cant upload a pic 
0,1563598692,Sun Apr 19 23:27:51 PDT 2009,NO_QUERY,AssetsHKG,done nooo work  not good...maybe tomorrow 
0,1563620966,Sun Apr 19 23:33:08 PDT 2009,NO_QUERY,HildeM_EN,"@marsgirl86 Nope hun, can't make it    Have to be at work Monday morning, oh well, maybe a trip to the US later this year ;)  have fun "
0,1563681287,Sun Apr 19 23:48:12 PDT 2009,NO_QUERY,deeplove1990,RIP granny  and i work today 
0,1563756894,Mon Apr 20 00:07:50 PDT 2009,NO_QUERY,SuButcher,Morning  Bus replacement services today 
0,1563849293,Mon Apr 20 00:32:53 PDT 2009,NO_QUERY,Hujamajahaja,@tommcfly Back to the future!!  And have a great tour! Shame I can't come see you. 
0,1563883273,Mon Apr 20 00:42:27 PDT 2009,NO_QUERY,raquelramosx,On my way to school in about less than and hour  i don;t like school seein' as i dint do my coursework mwahahahahha! 
0,1563902822,Mon Apr 20 00:47:57 PDT 2009,NO_QUERY,saaam_,"@Emzy_Chica ohh thank you (: i know she is defo there on thursday, shes playing in the apple store, but i can't go that day  lol thanks "
0,1564007269,Mon Apr 20 01:18:05 PDT 2009,NO_QUERY,Roebaggs,@WildPaw Morning  on BGT this guy was doing a handstand push up while doing an inverse sword swallowing trick and he seemed to slip 
0,1564057205,Mon Apr 20 01:33:02 PDT 2009,NO_QUERY,RobinMLC,omg I love my new car - wish I could keep my old one too   The driveway looks awesome with 2 E30's parked on it! 
0,1564137233,Mon Apr 20 01:58:02 PDT 2009,NO_QUERY,Pablo_1994,is in school  But they haven't blocked twitter yet ;) ;p he he Can't wait for Diana's album!! 
0,1564171254,Mon Apr 20 02:08:19 PDT 2009,NO_QUERY,browneyedliz,"@LegoYoda Nope, got to 81, the progress is slow  but it's totally addictive &amp; I love it "
0,1564185092,Mon Apr 20 02:12:32 PDT 2009,NO_QUERY,RascalMurray,I love rolling in fax poo !   Don't think Daddy was too impressed though 
0,1564349554,Mon Apr 20 03:03:12 PDT 2009,NO_QUERY,leewaters,"@monkeysean89 @qmuser You guys are too nice.  If I could justify @AngryPuppy, I'd reactivate, but I don't want to put out more noise. "
0,1564351383,Mon Apr 20 03:03:47 PDT 2009,NO_QUERY,jaydriscoll88,"What a lovely day!! Shame I'm stuck inside working  on the up side, Sam's back today "
0,1564351504,Mon Apr 20 03:03:49 PDT 2009,NO_QUERY,HayleyBee1,Hey! Last long lie till sunday  lol.  Revision today since ive not done any yet and my first prelim is in 15 days :S :O. Lmao 
0,1564416992,Mon Apr 20 03:23:32 PDT 2009,NO_QUERY,Paul_Berney,"Throwing up all night, dammitt  Feeling good now though  How about those sucky soap awards? Nobody who deserves to win ever does "
0,1564469124,Mon Apr 20 03:38:22 PDT 2009,NO_QUERY,soniaahlu,watching my favorite movie- the prince of egypt  and studying microbio 
0,1564471002,Mon Apr 20 03:38:55 PDT 2009,NO_QUERY,soniaahlu,watching the prince of egypt  and studying microbio 
0,1564543229,Mon Apr 20 03:58:43 PDT 2009,NO_QUERY,JoceyyBee,@kaliie you sure? I can if you want to  BECAUSE I WANT TO. and lol fish? fish it actually really healthy silly  its good for you so eat
0,1564585618,Mon Apr 20 04:09:14 PDT 2009,NO_QUERY,SeeTheSunInMe,"Hmm , .. the singing practise was canceled today  . But i got home earlier !  . Also , gonna get a bad bad grade on the math test..:/"
0,1564622764,Mon Apr 20 04:18:29 PDT 2009,NO_QUERY,MichaelBarley,@Dunkndisorderly nope  you are just a Twitter magnet 
0,1564756850,Mon Apr 20 04:48:59 PDT 2009,NO_QUERY,Ems92,@McKatrine cool  send me a message   well i g2g now xD leaving my mac now   we can text instead xD
0,1564856845,Mon Apr 20 05:09:31 PDT 2009,NO_QUERY,SophhBabe,is home from school ... ill                       very'bored'to'be'honest'' :@ someonee signn up for thiis plz !! 
0,1564961335,Mon Apr 20 05:29:31 PDT 2009,NO_QUERY,MichaelSloger,Counting down the days left of high school.  11.5 to go.  not sure if  or 
0,1565166320,Mon Apr 20 06:04:33 PDT 2009,NO_QUERY,jtjazz,@goodenufmother  Oh yeah and they found it two days after my jazz show.  Ticked me off!!!    But I'm okay now   Good luck!
0,1565465591,Mon Apr 20 06:49:24 PDT 2009,NO_QUERY,xedays,"@jeorgina Whoops, hit ENTER. Hating the fact I'm going to have a check-up on my bloody fingers later.  They are alive. "
0,1565502342,Mon Apr 20 06:54:40 PDT 2009,NO_QUERY,dancing_echoes,"@antheia awesome! unfortunately i can't even watch game 4.   so, keep me in the loop for game 5 or round 2! "
0,1565799070,Mon Apr 20 07:34:42 PDT 2009,NO_QUERY,rdawkins,Finally awake. Gotta work 2:30-7:30  Happy 4/20 
0,1565800912,Mon Apr 20 07:34:55 PDT 2009,NO_QUERY,danjordan,@strange_idol Can't make Leicester one  Seeing them in Brighton instead  Gonna try to catch a few others too...
0,1572982605,Mon Apr 20 23:15:36 PDT 2009,NO_QUERY,Luluthi,"is going to grab a nice, hot cup of coffee  Unfortunately, I have to go out in the cold to get it "
0,1573211875,Tue Apr 21 00:10:20 PDT 2009,NO_QUERY,kimmywhite,@spoiled_127 aww I'm sorry   that sucks...at least you got to see him 
0,1573292577,Tue Apr 21 00:31:01 PDT 2009,NO_QUERY,Krissy_xx,So sleepy! It's gonna be a long day today aswell  oh well nearly the weekend 
0,1573328877,Tue Apr 21 00:40:39 PDT 2009,NO_QUERY,luvdopeish,perfectly blind.. perfectly bliiiind. this song is stuck n my head  side note insomnia is a bitch  i got class n the morning
0,1573458997,Tue Apr 21 01:16:04 PDT 2009,NO_QUERY,Caity2709,i have nothing to twitter about  listening to Taylor Swift  xx
0,1573751209,Tue Apr 21 02:41:06 PDT 2009,NO_QUERY,keanalois,I'm learning to love this summer. Haha  And I'm afraid it's going to end in a snap 
0,1573912607,Tue Apr 21 03:26:39 PDT 2009,NO_QUERY,ellie_nor,"Bella has squits again   Weather, however, is lovely "
0,1573968088,Tue Apr 21 03:41:46 PDT 2009,NO_QUERY,garry1bowie,@Karen230683 That's a pity  I'll try &amp; send you a wee photo to cheer you up 
0,1574047516,Tue Apr 21 04:01:59 PDT 2009,NO_QUERY,amanduhhL,"Oh man, what a day. Fighting w/ your boyfriend isn't fun  But it's all good now. "
0,1676031478,Fri May 01 20:55:28 PDT 2009,NO_QUERY,marshymiffy,@teamdangerrr DANG! I WOULD FORGET TO COME ON TWITTER EVERDAY  i should make twitter my home page  LOL!
0,1676160753,Fri May 01 21:15:30 PDT 2009,NO_QUERY,littletigr,@aneetasee no not after that plane ticket  BUT I'm super excited to see the fam after three years 
0,1676194202,Fri May 01 21:20:56 PDT 2009,NO_QUERY,Taylor13Fan,@ddlovato haha that pic u drew was AWESOME! I would be scared about the flu too  b careful! Stay healthy...I love ur music  Thx so much
0,1676311044,Fri May 01 21:40:34 PDT 2009,NO_QUERY,shaetia,"Sometimes I miss being in musicals  Grease is on VH1, made me reminiscent of when I was Rizzo "
0,1676399468,Fri May 01 21:56:06 PDT 2009,NO_QUERY,ForFun808,"So the ClipCritics made a video response to my impressions video   But its on private, I heard their video got flagged "
0,1676738793,Fri May 01 23:01:23 PDT 2009,NO_QUERY,kec1184,I'm missing my babycakes   I'm off to bed.  Can't wait for him to call me in 5 hours to wake me up so we can talk before i go to work! 
0,1676912863,Fri May 01 23:41:09 PDT 2009,NO_QUERY,TheMarsFactory,"@TomosBeard Yeah, you're right. Poor you  But we'll start an army to protect you!  - btw, you forgot the &quot;@&quot;"
0,1676971731,Fri May 01 23:55:44 PDT 2009,NO_QUERY,OscarDelaHopia,"@marklaguna I'm a Kapuso, so I kinda know what it is, though i'm not sure. But I think I'm right.  you didn't played my request kanina "
0,1677150295,Sat May 02 00:40:45 PDT 2009,NO_QUERY,janetfdrake,"Another fab day   Looking forward to meeting up with the Wadhurst Runners tonight, their annual dinner - I miss the club "
0,1677394900,Sat May 02 01:51:21 PDT 2009,NO_QUERY,Laraine09,@tommcfly Mmmm im starving and stuck at work   if Tom tour man is with you i have just text him say hi to him it will be so funny  x
0,1677444411,Sat May 02 02:06:29 PDT 2009,NO_QUERY,kasey79,"@DannyGirlAlways Ok I still feel kind of bad though  I will make it up to you later on, on here  I promise!!"
0,1677474818,Sat May 02 02:16:14 PDT 2009,NO_QUERY,JamesRaee,watching MTV I'm so bored nothing goods coming on  ohh wait poker face just came on  wooow what's is everyone doingg ?
0,1677505048,Sat May 02 02:26:14 PDT 2009,NO_QUERY,Bruno108,@Sar76 i know!  did u watch the pics i posted yesterday?i went 2 the beach 
0,1677550509,Sat May 02 02:41:14 PDT 2009,NO_QUERY,vonniex0x0,about to watch dont mess with zohan  i cant sleep 
0,1677642549,Sat May 02 03:11:33 PDT 2009,NO_QUERY,torilovesbradie,@charlii1 awwww they are lovely  i wish i had an older brother  anyways...mum liked my skirt! haha xx
0,1677644051,Sat May 02 03:12:03 PDT 2009,NO_QUERY,JAYv2,Morning all. Just out of the shower having coffee! Am on call this morning so have really been awake since 8am  Nice day tho 
0,1677844398,Sat May 02 04:17:26 PDT 2009,NO_QUERY,Nienerd,"Where did the sun go?  Oh well, it's still nice outside! "
0,1677906870,Sat May 02 04:36:40 PDT 2009,NO_QUERY,CallieD,Last football match of the season  but we did the whole spray champagne thing which was cool 
0,1677958804,Sat May 02 04:52:06 PDT 2009,NO_QUERY,_maisy,@lil_stephanie coz im sad  WHOS THE GUY YOU MIGHT FALL IN LOVE WITH? 
0,1678051317,Sat May 02 05:16:59 PDT 2009,NO_QUERY,CialT90,@ailberry Uni year one nearly up?  just othello essay to do..al nighter for the crack this week? xoxo 
0,1678216096,Sat May 02 05:57:07 PDT 2009,NO_QUERY,DLDAVID,@Anne_A4L @nesquicus @annyo84 awesome! ramble tweeting lol   n yup i bet jeff was the next best thing. bummed i din meet him 
0,1678361346,Sat May 02 06:27:28 PDT 2009,NO_QUERY,5freakinfriends,bout to upload Saturdays vid  ...btw it sucks... 
0,1678361413,Sat May 02 06:27:28 PDT 2009,NO_QUERY,woosang,@wyvernfriend its it though.....  My work bans everything. 
0,1678465176,Sat May 02 06:47:42 PDT 2009,NO_QUERY,MamaAsh,Feeling so unmotivated today  need some art in my life. . . Artomatic after my house work is done  yay
0,1678575240,Sat May 02 07:07:50 PDT 2009,NO_QUERY,Imjoan,Miss my frds  Thus just sent msg to them to express my love  xx
0,1678693526,Sat May 02 07:28:10 PDT 2009,NO_QUERY,emy_lee,getting ready to go to bush gardens. and its suppose to rain today  oh well. live life to the fullest 
0,1678755771,Sat May 02 07:38:09 PDT 2009,NO_QUERY,mcdlyse,@KrisAllenmusic Vienna has love for you and I would vote for you if I had access. As it is I can't watch it live.  love your voice. 
0,1678787038,Sat May 02 07:43:14 PDT 2009,NO_QUERY,billt,"Off to see Coraline  at a Cineworld   hey ho, once you're inside it's less horrible."
0,1679244068,Sat May 02 08:53:22 PDT 2009,NO_QUERY,Belongwithme,Have to stay inside  yay how fun 
0,1679949786,Sat May 02 10:33:16 PDT 2009,NO_QUERY,shaunarawrr_x,@Jonasbrothers i can't watch JONAS 'cause im in ireland  give me an early birthay shout out please? 
0,1679950779,Sat May 02 10:33:24 PDT 2009,NO_QUERY,MiSS_BRiTT87,Gonna go SHOPPING  the weather SUCKS today 
0,1679985789,Sat May 02 10:38:18 PDT 2009,NO_QUERY,AjGaunt,"@yjlovesjj I dno diff release dates in the U.K i thinks,i'll just have to wait a little longer  and thnx, you toooo "
0,1680348673,Sat May 02 11:28:32 PDT 2009,NO_QUERY,JamesProps,I'm off to Vancouver to hang out while my better half works.  I'll make the best of it. 
0,1680738980,Sat May 02 12:22:56 PDT 2009,NO_QUERY,JessEddiewards,watching britains got talent  i wanna be on there 
0,1680883599,Sat May 02 12:43:04 PDT 2009,NO_QUERY,qostid92,got ma internet bak  but dobbs has apparently signed for swansea  and we got humped so an inbetween day
0,1684849365,Sat May 02 22:14:12 PDT 2009,NO_QUERY,thebruce0,"Man... seeing all these tweets from everyone at @dasro_kast's wedding... while the occasion is  I'm all   I'm there in spirit, really!"
0,1685080502,Sat May 02 22:59:53 PDT 2009,NO_QUERY,michiepants,"@simplychaoticxx: Bummer.   Well, let me know your schedule when you can. I'm free pretty much all the time for the next little while "
0,1685173430,Sat May 02 23:19:37 PDT 2009,NO_QUERY,ninz_0214,"is home na  whew, Subic was fun (lol) wasn't to able to go to the beach though..  http://plurk.com/p/rhmao"
0,1685304801,Sat May 02 23:50:07 PDT 2009,NO_QUERY,lizwoolly,time to go to work  but day off tomorow 
0,1685326375,Sat May 02 23:55:17 PDT 2009,NO_QUERY,MiDesfileNegro,@emoisforluvers whole shelf!  oh and blood starts after 90 seconds. Fast forward to it 
0,1685502710,Sun May 03 00:40:47 PDT 2009,NO_QUERY,attilafarkas1,got up. Hey everyone! Whats up? I wanna go to amusement park!!!   niceday
0,1685591437,Sun May 03 01:05:53 PDT 2009,NO_QUERY,actuaria,@monkeymagicstu I can't seem to reply directly to direct messages  I fly from Stapleford.  Back again today 
0,1685678230,Sun May 03 01:31:19 PDT 2009,NO_QUERY,LAURENpoynter,"@tommcfly Ahhh, I tried. But it didn't work..  I'm knackered... but I'm seeing you guys on Tuesday, so I'm HAPPY HAPPY HAPPY  xxx"
0,1685709994,Sun May 03 01:40:54 PDT 2009,NO_QUERY,evAllTimeLow,"Wow, we have a familyof touch screens at home now =P Im getting my nano back  but I won't have the itouch nemore "
0,1685822901,Sun May 03 02:15:58 PDT 2009,NO_QUERY,Ahsoka82,trying to get along with Twitter  why I'm doing this? 
0,1685873111,Sun May 03 02:32:02 PDT 2009,NO_QUERY,Graham_Brown_,@FionaKyle  Tom sauce for me  The whole salt thing must be minefield for you 
0,1685889329,Sun May 03 02:37:08 PDT 2009,NO_QUERY,Leooniex3,sitting at home the whole morning  but i'll go for a walk with my best friend and her dogs later 
0,1685904327,Sun May 03 02:42:04 PDT 2009,NO_QUERY,Sandypop,@gillianre shoppings good though isn't it??? I'm planning on mowing the lawn  oh and buying some fish for my little pond. 
0,1686011814,Sun May 03 03:16:50 PDT 2009,NO_QUERY,FletcherXo,Watching T4  missed some of it stupid alarm didnt fo off 
0,1686057567,Sun May 03 03:31:58 PDT 2009,NO_QUERY,xoxmillyxox,@shaundiviney i won't b able to see it till tomorrow! gah!  pleeeeeaaaseeee tell!! i'll keep it a secret! 
0,1686075476,Sun May 03 03:37:36 PDT 2009,NO_QUERY,PsychedelicBabe,@rdelizo35 i misplaced the link  hit it past me again and ill go and look 
0,1686136877,Sun May 03 03:57:23 PDT 2009,NO_QUERY,FABFLAV,@iPenginBrijhe I thought I replied  booo me!!!! U come here to visit me and I will visit u there ;) 
0,1686168776,Sun May 03 04:07:27 PDT 2009,NO_QUERY,ilanacharnelle,Long walk home in the dark  remedied by the making of a double batch of chocolate brownies 
0,1686187124,Sun May 03 04:13:16 PDT 2009,NO_QUERY,rowan__,"@Mrs_Trace_Cyrus im okay sore belly  , yeah ive done my hair and make-up but still in my jammies to lol  xxx been uptoo much ?"
0,1686202212,Sun May 03 04:18:04 PDT 2009,NO_QUERY,absolut_tommy,merlin isnt as good as everyone wanted it to be  but maybe the second ep will do it justice 
0,1686371908,Sun May 03 05:08:04 PDT 2009,NO_QUERY,Kaycheer27,cheerleading competition on saturday  i have bad back pain 
0,1686488984,Sun May 03 05:39:01 PDT 2009,NO_QUERY,xrudyx,Is hopeing some of his friends get him cool shirts since he couldnt #bamboozle it like all them  ps fob. Nfg. tc!Tbs. Allong them lines 
0,1686510726,Sun May 03 05:44:16 PDT 2009,NO_QUERY,stephanie_008,@emmaclairesmyth aww i'm sure your going to miss them  Good excuse for you to go on another holiday over to New York though 
0,1686528386,Sun May 03 05:48:37 PDT 2009,NO_QUERY,adyota,"had a beauty sleep day  ugh tomorrows monday, so not ready "
0,1686549205,Sun May 03 05:53:33 PDT 2009,NO_QUERY,yellowsmoke,"not getting laptop today  however just bought it one amazon instead, and daddy bought me 3 books as well to compensate "
0,1686572934,Sun May 03 05:59:14 PDT 2009,NO_QUERY,BlazingAmy,oh and i cant wait for friday  hope i get there in time to atleast get nearish the front.  we'll bound to be near the back though 
0,1686827603,Sun May 03 06:54:40 PDT 2009,NO_QUERY,kellynnchan,"@toeslaughter is busy studying and she can't chat with me  It's alright since she's studying. All the best, bitch!  You can do it!"
0,1686851523,Sun May 03 06:59:33 PDT 2009,NO_QUERY,StiligeCecilie,Tummy hurts  Good thing mom's cooking today! 
0,1686879242,Sun May 03 07:04:58 PDT 2009,NO_QUERY,hughurl,the p-a-r-t-y is finish  NO! yet it was fun 
0,1687043088,Sun May 03 07:35:40 PDT 2009,NO_QUERY,maddisondesigns,"@Ottimisvico Nuts!!  ...and unfortunately, it's usually too hard to hide because of the smell   Ah well, there's always chocolate "
0,1687630113,Sun May 03 09:11:42 PDT 2009,NO_QUERY,raeraeverret,"Shreveport this week for 311, NOLA next week for Wills wedding...ahhh, time away from manager mode!  now off to manager mode "
0,1687936214,Sun May 03 09:57:13 PDT 2009,NO_QUERY,BellaBeautii,&amp;&amp; my throat hurts ehh :-/... I dnt want to be sick  ... Excited about tonite.. Much needed... 
0,1687973600,Sun May 03 10:02:26 PDT 2009,NO_QUERY,thepurplehawk,@boxOFjuice yeah.  Oh going to sleep liao? Night night. 
0,1688009765,Sun May 03 10:07:32 PDT 2009,NO_QUERY,AceMas21,@Emma300 I haven't  Thanks for the offer tho  I will check Amazon they are usually really good for old films
0,1688042059,Sun May 03 10:12:09 PDT 2009,NO_QUERY,DemiCO90,"Just finished work, going home to get ready to hit the town with uni mates  we've not been out together in ages "
0,1688078256,Sun May 03 10:17:16 PDT 2009,NO_QUERY,Mia_xO,Shopping Againn  Got Rong Size Shoes Tho  Goin 2 Cinrema Wit my Niece 4 HM ... Ttyl xxx
0,1690832844,Sun May 03 16:28:59 PDT 2009,NO_QUERY,EricWelander,work work work  and procrastinating with twitter 
0,1690908358,Sun May 03 16:39:18 PDT 2009,NO_QUERY,Joeysmiles,@ilyriley no school either today  Except I feel sickies 
0,1690943735,Sun May 03 16:44:10 PDT 2009,NO_QUERY,Twinzcuties1992,@kend_ohh  okay  that's good! oh and you missed an AMAZING concert last night. i wish you were with us 
0,1691743313,Sun May 03 18:31:01 PDT 2009,NO_QUERY,Lynn330,@niallok yep  but time for rounds now 
0,1691784756,Sun May 03 18:36:12 PDT 2009,NO_QUERY,_Sandra_Miller_,Finishing up a quick break-a-roo  Hyper from cold meds -  - Means no decent sleep tonight as it is bed-time now!  LOL!
0,1692097242,Sun May 03 19:16:13 PDT 2009,NO_QUERY,sebby_peek,"@amazingphoebe i emailed you baby  eeek, i'll call you tonight yes "
0,1692333211,Sun May 03 19:46:14 PDT 2009,NO_QUERY,eightbitss,"@panacea81 ohh, nice  i'm cuorious. now it's time for me to sleep, school in 8 hours  nighy nigh, talk 2 you soon "
0,1692958043,Sun May 03 21:11:51 PDT 2009,NO_QUERY,HeyCameron,"@despairxfactor He's my newest one  The other two are rescues, they're previous owner beat them  (Dum Dum is only 3 months in that pic)"
0,1693178113,Sun May 03 21:46:51 PDT 2009,NO_QUERY,TwilightilDawn,@meghannian  Sorry yes I was a little frustrated for being blocked  oh well tomorrow will be a better day  Good night
0,1693267481,Sun May 03 22:02:00 PDT 2009,NO_QUERY,khouryrt,"@sloanb all's fine in Dotsisx-land  Lab, lab, lab. Some blogging, some sleep, some food. My ankle is hurting though now "
0,1693296416,Sun May 03 22:07:07 PDT 2009,NO_QUERY,MizzSnickerzxo,I Am The Biggest Idiot EVAH. It Was Under MY Butt. Kennedy Is Laughing Her Ass Off  Jk.  Meh Feels In The Mood To Read&amp;Write.Peaceee. 
0,1693559513,Sun May 03 22:57:15 PDT 2009,NO_QUERY,_Unica_,Sweeeet Sunday..nighty night  ohh and uh no $$ left. 
0,1693653575,Sun May 03 23:16:58 PDT 2009,NO_QUERY,qiqi_chan,"Headache too. Plus the renovation noises upstairs is killing me  Anyway, Bali pictures are all uploaded to Facebook. Total of 355 pics "
0,1693676870,Sun May 03 23:22:07 PDT 2009,NO_QUERY,meldrum83,@happyhammer66  yip!! typical bank holiday weather lol alright for some getting to sneak off early  at least i get [aid alot today 
0,1693896863,Mon May 04 00:12:34 PDT 2009,NO_QUERY,butterfly4756,Is finally in bed hair looks amazing gotta look good for my dreams ;) never know who will be in them  Jermy on one knee...ok maybe not 
0,1693937588,Mon May 04 00:22:41 PDT 2009,NO_QUERY,franzne,@DavidArchie please make my day..  hope you could reply just a simple &quot;hi&quot;. i would totally be happy for the rest of the year. 
0,1694107135,Mon May 04 01:06:58 PDT 2009,NO_QUERY,26Neil,: I love camp fires  I just wish the kids would try a bit harder to sing along 
0,1694108124,Mon May 04 01:07:14 PDT 2009,NO_QUERY,eBlondie,"it's raining here  i'm stuck inside working today so i'd probably be peed off if it was sunny outside, i'm now ok with the rain "
0,1694145120,Mon May 04 01:17:26 PDT 2009,NO_QUERY,vas_popovski,Well. . . the beginning of a new week and guess where I am. . . at the office  4more days till Friday. . .    
0,1694162390,Mon May 04 01:21:59 PDT 2009,NO_QUERY,vickytnz,"OK, a few days old, but I love @armarno's diagram of the mainstream adoption curve http://is.gd/ufIg . &quot;Everyone is doing it&quot;   ...  !"
0,1694163210,Mon May 04 01:22:12 PDT 2009,NO_QUERY,atomicgirl,And the sun is back up again.  Could we have more of the kind of weather we had last January and February? I like jackets. 
0,1694200876,Mon May 04 01:32:11 PDT 2009,NO_QUERY,miss_mallinson,"me 10 - 630, andrew 8 - 4. No idea about the rest, I think it was Ben and Princeton which could be fun  lol I'm going to be late "
0,1694294199,Mon May 04 01:58:11 PDT 2009,NO_QUERY,JODPOD,Great long-weekend so far   Going for a run now - no Judo tonight  Then off to Blue Water for some &quot;Retail Therapy&quot;
0,1694311534,Mon May 04 02:02:41 PDT 2009,NO_QUERY,MattJarryAstley,"Its a real shame that its not nice and sunny outside, it would of been nice to have another BBQ  NVM.... "
0,1694400230,Mon May 04 02:27:23 PDT 2009,NO_QUERY,unwritten_99,@RubyRose1 you must love sydney more  dont leave us sydney kids  xx
0,1694473633,Mon May 04 02:47:25 PDT 2009,NO_QUERY,ithappenedin91,@david_henrie http://twitpic.com/4jbsq - looks so good!!  i want one!! 
0,1694552475,Mon May 04 03:08:26 PDT 2009,NO_QUERY,Roxanne1977,"@alandavies1 Raining in Belfast too - and I promised myself I would clean my windows today.  Back to bed, then! "
0,1694607515,Mon May 04 03:23:09 PDT 2009,NO_QUERY,measured,"@patently and yes, I have seen your comment and yes, I did have the right answer.  I'll get over it. "
0,1694628019,Mon May 04 03:28:25 PDT 2009,NO_QUERY,Piewacket1,@Vixster25 Internet 1 drawing 0 ....damn I'm backing up blackberry files which could take hours  then to the drawing preps done 
0,1694859674,Mon May 04 04:23:42 PDT 2009,NO_QUERY,dontknowaskjoe,@Ashika_Sunshine  I figured that... But I ended up taking my cousin to work in the Rain anyway...    But hit me up 
0,1695001901,Mon May 04 04:53:16 PDT 2009,NO_QUERY,Meliciousx3,got an A in english again  yay..  but a D- in maths 
0,1695054186,Mon May 04 05:03:19 PDT 2009,NO_QUERY,Amyoleary1,@Rhonddalad yeah hun it was a good night  my ankile is even more fucked now tho 
0,1695376423,Mon May 04 05:58:58 PDT 2009,NO_QUERY,weecoco,Oh joy I've to open the changing rooms tomorow  well maybe it will let me catch up on my Reading at least 
0,1695580282,Mon May 04 06:28:48 PDT 2009,NO_QUERY,iAmMouse,"Just got out the shower, Sitting on my towel  I Hate TwitterBerry I Can't Reply To Tweets "
0,1695803324,Mon May 04 06:59:01 PDT 2009,NO_QUERY,raihanamcfly,@DavidArchie MCFLY?!!  Aren't they the best band ever? I wish I were there to watch the concert. Singapore isn't a place they'd tour. 
0,1695884585,Mon May 04 07:09:34 PDT 2009,NO_QUERY,PaulHarriott,"@mcherrywv Yes I know  as my school reports would say 'must do much better' Ah well, just in time huh  http://myloc.me/tHq"
0,1695924879,Mon May 04 07:14:47 PDT 2009,NO_QUERY,nisaho,"@raihanamcfly LOL! salivary gland?? frm those little flies?? no way!  alison=drama queen  oh no, ur brain hurts? a new brain is growing!"
0,1695964314,Mon May 04 07:19:44 PDT 2009,NO_QUERY,svanakei,@mileycyrus http://twitpic.com/4fzo7 - you both have so beatiful eyes  i wanna have them 
0,1751919256,Sat May 09 20:36:06 PDT 2009,NO_QUERY,bakerboy864,whoops...  not  in my last tweet
0,1752322414,Sat May 09 21:36:37 PDT 2009,NO_QUERY,mytimeishere,@TheWayIRoll HIII!!!!  i've missed you  just bored....what about u?
0,1752322579,Sat May 09 21:36:39 PDT 2009,NO_QUERY,brantim,@rustycoon Edgefest!  or maybe  since you're driving...
0,1752382859,Sat May 09 21:46:22 PDT 2009,NO_QUERY,nabejero,@AlohaZen do u hav a garden? bunny probs r decidedly uncool.   thanks 4d link! 
0,1752414405,Sat May 09 21:51:34 PDT 2009,NO_QUERY,chloeyeh27,"tired and didn't really have an exciting Saturday.  oh well, hope it's better tomorrow.  "
0,1752800292,Sat May 09 23:02:01 PDT 2009,NO_QUERY,Claire_inLaPush,@Bella_in_Forks ::static:: I know! I've barely seen anyone since I got into Paris yesterday.  I've just been walking around.  ::static::
0,1753050282,Sat May 09 23:56:35 PDT 2009,NO_QUERY,droidgeek,"ok twitter fam.. my mom has plans for tmrw that dont include me  but i still have errands to run in the early morn, so nighty nite all "
0,1753178722,Sun May 10 00:27:20 PDT 2009,NO_QUERY,tikitik,"@disang iya, nyokap gue pernah berkata demikian  :-|  and it's so hard to share what we have"
0,1753254833,Sun May 10 00:46:52 PDT 2009,NO_QUERY,urbanfly,@shaki_sm I'll have a look. Do you live in the centre of Glasgow? I was born on Bellshill &amp; grew up in Bothwell. I miss Tunnocks pies  
0,1753257239,Sun May 10 00:47:31 PDT 2009,NO_QUERY,caityyyyyy,@anieszkaa haha i did a ltiitle bit yesterday and ive been out all day  so i think ima chick an allnighter  hahaha NOT COOL
0,1753467006,Sun May 10 01:47:01 PDT 2009,NO_QUERY,Ask_About_Brie,phone was acting crazy today so i missed all my tweeties' updates  but i fixed it 
0,1753467748,Sun May 10 01:47:15 PDT 2009,NO_QUERY,Genever,Ed is off to Cornwall with school for a week confused   + 
0,1753484725,Sun May 10 01:52:26 PDT 2009,NO_QUERY,AlexRoseDavis,Why do people have 2 be so deceitful and unreal?  But my love for Steve Jones and Channing Tatum has been renewed lol...their soo nice 
0,1753500255,Sun May 10 01:57:22 PDT 2009,NO_QUERY,ThinCasey12,@djmoonlight Yay! I dont have one  lol All of my clothes go in draws... I dont have many and I need a place for my high heel shoes 
0,1753567260,Sun May 10 02:17:15 PDT 2009,NO_QUERY,brightondoll,"sorry to hear that  It's going okay, just tweeting away  @ashleylovegood"
0,1753647102,Sun May 10 02:41:57 PDT 2009,NO_QUERY,ficklampa,"@wendy_fred6 It's REALLY cool! No, I'm on a PC now, I don't have a Mac  well I do but it's ooooooooold  I do have an iphone tho "
0,1753665900,Sun May 10 02:47:53 PDT 2009,NO_QUERY,oOclairebearOo,...and a big bag to take up as well as a rain coat. This is the bad part about having to places to live  Twitter Later  xxx
0,1753678185,Sun May 10 02:51:55 PDT 2009,NO_QUERY,BoydyxO,sunnn finnalllyyy!!  aint slept :| need some sleep 
0,1753885287,Sun May 10 03:57:33 PDT 2009,NO_QUERY,khierah,"Happy mothers day  ugh sick...school tomorrow  watched E!News, keeping up with the kardashians and dreamgirls "
0,1753919190,Sun May 10 04:07:37 PDT 2009,NO_QUERY,PoynterJones,@Tiffanta I already did that this morning   McFLY have no chance to win though 
0,1753953808,Sun May 10 04:17:39 PDT 2009,NO_QUERY,catiams,@sharlynnx me too! but i guess it wont arrive before two-five weeks  have you ordered yours? 
0,1753972152,Sun May 10 04:22:58 PDT 2009,NO_QUERY,Rachel_Jade,@thegrates How did yous like maitland? lol. I loved ur set  but i lost my necklace that my bf gave me for valentines during  take care x
0,1754079802,Sun May 10 04:53:10 PDT 2009,NO_QUERY,elenaaaaaaa,i'm dreading tomorrow. tests all day for 5 hours  hopefully my mcfly dvd will come so i can watch it after school 
0,1754137296,Sun May 10 05:07:52 PDT 2009,NO_QUERY,iterations,@tvtongeren Welcome to the club of 30somethings  to which I unfortunately don't belong any more ... 
0,1754138159,Sun May 10 05:08:05 PDT 2009,NO_QUERY,sudarvizhi,the day went  boring so far ....  i think i need a vacation again  
0,1754159542,Sun May 10 05:13:22 PDT 2009,NO_QUERY,Sheenagerrard,"@IrishLad585 Yeah going home for Summer on Thursday, need to get a job and make some money!  Enjoy your day! "
0,1754181103,Sun May 10 05:18:40 PDT 2009,NO_QUERY,little_Stargirl,@steveappleton Steeeve xD Just found out you were on german TV x) And i missed it  You gotta come back 
0,1754201012,Sun May 10 05:23:29 PDT 2009,NO_QUERY,MandyVu,"@Kryzelle15: no, i am the one who have to sorry!!    can i have ur Y!M?? so we can chat easier! "
0,1754402606,Sun May 10 06:08:48 PDT 2009,NO_QUERY,Angelicajoy,"im not jst tan ryt now..eiw..m dark &amp; my back s swollen,myt b bcuz of d salt sea water or myt b d chlorine of d pool  bt stil its FUN! "
0,1754498410,Sun May 10 06:28:45 PDT 2009,NO_QUERY,KimmiMcfly,"@jamiemcflyx no.  if they're doing arena tours in november, then I'm going! no doubt about it  you? xx"
0,1754653249,Sun May 10 06:58:39 PDT 2009,NO_QUERY,VixieManic,Hopes you feel better soon ...   You need a sexy nurse ot make you all well again....*looking for nurses outfit*.. 
0,1754909625,Sun May 10 07:44:13 PDT 2009,NO_QUERY,acousticjam1,I have a twitter account!   i have no friends though 
0,1754935972,Sun May 10 07:48:42 PDT 2009,NO_QUERY,pinkamech,Good night earthlings. Happy Mother's Day!  Its monday tommorrow &amp; school 
0,1754938910,Sun May 10 07:49:13 PDT 2009,NO_QUERY,nesquicus,"@Anne_A4L  yeah I had to see my parents  they made a sunday roast, haha..  i spent the morning with annie in cafe Nero all is well "
0,1755091325,Sun May 10 08:14:00 PDT 2009,NO_QUERY,stephanielily,"@sandyhc83   It'll be a beautiful wedding though, indoors or out, rain or no rain, because of all the love and happiness!! "
0,1755092327,Sun May 10 08:14:09 PDT 2009,NO_QUERY,ladyn307,Just ate my tasty dinner  Trying to upload a pic on this twit but keeps sayin it too big 
0,1755124712,Sun May 10 08:19:24 PDT 2009,NO_QUERY,lonemat,"@hanaames I'd like to be lazy but they keep on making me wake up at 7am  But I do get two afternoons off a week, so not quite a job "
0,1755314094,Sun May 10 08:49:13 PDT 2009,NO_QUERY,durangodawg13,@Jazzled4life whaaaat!   This is why next time I have to be there too so you both will be forced to take crazy pics.  
0,1755413167,Sun May 10 09:04:34 PDT 2009,NO_QUERY,AaronTheKaiser,is going for a run  before work! 
0,1755575461,Sun May 10 09:29:29 PDT 2009,NO_QUERY,laurennwells,sickk workk.  then grammas with the fam [including carsonn] greatt.  but happy mothers dayy 
0,1755608533,Sun May 10 09:34:25 PDT 2009,NO_QUERY,KelsiRose,@jeweljk  The Roxy...I wish!!!!!       Have fun!  
0,1755673532,Sun May 10 09:44:17 PDT 2009,NO_QUERY,RowanHeaphy,"@indiechiq ya it is! u'll turn into some celeb stalker tho! restraining order like, haha.. exams are ok, awful one 2moro  out tuesday?? "
0,1755772306,Sun May 10 09:59:21 PDT 2009,NO_QUERY,oh_btw_porscha,bleh i feel like shit again  stupid sinuses! but leaving for brunch soon with mommy and my brother yay 
0,1759125402,Sun May 10 18:31:06 PDT 2009,NO_QUERY,Tayzor,Heading back to LA from Santa Cruz!  But looking forward to Vegas next weekend! 
0,1759200224,Sun May 10 18:41:13 PDT 2009,NO_QUERY,Glossophobia,"@mclamb4life2 I went there for work experience, LOL. Well it was lovely talking to you ;) I have school soon  I hope we can talk later! "
0,1759274147,Sun May 10 18:51:11 PDT 2009,NO_QUERY,purepulse64,Up in NorCal  Bye SoCal 
0,1759348120,Sun May 10 19:01:03 PDT 2009,NO_QUERY,rachellllx,great weekend! again!  school tomorrow though 
0,1759465607,Sun May 10 19:16:20 PDT 2009,NO_QUERY,Asheyna,"@nickb Thanks for the link, sorry to hear ya feel yucky   Grats on the @alltop thing "
0,1759538921,Sun May 10 19:26:11 PDT 2009,NO_QUERY,canskates,hey!!!!  lol i dont want to go to school tomorrow!  but...... i get to wear my new clothes!!! yay!!! 
0,1759542071,Sun May 10 19:26:37 PDT 2009,NO_QUERY,wayneswan,"Well, looks like I got the numbers all wrong... again  BUT (drumroll) there's actually an extra 250 Billion to be spent before July! "
0,1759856547,Sun May 10 20:06:48 PDT 2009,NO_QUERY,Britta2,@righteousjorge i moved to lancaster  i kow far. but i like it. nothing to complain about 
0,1759967171,Sun May 10 20:21:27 PDT 2009,NO_QUERY,shainajohnson,Sitting here feeling slightly lonely ...    But talking to @SuperDuperShort !!   &lt;3
0,1770651616,Mon May 11 21:53:14 PDT 2009,NO_QUERY,xxshannen,"i didnt go to abbis dinner, i sleep all afternoon and wake up too late to go  But i did go to samanthas birthday lunch, was good though "
0,1771233276,Mon May 11 23:38:26 PDT 2009,NO_QUERY,iAM_AshleyMarie,So I was kinda feeling  but realized its all a state of mind &amp; I took @iamwaveyk advice: turn ur frown upside down! I am greaT 
0,1791602739,Wed May 13 20:35:05 PDT 2009,NO_QUERY,roughlyfamous,"Revising for Veterinary A + P exam friday  I hate exams, I love animals "
0,1791741221,Wed May 13 20:58:14 PDT 2009,NO_QUERY,twi_obsessed_xo,"#Rpattz aw, in canada.. rob's birthday is about 2 end in 3 mins  NOOOOOOOO. Well Nikki's birthday is this sunday ! "
0,1792325742,Wed May 13 22:48:44 PDT 2009,NO_QUERY,ShanaraLee,im making baked potato for tea  after i do my dishes 
0,1792769607,Thu May 14 00:11:04 PDT 2009,NO_QUERY,lucyyvan,Really bad cold  I get a day off school thou 
0,1792892190,Thu May 14 00:36:26 PDT 2009,NO_QUERY,berryfudge,@DavidArchie Why do u feel dumb?   You're the best singer out there ya know! 
0,1792961583,Thu May 14 00:51:25 PDT 2009,NO_QUERY,missmonica92,@UseTrojan aww man i heard! you guys suck for going all late  &amp;&amp; no she didnt but i heard about it lol go tomorrow i work with april 
0,1792984597,Thu May 14 00:56:32 PDT 2009,NO_QUERY,its_Dani_x,damn i woke up too late now i have 5 mins for coffee  but its my birthday tomorrow  #mcfly
0,1793140987,Thu May 14 01:31:50 PDT 2009,NO_QUERY,StampfliTurci,@billingtonart I felt the same way as the weather is the same here  
0,1793159537,Thu May 14 01:36:14 PDT 2009,NO_QUERY,Nika_woop,YAY! RETURNED FROM SICKNESS!  I was out of school for 3 days. Missed Chloe. 
0,1793225984,Thu May 14 01:51:58 PDT 2009,NO_QUERY,Danishbrunette,"@gfalcone601 I missed the party  all the fun I missed out on. Bummer. But at least, no hangover  haha"
0,1793290655,Thu May 14 02:07:04 PDT 2009,NO_QUERY,boardyuk,"@Jefner Thanks for the welcome  I hope it does too, it should be fine but I gotta speak on it too "
0,1793374793,Thu May 14 02:27:01 PDT 2009,NO_QUERY,ochanya,@babysaffy boo  well its nearly the wkend! 
0,1793459331,Thu May 14 02:46:37 PDT 2009,NO_QUERY,anna_bananaxx,@jamesmiller123 its friday tomorrow  yesssss! got a science project due though  gay! how r u? xxx
0,1793481936,Thu May 14 02:51:50 PDT 2009,NO_QUERY,Tasha_MCFLY,"@tommcfly Arwhh, feel better soon (Y) JLC wont be the same tonight though  I am in food tech atm ;) weeeheeyy  have a lovely walk. x x x"
0,1793503651,Thu May 14 02:56:54 PDT 2009,NO_QUERY,Jenarooo,@mileycyrus theres such thing as chocolate covered skittles? :-o how cool.why doesn't ireland have them.  your amazing btw.  love jen. x
0,1793569948,Thu May 14 03:11:49 PDT 2009,NO_QUERY,aashna14,"@ddlovato hey, how are u? the last days of school are coming up.  then the exams :S and then summer "
0,1793571446,Thu May 14 03:12:10 PDT 2009,NO_QUERY,georgyy,"i have a very lonely life and search desperately for friends  ahh i kid, i just get bored easily  #WhyITweet"
0,1793613909,Thu May 14 03:21:52 PDT 2009,NO_QUERY,DjTad,"Just found out that I got exams in History n Philosophy, n Politics n Human rights... Sort of sad  But also sort of glad "
0,1793752966,Thu May 14 03:52:18 PDT 2009,NO_QUERY,inlovewithsteff,"@mandeev I can't go today.  Give them my love, I'll see you guys soon.  Ily!"
0,1793828618,Thu May 14 04:07:32 PDT 2009,NO_QUERY,Sikita,Is SO GLAD that Pau's operation went well!  my poor little boy 
0,1793933260,Thu May 14 04:27:35 PDT 2009,NO_QUERY,slmc17,@lrlee But I want to flaunt it. It makes me feel superior... and I like that!  besides I already have it on stanza. Can't get into it 
0,1793959439,Thu May 14 04:32:26 PDT 2009,NO_QUERY,Amme14,bored bored bored  what can I do???  later:soccer time  but now bored 
0,1793985425,Thu May 14 04:37:11 PDT 2009,NO_QUERY,lynokelly,"@fatbottomed Y  I'm picking it up tomorrow though, hopefully "
0,1794160128,Thu May 14 05:07:07 PDT 2009,NO_QUERY,moniters,says it's a roller coaster ride...  and  http://plurk.com/p/tr7m4
0,1794542414,Thu May 14 06:02:47 PDT 2009,NO_QUERY,cnansen,@BernajeanPorter But our Supt won't let us bring laptops to admin meetings anymore  (Talking about when time moves VERY slowly...) 
0,1794661506,Thu May 14 06:18:04 PDT 2009,NO_QUERY,jenxer,@clickwindrepeat she has a bald spot on her back that she won't leave alone.    @ChiefDork whipped up the piece of couture.  
0,1794782830,Thu May 14 06:33:00 PDT 2009,NO_QUERY,zoezf,@enzopilarta kakaasar kasi eh! puro cliffhangers  ok lang yan... I have one more finale to look forward to! GOSSIP GIRL! 
0,1794783941,Thu May 14 06:33:08 PDT 2009,NO_QUERY,DecreeNisi,"@kimberley_ You're welcom  I'm off to bed, feel dead "
0,1794908642,Thu May 14 06:47:50 PDT 2009,NO_QUERY,ChaosAD,@kittenmeow Awwww  *hugs* At least you've got Monkey to look after you! 
0,1795316471,Thu May 14 07:33:19 PDT 2009,NO_QUERY,lauradawg,"@Lynne90 aw you should!  I'm so annoyed though, Tyra is always so biased &amp; I've hated all the winners apart from cycles 3, 5, 6 and 7 "
0,1795505603,Thu May 14 07:53:26 PDT 2009,NO_QUERY,paramountcoffee,My coffee got cold before I could drink it  I bet I can find more though!! 
0,1795603452,Thu May 14 08:03:29 PDT 2009,NO_QUERY,BeebeONE,"@AmandaSueki I totally lost the bet, and to make it worse he called to gloat  I think Kris has it in the bag "
0,1822323038,Sat May 16 19:18:34 PDT 2009,NO_QUERY,singstar33,@ladybug_155 It's the best..no real ONE meaning..punctuation makes it different! i.e. Booga?  BOOGA!   Booga!   BOOGA?! o_O
0,1823049112,Sat May 16 20:59:50 PDT 2009,NO_QUERY,gabbyirl,Star trek with oats. Yessss  not empty 
0,1823188277,Sat May 16 21:19:43 PDT 2009,NO_QUERY,guiltfeeder,@Keinessish Yeah but I kind of forgot about it. ._. *fail* Can you explain it to me again?  Please? 
0,1823383755,Sat May 16 21:49:42 PDT 2009,NO_QUERY,MichaelSeriosa,Who's all going 2 EDGE with me 2nite?  maybe next time cuz my guestlist is full  RSVP next week ;D
0,1823386804,Sat May 16 21:50:10 PDT 2009,NO_QUERY,Yushimi,@KraseyBeauty omg. Lucky bum  Canada always miss out awesome events like those. Lolz keep us up to date tmr 
0,1823417596,Sat May 16 21:55:08 PDT 2009,NO_QUERY,YarielaNolasco,Haha scary movie is on mtv  but I can't watch it gotta wake up early tomorrow 
0,1823737419,Sat May 16 22:49:49 PDT 2009,NO_QUERY,pickleling,whooooooa.. i just got one  this is weird! :] i kinda like it  studying for finallsl... 
0,1823843779,Sat May 16 23:09:59 PDT 2009,NO_QUERY,Esiya_ceecee,saw moraa!  but is dreading a study filld term 
0,1823846837,Sat May 16 23:10:33 PDT 2009,NO_QUERY,kayfras,"Soooo, song of my night - beep  by bobby v.  I miss my mommy.  . But i will be w/ her in the a.m . Jimboy's was on hit tonight !"
0,1823872330,Sat May 16 23:15:36 PDT 2009,NO_QUERY,mbn333,so ya i try to get every thing i can in every game  me no life but i like playing 
0,1824066111,Sat May 16 23:55:32 PDT 2009,NO_QUERY,i3layne,no lake today.  how sad. graduation tomorrow... picking out paint colors on Monday!!! 
0,1824090227,Sun May 17 00:00:39 PDT 2009,NO_QUERY,LoonyBookworm,"good morning  I love sundays, but there is one thing about them I don't like.. Sunday... just one day away from monday "
0,1824110620,Sun May 17 00:04:55 PDT 2009,NO_QUERY,mallyvu,My internet's not working!  text me 
0,1824222846,Sun May 17 00:30:06 PDT 2009,NO_QUERY,laurenlivesloud,"mi chico de casa es alive, i feel better now about not being able to sleep  @expressjam, thanks for falling asleep on me buddy "
0,1824245509,Sun May 17 00:35:12 PDT 2009,NO_QUERY,lalaATROPHY,w00t I got a 94   the teacher liked what I said in the forum but scolded me for slacking on the subject   I need to step it up 
0,1824267478,Sun May 17 00:40:24 PDT 2009,NO_QUERY,braddunc,@amandapalmer shame you don't have any XXL sizes. my gut is regretably a bit bigger than it should be  but I love you anyways 
0,1824307519,Sun May 17 00:50:05 PDT 2009,NO_QUERY,Stylist2U,@Duckie_Brown Whyyy you leavvvinng mii Rubbie Duckie?  kk If you must go nite nite luv muffin don't let the bed bugs bite 
0,1824389037,Sun May 17 01:10:16 PDT 2009,NO_QUERY,MsKelz7,"@RunwayJ I definitely wanted to go to the beach today, but had to check out my residents and finish editing  Maybe next week "
0,1824390290,Sun May 17 01:10:35 PDT 2009,NO_QUERY,kasey79,"@InLuvwithJON LOL, yah we don't need you orange for Tinley  You are lucky that you are able to tan, it sucks being as pale as we are "
0,1824466882,Sun May 17 01:30:28 PDT 2009,NO_QUERY,Helenvking,"Oh dear, hangover time, far too much to drink of everything last night  Was a good night though "
0,1824582042,Sun May 17 02:00:48 PDT 2009,NO_QUERY,orange_unicorn,Aw  can't believe I actually missed eurovision. And the UK done better than the tragic last couple of years! Yey 
0,1824583183,Sun May 17 02:01:06 PDT 2009,NO_QUERY,MiraCraigFan,"Goooood morning! hahahaha  Just woke up!  I have such an ache in my throat...!  hahahah, well hope it gets better..! Whatsup!? "
0,1824694070,Sun May 17 02:30:52 PDT 2009,NO_QUERY,Geoff_Itz,Amazing night with amazing friends. I already miss last night.  Congrats Colleen and Eric. Love you all!  Now to pass out... ZzzZzz :]
0,1824714457,Sun May 17 02:36:20 PDT 2009,NO_QUERY,Anna_McB,Still sick...i've no voice  quite enjoyed eurovision last nite...and UK did well  best bit was natalie and aiden from BGT though....
0,1824733825,Sun May 17 02:41:25 PDT 2009,NO_QUERY,roo_roo,eurovision time  too bad its been spoilt for me 
0,1824768486,Sun May 17 02:50:51 PDT 2009,NO_QUERY,Jessomething,@DebbieFletcher Good Morning  How r u today?lol i want bac to brasil but i can not 
0,1824806576,Sun May 17 03:01:06 PDT 2009,NO_QUERY,molly_mcinnes,"@vickicla They were all gone before I read it  , getting the recipe back though "
0,1824843992,Sun May 17 03:11:16 PDT 2009,NO_QUERY,FranKane,Just Finished Sunday Poptart  Going For Shower - Got Dancing Later And I Really Can't Be Bothered - Picturesss 
0,1824881780,Sun May 17 03:21:18 PDT 2009,NO_QUERY,Ashleighh12,Heyyyyy Guys  bit of a hangover   but a actually feel quite energetic lol WEIRD! x
0,1824881824,Sun May 17 03:21:18 PDT 2009,NO_QUERY,faiznurdavid,@chevale hell yeahh! hahaha! oh really?  be strong girlll! haha. enjoy urself! so whats for dinner? 
0,1824900846,Sun May 17 03:26:40 PDT 2009,NO_QUERY,annasf94,Eurovision....  Spain very bad song..... Andthe winner is....NORWAY!!! 
0,1824936900,Sun May 17 03:36:18 PDT 2009,NO_QUERY,gche101,I'm bored.  What are you guys doing? 
0,1825044838,Sun May 17 04:05:49 PDT 2009,NO_QUERY,staffordbestbuy,Softball game tonight cancelled...  To many stores have RZ events. Mark that up as another &quot;W&quot; for us! 
0,1825239963,Sun May 17 04:56:30 PDT 2009,NO_QUERY,Chibi_DaniDeath,@becky_mcr_ninja same same  are u keeping the cliffhanger ending? 
0,1825305417,Sun May 17 05:11:53 PDT 2009,NO_QUERY,jennifer_rose1,going to work soon  but off at two!! then nappp!!  BF coming over tonight  &lt;3!! xox
0,1825367967,Sun May 17 05:26:24 PDT 2009,NO_QUERY,Schattenwolf,"@suzziequeue hey, cool  but they havent got much songs from my favorite band "
0,1825585274,Sun May 17 06:12:21 PDT 2009,NO_QUERY,Angel_Christine,@thomasfiss what what  i feel dumb now 
0,1826004739,Sun May 17 07:27:28 PDT 2009,NO_QUERY,Jebatron,@kimberley_ was a good dream  then got woken up by phone  dammit.
0,1826005412,Sun May 17 07:27:35 PDT 2009,NO_QUERY,loladawny,has hanami with japanese class today  is said because maia's not gonna be there 
0,1826035674,Sun May 17 07:32:22 PDT 2009,NO_QUERY,BlondieinBlue,"@SlateinGray O.O... Bunnies?!?  I love bunnies! Can I have a bunny? Can I? I'm allergic to dogs, so I can't have a puppy. "
0,1826419452,Sun May 17 08:28:04 PDT 2009,NO_QUERY,taluta,"@PsychicVeg He is fine thx  Weather bn really hot &amp; weird last couple of days, but a nice cold wind has broken that. Humidity will suck "
0,1827124307,Sun May 17 10:02:38 PDT 2009,NO_QUERY,MiraCraigFan,I am boored!  I want to do something hahahah 
0,1827407564,Sun May 17 10:38:46 PDT 2009,NO_QUERY,Miriam70,"And I missed my fave singer B. Adams in Hamburg this Thursday, tears. Read to late about the gala in Hamburg  hope for a new show soon "
0,1827542596,Sun May 17 10:56:02 PDT 2009,NO_QUERY,limeice,"@Spitphyre I totally lurve them myself Ree, though they're a bit snug around my waist  Thanks for the dose of enthu! "
0,1827600064,Sun May 17 11:03:08 PDT 2009,NO_QUERY,chelseasmile__,@iamtherumour_ annnie babes!  i have to revise for busman  give me sympathy. hahaha
0,1827601176,Sun May 17 11:03:15 PDT 2009,NO_QUERY,courtSchenkl,@pepperlive...must have been a gnarly ny show....no tweets from you guys this morning  hahaha....have a blasty blast tongiht 
0,1827690242,Sun May 17 11:14:34 PDT 2009,NO_QUERY,AnoukAgterberg,bonjour mes petites ami(e)s  je ne suis pas libre ce soir  okay what i'm tryin to say is that i have to learn french for tomorrow xD
0,1827722213,Sun May 17 11:18:33 PDT 2009,NO_QUERY,christinaax0,is out  then work 
0,1827787287,Sun May 17 11:26:47 PDT 2009,NO_QUERY,kajsastaaf,School tomorrow  But only 3 days of school this week 
0,1827819716,Sun May 17 11:30:49 PDT 2009,NO_QUERY,meganfrielx,tired  but i cant miss lost.... coffeeeeeeeeeee!  xo
0,1827871029,Sun May 17 11:37:14 PDT 2009,NO_QUERY,mckyliecooper, Uhm.. science! -.- Verrrry boring and LONG  Grrr.
0,1827878694,Sun May 17 11:38:12 PDT 2009,NO_QUERY,mckyliecooper,@rileykendrick  Uhm.... science! Verrry boring and LONG  Grawrrrr.
0,1828002941,Sun May 17 11:53:30 PDT 2009,NO_QUERY,stephanne730,is studying!!  but only three more half days of school!! 
0,1828053716,Sun May 17 11:59:50 PDT 2009,NO_QUERY,DannieLovesYou,"@jojo_ponedandco ooh, yay!  It's not terrble?  lol"
0,1832351836,Sun May 17 20:40:24 PDT 2009,NO_QUERY,bartelbee,watching zathura  then gonna do some math homework 
0,1832355433,Sun May 17 20:40:42 PDT 2009,NO_QUERY,norys,"Had a great time at BQ at Jeff's new house in Gilroy! Beautiful home but it sure was a HOT, HOT, HOT, day!  I am still sweating. "
0,1833545853,Sun May 17 23:38:11 PDT 2009,NO_QUERY,TynzBoomPow,"Cried in school just now cos of Math results  Hate crying in public. Got 1st in class for English, though "
0,1833627011,Sun May 17 23:54:36 PDT 2009,NO_QUERY,Brenna_Bee,off home no where i shall go straight bak to bed  i feel icky 
0,1833645116,Sun May 17 23:58:18 PDT 2009,NO_QUERY,Houxdomm,should stop waking up at 4  get to see sarah today  i think someones messed the keys up. gonna see who my real friends are today as well
0,1833657762,Mon May 18 00:00:39 PDT 2009,NO_QUERY,karina_rod09,wow I need to update more often I dn't have the net at my place  I'll get it soon 
0,1833765856,Mon May 18 00:22:57 PDT 2009,NO_QUERY,edsouza5,@8leo  There is always a next time 
0,1833772652,Mon May 18 00:24:27 PDT 2009,NO_QUERY,nicwinton,I'm on a bus again!  ohgod I remember why I don't like coming home at this time... cramped friend 
0,1833793889,Mon May 18 00:29:02 PDT 2009,NO_QUERY,rebeccaRAWR,bored  and tired. and ill. and have exams all week. not good  i'm so glad i'm seeing cobra saturday to make up for the shit week  &lt;333
0,1833896333,Mon May 18 00:51:12 PDT 2009,NO_QUERY,mmmitsryan,im all stuffed up!  we should do something tommorow. lets go play frisbee and go on a walk and just relax! i think the answer is yes! 
0,1834000590,Mon May 18 01:14:47 PDT 2009,NO_QUERY,6_natz_9,:-O i cant even get ma ebooks!!! first bebo and now this  college truley is the workst :-| hopefully get this job an then im outta here 
0,1834010883,Mon May 18 01:17:08 PDT 2009,NO_QUERY,Paddiirl,@ErEf Yay for Chuck!  Half boo for Sarah Connor's death 
0,1834029970,Mon May 18 01:21:25 PDT 2009,NO_QUERY,DaveParris,"Monday morning and back to work  Not to worry, bank holiday next Monday and off to Disneyland Paris with the family "
0,1834037728,Mon May 18 01:23:14 PDT 2009,NO_QUERY,EtherGirl,I'm home alone!!!  But I gotta study!  Lets Git it!!
0,1834052289,Mon May 18 01:26:45 PDT 2009,NO_QUERY,LaurenDockrell,@huntermoore  why thank you..idk how to send messages on here 
0,1834088571,Mon May 18 01:35:05 PDT 2009,NO_QUERY,heyimjess,Revising for maths that starts in about 3 hours  Cadburys Hazelnut Brunch Bar 
0,1834124083,Mon May 18 01:43:16 PDT 2009,NO_QUERY,laurax4trees,"I'm going to bed.  It's WAY too late   On the plus side, I got to use The Union in my final paper for Social Ethics "
0,1834174332,Mon May 18 01:55:01 PDT 2009,NO_QUERY,hiway,"@aditya oh, hmm... didn't pay attenshun  thanks @swarooph yes, that too "
0,1834183576,Mon May 18 01:57:13 PDT 2009,NO_QUERY,julieahh,"@xoxonemo i know, i miss you too  when's the next time we can chill? "
0,1834323214,Mon May 18 02:29:47 PDT 2009,NO_QUERY,heymantmalik,@smanjunath @karthikbr can't you see that  face? 
0,1834443009,Mon May 18 02:57:21 PDT 2009,NO_QUERY,urieldavid,i got a nice nap again. dreamt of archey again  always. since after the 16 
0,1834450937,Mon May 18 02:59:21 PDT 2009,NO_QUERY,olivia_15,Dinner Was Good  Dont Wanna Do History Homework 
0,1834455099,Mon May 18 03:00:12 PDT 2009,NO_QUERY,SneddonAu,"Still unhappy at my lack Of Guitar String, I really wanna play,..  Oh well hopefully someone exciting will come on MSN "
0,1834498492,Mon May 18 03:10:00 PDT 2009,NO_QUERY,ellentai,so tired . school was alrights but it went by pretty quick . tennis was fun  gotta study for exams 
0,1834551751,Mon May 18 03:22:05 PDT 2009,NO_QUERY,sara_keele,"Exams this week, tomorrow and wednesday  Looking forward to my weekend break in Newcastle "
0,1834603815,Mon May 18 03:33:48 PDT 2009,NO_QUERY,Sherylpz,I'm so dirty tday   can't wait for fiesta 
0,1834606145,Mon May 18 03:34:20 PDT 2009,NO_QUERY,P0150N0U5F15H,@stickypop  | Wish I was eating dinner whilst watching Dragons Den rather than revising for the maths exam 
0,1834634681,Mon May 18 03:40:35 PDT 2009,NO_QUERY,flexd,"practising for math exam tomorrow, yaaay math!  Atleast i dodged a bullet called Norwegian! "
0,1834726069,Mon May 18 04:00:04 PDT 2009,NO_QUERY,bazilahali,"@IamIli you have to! it gets interesting! hahahaha! just twittering. dang, i have history test tomorrow  let's hope my teacher forgets "
0,1834747131,Mon May 18 04:04:05 PDT 2009,NO_QUERY,53xwz,"Agama exam tomorrow, haven't studied.  ; longest post ever today! :p ; uuuuh, music class tomorrow? ; and i got no idea "
0,1834749421,Mon May 18 04:04:33 PDT 2009,NO_QUERY,snw,@simsslovenija Awww that's too bad  Right now I have comments off because of spammers - will go open again in the Summer 
0,1834768012,Mon May 18 04:08:20 PDT 2009,NO_QUERY,CraftyNikki,@GothixHalo he's not been well  but he's doing dishes and other such. Im just picking up a bit 
0,1834769942,Mon May 18 04:08:43 PDT 2009,NO_QUERY,Ktwht,Had a gr8 day Saturday I won ï¿½10 on lotto yippee spent it now tho  oh well easy come easy go lol  Kt x
0,1834777946,Mon May 18 04:10:16 PDT 2009,NO_QUERY,Natalie__xo,@jolliehaybowes You looked really pretty at soap awards! And your scene was only one tht made everyone laugh! You should have won   x
0,1834788334,Mon May 18 04:12:17 PDT 2009,NO_QUERY,lisy16,. what's everyones up to? really tired! watching depersate housewives  needs a hug!!! 
0,1834820826,Mon May 18 04:18:34 PDT 2009,NO_QUERY,chopstock,@loriannl Meeting dickheads it seems.  Did go through Chelmo on the train though - rad! 
0,1834919672,Mon May 18 04:36:56 PDT 2009,NO_QUERY,VCasambros,"shall be working at Step Ahead as a mentor again  woooo but Em's gone, n his mobile still hasn't turned up "
0,1835034128,Mon May 18 04:57:21 PDT 2009,NO_QUERY,Nic0pic0,"@yoko71 yeah I'm surprised too  @Tisyonk I would love to have the punishment. Ok, back to rehab. My neck hurts so bad "
0,1835106391,Mon May 18 05:09:20 PDT 2009,NO_QUERY,Jennaidh,"I am dying for a Chicken Royale  yumyum, pity the nearest burger king is a bout half an hour away "
0,1835143778,Mon May 18 05:15:25 PDT 2009,NO_QUERY,OConnorOrla,me&amp;nikkihad sum laugh in religon  :L:L &quot;SISTER&quot; &quot;you just...&quot; on my own there  :L:L  lets go G.N.O. wooohooo :L:L:L love you
0,1835205913,Mon May 18 05:25:23 PDT 2009,NO_QUERY,Dilster3000,@LucasCruikshank why Thursday? Fans gotta wait like 3 days  
0,1835231221,Mon May 18 05:29:17 PDT 2009,NO_QUERY,daniesq,"@jayboss  @UberTwitter http://bit.ly/3oLpY but @TweetGenius is a for pay, no trial version, sorry.   UT is my preference anyway. "
0,1835244449,Mon May 18 05:31:12 PDT 2009,NO_QUERY,ambermaishment,lunch time has been jokes  double chemistry next :| fun timesss 
0,1835313294,Mon May 18 05:41:45 PDT 2009,NO_QUERY,jaronmc,Spooks was awesome  very satisfied. Now back to my report 
0,1835313378,Mon May 18 05:41:46 PDT 2009,NO_QUERY,Chocolatedonout,No school until Wednesday!  ..and then exam on Friday 
0,1835324975,Mon May 18 05:43:31 PDT 2009,NO_QUERY,beckettga,@wetheTRAVIS oh no  I hope it doesn't hurt. Get a lollipop! i do everytime i go  yay ruining teeth after they fix them!
0,1835339133,Mon May 18 05:45:39 PDT 2009,NO_QUERY,anilbpai,@skusunam : Thanks  just realized 60 day trail of Flex is over  
0,1835353079,Mon May 18 05:47:38 PDT 2009,NO_QUERY,KimmiMcfly,@cakiiebakiie It would be. That's one of the reasons I want one. I find the touch screen awesome.  Doubt it'll ever happen though 
0,1835382466,Mon May 18 05:51:50 PDT 2009,NO_QUERY,PeteMcQ,@Heidistephens wow Heidi! I've just read the Guardian apology for your blog.  Crazy! We loved it when we read it on Sunday morning! 
0,1835500078,Mon May 18 06:07:59 PDT 2009,NO_QUERY,musey,wow the stuff you can find on youtube  ....and the stuff you can't 
0,1835514302,Mon May 18 06:09:56 PDT 2009,NO_QUERY,alexmotu,Noshit party was great  working in a new track now .... and it's raining in Amsterdam 
0,1835531233,Mon May 18 06:12:08 PDT 2009,NO_QUERY,alexmotu,Noshit party was great !!  Working on a new track now .... and it's raining in Amsterdam 
0,1835609627,Mon May 18 06:22:29 PDT 2009,NO_QUERY,kobo21,gone to lena's  ...how boring...but i may see my favorite aunt and uncle and their chewauhah....  ...
0,1835770323,Mon May 18 06:42:53 PDT 2009,NO_QUERY,ladollyvita,@ImInLoveWithMJ bored  lol how are you today? 
0,1835870889,Mon May 18 06:55:21 PDT 2009,NO_QUERY,lillekerohus,"I'm so nervous about my guitar exam tomorrow.  &amp;I can't believe I got sucked into Twitter-world! Ofc, I pulled @Banaalne into it too "
0,1835989074,Mon May 18 07:09:20 PDT 2009,NO_QUERY,wickedground,"@burnbright well, can't wait  no one on my flist has star trek layout yet, so sad "
0,1836043883,Mon May 18 07:15:43 PDT 2009,NO_QUERY,corewarrior,#Chuck: Renewed!  Rumored to be heading to Friday  Good news: with a ratings boost there is the possibility of a 9 episode pickup!
0,1836079809,Mon May 18 07:19:55 PDT 2009,NO_QUERY,itsMayx3,wish i was in LA  . Writting something sweeet  . 2 Days till birthdDayyyyyy!!
0,1836264018,Mon May 18 07:41:01 PDT 2009,NO_QUERY,xOlivia_,"i now have sky in my room, i love it!    i really do have the cold now "
0,1879932398,Thu May 21 23:34:23 PDT 2009,NO_QUERY,lockerhaxor,TF2 has updated but its way to late to play.  looks like I'll be spying and sniping my heart out tomorrow 
0,1879941003,Thu May 21 23:36:00 PDT 2009,NO_QUERY,007peter,"@NaniWaialeale No, not Keith Olbermann, he annoy me   Anyhow, I'm hitting the hey. We will continue our tweat tmrw.  Sweet Dream "
0,1879994848,Thu May 21 23:46:14 PDT 2009,NO_QUERY,mizz_monica,yay i dont have glandular fever!  but i do have bad tonsilitis...  at least its not a kissing disease! yes tayla i heard u told teachers
0,1880016583,Thu May 21 23:50:25 PDT 2009,NO_QUERY,aaj83,@pursebuzz aawww..!!   oh well...atleast you won't get sad over the fact that you spent more than what it was now 
0,1880071740,Fri May 22 00:00:41 PDT 2009,NO_QUERY,stealthpixie,"@chriswindram rumours are not nice  don't be sad, you are a wonderful person  xxx"
0,1880072308,Fri May 22 00:00:48 PDT 2009,NO_QUERY,senoshi,"@laienne hgskfhkfhk!!! OMG, you look gorgeous in that piratey outfit!    Also, I am so jealous of your pancakes "
0,1880112802,Fri May 22 00:08:21 PDT 2009,NO_QUERY,yhuraddiction,movie time  then sleep mha kiddy jumped out thee windOw  now I have no baby[wTf]:'(
0,1880144611,Fri May 22 00:14:28 PDT 2009,NO_QUERY,mooseboy101,"got some decent sleep! Whoooo! No vocal training today, Kyle's got flu!  Hopefully next week!  Oh, i also got a keyboard!"
0,1880176138,Fri May 22 00:20:39 PDT 2009,NO_QUERY,colbsi,"@aimzsta Glad you found the store  I keep walking past it over the weekend. Everytime I gone past, it been closed  But love the styles"
0,1880194676,Fri May 22 00:24:25 PDT 2009,NO_QUERY,perki,@JoshSemans yup!  you back in the north west by then? i hope its not crap weather! 
0,1880285732,Fri May 22 00:42:37 PDT 2009,NO_QUERY,c_kitty,@LaurenConrad omg Lauren u watch Gossip Girl too?!?! haha! NICE!  Too bad Kris Allen won and not Adam 
0,1880353447,Fri May 22 00:56:41 PDT 2009,NO_QUERY,Batgirlbabs,@Redheadmad Yes! Nighmare! Now I can't sleep  But I'll be fine. 
0,1880412142,Fri May 22 01:08:53 PDT 2009,NO_QUERY,kararitaclarita,"@walkingmushroom sabar  i know how disappointing that is   have fun dong masi ada temen&quot; hohoho have fuun yaaaa , have a nice prom "
0,1880422422,Fri May 22 01:11:04 PDT 2009,NO_QUERY,mattuk,@rishil I think I'm the bigger geek as I found that genuinely amusing  I LOLd 
0,1880439717,Fri May 22 01:14:53 PDT 2009,NO_QUERY,timmmers,@bashywah i soooo wish i was there  lawaaaaaaaaaaaaaaaaa! you guys loooked so fab!  hahaha. who did the make up?
0,1880524625,Fri May 22 01:33:09 PDT 2009,NO_QUERY,teeeeeef,"@chadfu pfft. hes a man, he chould be able to stay awake.  ...i wont be around forever!!! damn it  ( heheh)"
0,1880552600,Fri May 22 01:39:09 PDT 2009,NO_QUERY,ifyoucanmeet,@bia_rf Aww i am so sorry for Maria  Girl your page is great !!! I love Roger too ! Maybe mine shows it too ahah 
0,1880591238,Fri May 22 01:47:20 PDT 2009,NO_QUERY,schuhschuh,"Before I have to check out the new TTR Dave Matthews Band .. just loaded it, but that takes some time  .. ready for the beats now "
0,1880654577,Fri May 22 02:01:03 PDT 2009,NO_QUERY,SytskeK,"Woke up cuz of my back  this is my last day of painkillers tho...but it WILL heal, just cuz JC lives "
0,1880664773,Fri May 22 02:03:13 PDT 2009,NO_QUERY,Danielle86h,@Amanda253 @forcerdj god i know we were on our way this time last fri.  its sad isn't it! yeah cant wait to chill out. 
0,1880666283,Fri May 22 02:03:31 PDT 2009,NO_QUERY,djrickdawson,Jean Michel Jarre concert tomorrow  gotta work 7-3 before though 
0,1880684695,Fri May 22 02:07:34 PDT 2009,NO_QUERY,Olian_V,I love my followers!  But I don't need an D Message from U. I don't like it. Sorry  But thnx for doing it anyway 
0,1880692063,Fri May 22 02:09:13 PDT 2009,NO_QUERY,joannacooperx,having a good weekend so faar  too bad ive gotta start revising for my exams  :\
0,1880771065,Fri May 22 02:26:43 PDT 2009,NO_QUERY,spiderogumi_,"@quinnifer_ I know, makes me miss my chance with the Carter brothers  thanks! "
0,1880811765,Fri May 22 02:35:29 PDT 2009,NO_QUERY,nicodonnell,@GregVann You'll hear me coming ... 'cause I'll be riding with bells on (subject to the weather).  Just got the hump is all. 
0,1880860428,Fri May 22 02:45:43 PDT 2009,NO_QUERY,rooreh,"@brooklyn_lux Somewhere in the world, someone just stubbed their toe  - hang in there Sarah, it sucks now but it'll change! "
0,1880879223,Fri May 22 02:49:47 PDT 2009,NO_QUERY,GemmaSugapop,is in Business Studies  so so so so happy its friday ! yeyyyyyyyyy But not so happy about the terrible rain  x x x x
0,1880946156,Fri May 22 03:03:38 PDT 2009,NO_QUERY,lemongeneration,@iammilky Awww no. PPW only has green tea  But I will find one for youuu 
0,1880953482,Fri May 22 03:05:09 PDT 2009,NO_QUERY,moviegrl32,Ocean Park was great  didnt play Dragon nor the Abyss tho  CRAP. 8 hrs of drama practice tmrw.. 8 hours of sittin there doin nthn..
0,1881003959,Fri May 22 03:15:54 PDT 2009,NO_QUERY,Hyperopia,@BobBergh The weather's not too clever here  hun   How's you today? Just off out to go all gooey over a friend's week old baby 
0,1881098647,Fri May 22 03:35:45 PDT 2009,NO_QUERY,XxSuperHansxX,It's so warm....  I'm not used to it...I don't adjust to climate change very well 
0,1881106680,Fri May 22 03:37:23 PDT 2009,NO_QUERY,arinlove,i actually can kill a human today so dont mess with me....    i'm good though....wake up at 1 o'clock and my tommy aches REALLY BAD.... 
0,1881170628,Fri May 22 03:50:06 PDT 2009,NO_QUERY,JCCub1,@coachbear Not a nice night to be out on the tiles  Drive safely... 
0,1881198465,Fri May 22 03:55:43 PDT 2009,NO_QUERY,nsobe,Wow lots of interesting stuff on twitter and facebook. But gotta do some other work now.... Dull day in Yaxley  but warm 
0,1881218768,Fri May 22 03:59:47 PDT 2009,NO_QUERY,twistingaether,@sarahwong Me too  But I finish work at 11am  which is when i normally get up on saturday... so i don't really lose my day :p
0,1881318484,Fri May 22 04:18:24 PDT 2009,NO_QUERY,alexmcduff,is sick with teh fever.  but im so happy that my baby took care of me yesterday the whole day so i'm feeling so much better 
0,1881405740,Fri May 22 04:34:08 PDT 2009,NO_QUERY,_SarahF_,tonight is gonna to be soooo great!!  we the kings and hey monday!! &lt;3 quite annoyed that i cant stay at rosies house after though 
0,1881603981,Fri May 22 05:06:15 PDT 2009,NO_QUERY,liladyosa,planning on how to spend the last two weeks of my vacation..i don't want the next semester to start yet.  haha. 
0,1881632628,Fri May 22 05:10:40 PDT 2009,NO_QUERY,DCPickleRedBull,@RandomMonkey3 1. UH HUHS SURES X ) 2. HAPPY BDAY TO YOU!! 3. AWWWWWWS   BUT OWELLS!!! 
0,1881633276,Fri May 22 05:10:47 PDT 2009,NO_QUERY,kirstyrawrr,"@SunshineeKiid nawwws  well mine was pretty good, went to the beach, wrote &quot;Kirsty ?'s Shaun Diviney&quot; in the sand and yeah "
0,1881659398,Fri May 22 05:14:50 PDT 2009,NO_QUERY,PenguinRage,Watching the Pokerstars on TV  Strange the odds of winning these tournaments is now almost considered impossible 
0,1881783835,Fri May 22 05:32:59 PDT 2009,NO_QUERY,tom_chow,"@haydo goodnight haydo, going to miss u a LOT, see u fromhot 30 forever  anyway tim and biggzy back YEH lol "
0,1881795552,Fri May 22 05:34:39 PDT 2009,NO_QUERY,karllsleyjnr,#NBA lakers  hopefully game 3 will be good  cleveland  please make me proud.
0,1881916233,Fri May 22 05:50:57 PDT 2009,NO_QUERY,theSuda,#jaljeera can't beat #followfriday  More People know Friday than Jaljeera 
0,1881994356,Fri May 22 06:00:56 PDT 2009,NO_QUERY,kookijhe,@brenda_song whatcha doin'???  OMG! i missed LONDON TIPTON!! 
0,1881996107,Fri May 22 06:01:12 PDT 2009,NO_QUERY,emilymariie,got back from camp today  
0,1882094675,Fri May 22 06:13:12 PDT 2009,NO_QUERY,CranberryBlue,Last day....  and  !!!!!!
0,1882110281,Fri May 22 06:15:07 PDT 2009,NO_QUERY,Gaminegirlie,"http://twitpic.com/5othq - Someone just called me Ma, must be my new cat eye glasses  not funny sha "
0,1882127725,Fri May 22 06:17:09 PDT 2009,NO_QUERY,Carike,has a new haircut. but my fringe is too short  gonna wear a paper bag until its grown out 
0,1882160717,Fri May 22 06:21:03 PDT 2009,NO_QUERY,krapposelli,@agriggs8 Glad I coud entertain u w/ my stupidity.   I had a great time @ my m&amp;g's despite being REALLY nervous. Would luv to do again 
0,1882162648,Fri May 22 06:21:16 PDT 2009,NO_QUERY,sirena_kriser,"is starting school, and her wonderful cousin is somewhere else  come back!! lolz haha "
0,1882265934,Fri May 22 06:33:14 PDT 2009,NO_QUERY,jasmine_pie,@lidles yeahh  all well mum can explain to all of them why and now she owes me like dubble sleep overss hehe 
0,1882678658,Fri May 22 07:17:51 PDT 2009,NO_QUERY,Sarah_Jeffreys,Hmm it's started already!  But I'm spending money so I am calm 
0,1882698781,Fri May 22 07:19:59 PDT 2009,NO_QUERY,alexaNbennett,last day in Florida  outside enjoying the day 
0,1882895655,Fri May 22 07:40:08 PDT 2009,NO_QUERY,Agnie91,everything is just trouble  going to a friend tonight 
0,1883202043,Fri May 22 08:10:21 PDT 2009,NO_QUERY,marylovesnicky,@nickybyrneoffic hiya  nicky      i think  there  is rain  on  the  way   hope  ur well  XxXx
0,1883306365,Fri May 22 08:20:28 PDT 2009,NO_QUERY,kingkoopa21,Chilling in La Puente about 2 get my grub on  But still very depressed that the Lakers got punked last night  tonight go Dodgers .....
0,1883454654,Fri May 22 08:34:40 PDT 2009,NO_QUERY,elliebaaaby,"has officially left school, today was well sad  tonights going to be amazing tho! "
0,1883515036,Fri May 22 08:40:25 PDT 2009,NO_QUERY,KennySummers,"is on my way to Baraboo, WI for everydays  "
0,1883662999,Fri May 22 08:54:42 PDT 2009,NO_QUERY,Kelly9100,"on the wii, playing mario kart  fucking awesome, always come 1st and beat everyone, but i hate it when they push u or throw stuff at u "
0,1932530341,Tue May 26 21:39:25 PDT 2009,NO_QUERY,Racker121,"@mike_chavez waking up early is for old people  wait a minute, I have to get up early too. "
0,1932759107,Tue May 26 22:09:15 PDT 2009,NO_QUERY,sjc_,@megsie04  yeah but it didnt change anything.. por homosexual people  The world will never learn that change is a good thing.
0,1932927471,Tue May 26 22:33:18 PDT 2009,NO_QUERY,a_moller,@tinwithann a chaaaa going to Sydney for sweeties birthday.  sorry @outerpublishing but I might miss it. Viv im sorry 
0,1932996229,Tue May 26 22:43:40 PDT 2009,NO_QUERY,jasonmiller21,"Guess we're going to see the Magic in the Finals instead of Lebron.    Oh well, the Lakers are going to win it anyway.  "
0,1933033405,Tue May 26 22:49:28 PDT 2009,NO_QUERY,mel95,"Good no test today,  but i have one tomorrow and the next day "
0,1933071930,Tue May 26 22:55:28 PDT 2009,NO_QUERY,unaznn,"@suenguyenn pfft, you are funny  ! but oh dang, we're so screwed tomorrow "
0,1933201064,Tue May 26 23:15:38 PDT 2009,NO_QUERY,alicethepoop,@Mr_McFox LOL! I've never heard of that word before. Shows how immigranty i am.  SO SOOO WHERE'D YOU MEET HER!? WHATS HER NAME!?!? 
0,1933235531,Tue May 26 23:21:17 PDT 2009,NO_QUERY,flyinfoxymama,@rapping_fa   sorry to hear...i had my fingers crossed for you the whole time! hope to fly with you one of these days 
0,1936046289,Wed May 27 07:21:25 PDT 2009,NO_QUERY,NOnoemi,@Foxy_Roxy07 i didn't have bbq  but i had cheddars  and this should be your anthem to abby http://bit.ly/AQCnO
0,1936065493,Wed May 27 07:23:33 PDT 2009,NO_QUERY,Liana_J,@Fearnecotton lovin radio 1  I'm bored bivisin  biology gcse tomorrow!!!!  can you play paramore-brighter please?
0,1955814219,Thu May 28 20:40:09 PDT 2009,NO_QUERY,_shannon1234,"@nkotb_Lwood That's good  &amp; aww, miss you too! - 2 weeks apart! "
0,1955871432,Thu May 28 20:46:10 PDT 2009,NO_QUERY,enamoredsoul,"@ebrown2112 ahhh...Heroes reigns supreme,then!  *sigh* why do we have to waittttt???? why cant it play continuously...all yr long? "
0,1955908644,Thu May 28 20:50:12 PDT 2009,NO_QUERY,Stephanie2195,but im going to miss all my friends  but ill see you in 1 year 
0,1956075374,Thu May 28 21:08:28 PDT 2009,NO_QUERY,AaL17,@iLoveNickJ4LIFE the same for you girl!!  but for me wont be the last one 
0,1956091255,Thu May 28 21:10:18 PDT 2009,NO_QUERY,dogmaticwonder,"won't have a working camera for the picnic this weekend  Although, many other people will "
0,1956162149,Thu May 28 21:18:31 PDT 2009,NO_QUERY,Cermaksalot,loves summer bonfires....   but does not love having to be at work by 8am the next morning....  
0,1956260117,Thu May 28 21:30:16 PDT 2009,NO_QUERY,AshyJonas,"@AaL17 Aw, bummer! But at least you can re-watch it  My net disconnected 4 times  I got angry and swore "
0,1956309313,Thu May 28 21:36:21 PDT 2009,NO_QUERY,Jesssel,@Artifis I FKN miss youuuuuuuuuu  16 days 
0,1956633460,Thu May 28 22:18:58 PDT 2009,NO_QUERY,Angel_Eyes57,PrayN 4 my brother.  ILL W/Cancer   PrayN 4 my youngest Grandson (1 1/2 yrs old). ILL~Kidney damaged    Positive energy heals 
0,1956659715,Thu May 28 22:22:41 PDT 2009,NO_QUERY,ciaobella50,Geeze I thought I was all alone on here!  Reset my API wrong....lol no friends at all!..........................    fixed it!  .... 
0,1956811611,Thu May 28 22:45:05 PDT 2009,NO_QUERY,nite__owl,@aidalusion i think im going to go to sleep now.. (so tired  ) .. but i will talk to you tomorrow  .. and im looking 4ward 2 your songs
0,1956824292,Thu May 28 22:47:00 PDT 2009,NO_QUERY,jessesgirl760,I wish I was a guru    I might just ask for a good camera for my grad present!  Goooood  I D E A !
0,1957073668,Thu May 28 23:26:40 PDT 2009,NO_QUERY,kort030,@lilxamyx08 i know ridiculous! we never got to hang out  i love chicago and want to go shopping... so a trip sounds like fun 
0,1957089935,Thu May 28 23:29:26 PDT 2009,NO_QUERY,umi78,Working   But it's Fridaaaayyyyy 
0,1957101953,Thu May 28 23:31:22 PDT 2009,NO_QUERY,_SarahF_,Getting ready for school - second maths test today  also its my last day of 3rd year!! Next week i will officially be in 4th year 
0,1957194329,Thu May 28 23:47:09 PDT 2009,NO_QUERY,tineymarie,@cha_rade oh no the economy gotcha?  sorry but so happy that you got another one in LA!  Enjoy SoCal! Ahahaay! LOL
0,1957251669,Thu May 28 23:57:21 PDT 2009,NO_QUERY,stacespace,so much fun at the beach today!  and delicious dinner at @kimbononowowo's house!! i friggin love Mark and Josh!! I'm gonna miss them!! 
0,1957252101,Thu May 28 23:57:26 PDT 2009,NO_QUERY,kookijhe,just got back from school.  SHEMMS!! Summer class has been officially ended.  http://plurk.com/p/wxsgy
0,1957275711,Fri May 29 00:01:22 PDT 2009,NO_QUERY,abhishek_karna,"Mom asking if I'm feeling better after dargah visit. Dad swears he sees +ve &quot;change&quot;.  I am amused.   But yeah, still depressed "
0,1957311063,Fri May 29 00:07:18 PDT 2009,NO_QUERY,Sini74,Why don't we close the library due to the great weather?  And the ac isn't working  #fb
0,1957359624,Fri May 29 00:15:40 PDT 2009,NO_QUERY,iamjhernandez,I am soo happy! But frustrated at the same time!  :]  :S. Ohh noo!!! Britney is recording her new video for Radar!!!  Sooo ExxCiiTeed!!!
0,1957413593,Fri May 29 00:25:33 PDT 2009,NO_QUERY,lorraincium,"Last Chemistry lesson for this school year!  On a brighter note, my birthday will be sandwiched between two days in chemistry lab! "
0,1957562940,Fri May 29 00:53:38 PDT 2009,NO_QUERY,Avril4everr,I'm not here this weekend...  See you monday twitters 
0,1957692870,Fri May 29 01:18:08 PDT 2009,NO_QUERY,LianneThompson,is house bound with acute mumps  bad times.... whole day ov supernatural me thinks  x
0,1957740028,Fri May 29 01:27:31 PDT 2009,NO_QUERY,hussainhaidry,"@lavsmohan In my case, it's going to be exams showing me a thing or two.  I'm very much hopeful about November '09, though. "
0,1957743749,Fri May 29 01:28:15 PDT 2009,NO_QUERY,primaveron,@LimeIce awww... dangness!  i cant wait to see the picture!  lime green elements...wooot!
0,1958045010,Fri May 29 02:28:29 PDT 2009,NO_QUERY,Chappers67,@Damevegas am alive   but at work   finish at 1300   sun is out 
0,1958067960,Fri May 29 02:33:01 PDT 2009,NO_QUERY,BisexualManiac,@TheSims3 well us Brits have to wait a few more days for it!  I thought it was all gonna realized at once! I guess it's worth the wait! 
0,1958074359,Fri May 29 02:34:21 PDT 2009,NO_QUERY,xarcex,I did not twitt yesterday cause it was a very busy day but I'll be back tomorrow  BTW I can not sleep  I'm like in zombie mode @_@
0,1958086017,Fri May 29 02:36:47 PDT 2009,NO_QUERY,sallyormond,@HospitalityMan  got the laptop but no golden rings  This weekend's job is to get it all set up - oh joy
0,1958086773,Fri May 29 02:36:57 PDT 2009,NO_QUERY,BisexualManiac,well us Brits have to wait a few more days for it!  I thought it was all gonna released at once! I guess it's worth the wait! 
0,1960391282,Fri May 29 07:53:25 PDT 2009,NO_QUERY,haleytibbetts,@LaurenConrad    the hills is gunna be so different!! gl with your designing etc. 
0,1960631989,Fri May 29 08:15:56 PDT 2009,NO_QUERY,gracesmith,"Hey everyone  Bit of a hectic day for me, just back from the vets, @pradasmith has a bad infection &amp; is staying over the wkend "
0,1961268137,Fri May 29 09:14:23 PDT 2009,NO_QUERY,HRx3,I really miss my phone  i cant wait till my new one comes 
0,1961269073,Fri May 29 09:14:28 PDT 2009,NO_QUERY,BrandySanDiego,@socallove yeah  it will get better though  i know it! 
0,1961298167,Fri May 29 09:17:11 PDT 2009,NO_QUERY,skotakiscool,@lanceseabourn I know  but this sub is sooooo good 
0,1961571001,Fri May 29 09:42:31 PDT 2009,NO_QUERY,Gymshoes_,"Today isn't going the way I planned.  Early lunchbreak &amp; I may not be back til Mon. Weekend gonna be fun with friends, tho. "
0,1961656398,Fri May 29 09:50:31 PDT 2009,NO_QUERY,yashesh,@SujataChadha wish I could say the same about the weather in Mumbai. Its hot n horrible  but guess it friday so one reason to be 
0,1961656738,Fri May 29 09:50:33 PDT 2009,NO_QUERY,s0l_uk,@chenks seen that!  hopefully ebay replacement  will work for you!  but take it to bits anyway! lol
0,1962068099,Fri May 29 10:28:27 PDT 2009,NO_QUERY,lilwldchld,"@mikeneumann  You just want to go?? I know the feeling...  I'm ready to head back to the mountains, I won't go back till July "
0,1962137190,Fri May 29 10:34:49 PDT 2009,NO_QUERY,Emmurr,"Goood Dayy  Beeen shopping, didn't get what I wanted though  But my best friend has comeeee homeeee!! XD Ily Shannii x"
0,1962265422,Fri May 29 10:46:48 PDT 2009,NO_QUERY,ribzlike,Oh noes! The TV is broken  No red standby light or anything... checked the plug fuse... now to the inside 
0,1962572113,Fri May 29 11:15:15 PDT 2009,NO_QUERY,Tallis33,"so glad it is friday  two classes, then lazy afternoon. too bad it isnt nice and warm out today "
0,1962665114,Fri May 29 11:25:26 PDT 2009,NO_QUERY,silkexsp,@elisaxx http://twitpic.com/66y00 - Niceee  Hey i never get stickersss 
0,1962665546,Fri May 29 11:25:29 PDT 2009,NO_QUERY,firebuilt,@melii That's true.  It still sucks though 'cause I was all &quot;LOLOL I AM SO ORIGINAL--ohshit&quot; so. But yeah. Thanks! 
0,1962917220,Fri May 29 11:55:18 PDT 2009,NO_QUERY,saujia49,"@Zaidah1 i can't listen to music at work  I probably could try, but then i'll have to start hunting for a new job on monday "
0,1962919197,Fri May 29 11:55:30 PDT 2009,NO_QUERY,amyrod84,@Shan_Shan_West Im so excited to see u!! Its been forever  My lil Shan Shan gettin married!!  PS Did u really get a tattoo?? Lol
0,1962938661,Fri May 29 11:57:21 PDT 2009,NO_QUERY,cynders67,@geeketteFi and I SIT HERE all on my own doing nowt  hmmpfff lol..have a good night 
0,1963465869,Fri May 29 12:45:54 PDT 2009,NO_QUERY,Kirstyy09xX,@carolinejjordan are you on about BGT im not watching it tonight i cba  my mates where on it on tuesday  xx
0,1963482219,Fri May 29 12:47:25 PDT 2009,NO_QUERY,siofraxxx,i didnt get paid this week  roll on tuesday 
0,1963529093,Fri May 29 12:51:39 PDT 2009,NO_QUERY,Lamb_Leanne,BGT!!!!!!! - Will be gutted when it finishes tomorrow  - Stavros Flatley all the way! 
0,1963607255,Fri May 29 12:58:54 PDT 2009,NO_QUERY,DanyelleTauryce,"Its not looking too good outside  if this continues, i feel a movie night coming on... "
0,1963998429,Fri May 29 13:34:11 PDT 2009,NO_QUERY,druzilla47,@bloodyironist that sucks.  But woot for Misha. 
0,1964245422,Fri May 29 13:56:33 PDT 2009,NO_QUERY,archpopoy,@Need4Sheed_com Ohhh got it. It's the 8830 I think  I miss the Pistons  I really hope Joe D cooks up something big!
0,1964504945,Fri May 29 14:20:31 PDT 2009,NO_QUERY,IdaEmilia,EMO moment!!  Just said good bye to my best friends EVER! But we'll meet again for sure! 
0,1964669881,Fri May 29 14:36:37 PDT 2009,NO_QUERY,HolliePhillipsx,http://twitpic.com/67kvt - my bestie leah  havent seen her in so long 
0,1965505585,Fri May 29 16:02:23 PDT 2009,NO_QUERY,dolcelaalaa,@DomCorleone  oh hell yeah lol. im a vegetarian tho but i still cooks the mean =X im a traitor 
0,1965601765,Fri May 29 16:12:36 PDT 2009,NO_QUERY,Fire_at_will_xo,"@hopeless_hearts hey,got your text. cannae hen, family are comin over  i've got nae money to come to livi anyway  xxxx"
0,1965878527,Fri May 29 16:42:40 PDT 2009,NO_QUERY,jessicaconnell,"I love @mitchelmusso very much  I called him, but he was talking to other fans  I love you a lot Mitchel! I'll see u in El Cajon. June 7"
0,1966409513,Fri May 29 17:42:53 PDT 2009,NO_QUERY,sarahdisaster,@xoshattered_  i missed you. today was the greatest day ever. im burnt and shit lmfao. but it will be a nice tan. 11 rides in 6 hrs!  &lt;3
0,1966409627,Fri May 29 17:42:53 PDT 2009,NO_QUERY,Applecored,@ThisStarChild  hope yer ok hunny 
0,1966412243,Fri May 29 17:43:12 PDT 2009,NO_QUERY,WhoahItsTanisha,hanging out wit the family kinda boredd reading eclipse  MISSING MY GODFATHER 
0,1966483802,Fri May 29 17:51:05 PDT 2009,NO_QUERY,suzylily,"@missgiggly Awww we are a quality source of entertainment, huh?  Sorry you feel bleh though  Wish I could cheer you up!"
0,1966557719,Fri May 29 17:59:17 PDT 2009,NO_QUERY,zee_coke100,@GabrielSaporta you don't follow anyone?   // lol there's a party June 13 
0,1966577037,Fri May 29 18:01:18 PDT 2009,NO_QUERY,MarianaOxx,@mileycyrus aww!  but LA is great!  hope u have fun @ hannahs set! xoxo
0,1966636524,Fri May 29 18:07:32 PDT 2009,NO_QUERY,amiewolf,I'm preparing for a day of &quot;girl&quot; shopping. I had to buy foundation garments for my soon to be 8 year-old today  She is excited 
0,1966878300,Fri May 29 18:33:54 PDT 2009,NO_QUERY,Azi227,"@jasmika lol i heard. thats fine, as long as you can make it to the documentary.  i cant wait for chris to come back "
0,1966930373,Fri May 29 18:39:39 PDT 2009,NO_QUERY,velmadaria,@kristycurtis I know!!  tomorrow is the date...you could totally stow away...you AND lil' Beau! 
0,1967024872,Fri May 29 18:50:12 PDT 2009,NO_QUERY,stNERD,Omg. Envelope -- Drag me to hell LOL  Shucks to be Christine  I think she did deserve it.
0,1967078358,Fri May 29 18:56:07 PDT 2009,NO_QUERY,luxeislove,@couture Sorry I don't have any ass dimples.  I have very slight back dimples though! 
0,1967660126,Fri May 29 19:59:19 PDT 2009,NO_QUERY,SerenityWalk,@dee_carney Thanks Dee  It's just coz my boys go stay with their dad &amp; I miss them.  Even if they are obnoxious teens LOL
0,1967735038,Fri May 29 20:07:06 PDT 2009,NO_QUERY,macpoulet67," Raining tomorrow afternoon but its going to be very nice at 5 59! ! Hope it changes, I want it to be nicee in the afternoon&amp;nitee! "
0,1967754428,Fri May 29 20:09:11 PDT 2009,NO_QUERY,sadeqn,????? ???? ????? ??????. ?? ????? ? ???? ? ??????? ???? ???  I miss them in first seconds 
0,1968022520,Fri May 29 20:37:18 PDT 2009,NO_QUERY,mirz112,"@Maggianos Food was great, as usual  The server...notsomuch. He was horrible. "
0,1968115909,Fri May 29 20:47:21 PDT 2009,NO_QUERY,Kelliekk,Hello ALL  How we doin this fine day! its so cold today 
0,1968302063,Fri May 29 21:09:43 PDT 2009,NO_QUERY,mahtissi,@Dannymcfly I MISSING YOURS &quot;TWEET TWEET&quot;  but still love you  haha
0,1968352229,Fri May 29 21:15:36 PDT 2009,NO_QUERY,sydeshow,"Come mister tally man, tally me corona... daylight came and now it goes home  need more drinkies! "
0,1968450968,Fri May 29 21:27:54 PDT 2009,NO_QUERY,sunwrites,@captainblubear some interesting friends you've got.  you must find me so boring in contrast. 
0,1968481121,Fri May 29 21:31:39 PDT 2009,NO_QUERY,Kelliekk,@mandahoofs aww if i had know we could have totally Met up!  never mind. Maybe when im in vegas! 
0,1968589015,Fri May 29 21:45:42 PDT 2009,NO_QUERY,xoch_xoch,@WCGalore finally back on here- theyve blocked this at my work now  Boo. ya id love to go to Disneyland for the first time 
0,1968821692,Fri May 29 22:18:01 PDT 2009,NO_QUERY,amylovatojonas,@ddlovato i'm so happy 4 u &amp; sel!! i can't wait 4 both of ur albums they r gonna be beyond amazing!!  if only my dreams would come true 
0,1968862720,Fri May 29 22:24:12 PDT 2009,NO_QUERY,EarlFace,"@Littlebit323 boooo im sorry i woke you up  we will shop online asap, after i get my money on a card  !!!"
0,1968953276,Fri May 29 22:38:05 PDT 2009,NO_QUERY,turtlebeak,UP! So good!  and sad 
0,1969027751,Fri May 29 22:50:10 PDT 2009,NO_QUERY,shellingfox,#ddth Bï¿½n Host US giï¿½ siï¿½u r?: Host ch?m quï¿½  cï¿½ l? gi? ?i ki?m host Lï¿½o quï¿½  http://tinyurl.com/lmowd4
0,1969114728,Fri May 29 23:04:09 PDT 2009,NO_QUERY,immature,@lookafteryou yw  jk  i love you
0,1969126651,Fri May 29 23:06:03 PDT 2009,NO_QUERY,mrslaurenjonas,Lots o' movies time. Boy in the Striped Pajamas next  / 
0,1969290895,Fri May 29 23:34:46 PDT 2009,NO_QUERY,dtgrants,I'm off to try to catch some zzzz with hiccups!   Have a great evening. 
0,1969342980,Fri May 29 23:44:23 PDT 2009,NO_QUERY,Korumera,No good start the dance!  a Classic if you ask me! @ladypn @ work on the moment so no time to dance  ? http://blip.fm/~7b636
0,1969365678,Fri May 29 23:48:35 PDT 2009,NO_QUERY,ciscomata,Ok my last tweet is right now  Man I CAN'T STOP This I'm ADDICTED To TWITTER ok this is it yanks 
0,1969383342,Fri May 29 23:51:54 PDT 2009,NO_QUERY,iSelah, but then again 
0,1969493846,Sat May 30 00:12:43 PDT 2009,NO_QUERY,JuliaVuACN,@mpagtakhan_ i care  ... it'll get better 
0,1969572468,Sat May 30 00:28:44 PDT 2009,NO_QUERY,CommeDesFilles,ahhhh!!! so short preview of new moon!?!?  http://bit.ly/aYONa  watch this 
0,1969624813,Sat May 30 00:39:06 PDT 2009,NO_QUERY,ElaineToni,http://twitpic.com/68syn - No more food!?  hahaha! 
0,1969632132,Sat May 30 00:40:35 PDT 2009,NO_QUERY,RacheLyn5485,"@Ginger_Swan NO  Aunt FLO showed up 2 weeks late, dang, but we are trying "
0,1969644521,Sat May 30 00:43:11 PDT 2009,NO_QUERY,RebeccaLouiseA,only 3 more days of sunbathing  Going to get dressed to go to the swimming pool now 
0,1969701397,Sat May 30 00:55:10 PDT 2009,NO_QUERY,MsKnitSox,@JonathanRKnight that really was an awful trip!    so glad you made it safely to your place - hope you get that much needed rest.  
0,1969730545,Sat May 30 01:01:14 PDT 2009,NO_QUERY,SharonSmiles,I have been up all night and in tremendous amounts of pain!!  Whine over.  Pleased to see it's another beautiful day 
0,1969737322,Sat May 30 01:02:35 PDT 2009,NO_QUERY,RochelleYap,@AlisonWhee oops. yeah. the phone was engaged because my sister was talking  but its free now!  haha. redial aliballoony!
0,1969741140,Sat May 30 01:03:25 PDT 2009,NO_QUERY,pozicool_raga, yeah i know DC is not there yet...par phir bhi main nachoongi! 
0,1969747778,Sat May 30 01:04:52 PDT 2009,NO_QUERY,CandyCandy_,Going to our summercottage  no internet for 2 days 
0,1969765804,Sat May 30 01:08:46 PDT 2009,NO_QUERY,lillilinchen,@Steffi51290 4 me too  but we have a second chance at the final exams  ok shit.. they will be difficult toooooooooooooooooo 
0,1969800249,Sat May 30 01:16:25 PDT 2009,NO_QUERY,typicaal,"Where's the sun?  Okay so today, gonna try to get the trampolin fixed and then going w/ my best friend to an island nearby "
0,1969837706,Sat May 30 01:25:03 PDT 2009,NO_QUERY,XxPixxieexX,@swiftkaratechop Loll..I was tryin' to stay up all night and failed at about midnight    woke up at 5 for a bit then went back to sleep 
0,1969964899,Sat May 30 01:54:49 PDT 2009,NO_QUERY,Devar,@antzpantz yes you should  oh well 
0,1970084853,Sat May 30 02:23:29 PDT 2009,NO_QUERY,dazzydoo,Morning - going shopping in a little bit  n then I'm off to a sleepover ski doubt I'll be tweeting agen 
0,1970091730,Sat May 30 02:25:11 PDT 2009,NO_QUERY,Isil_Loves_Mcr,"@geesmyangel Hey,Thanks I hope too .Exams were went  lol.Good Morning as well.I hope everything is good  xoxo"
0,1970149123,Sat May 30 02:39:23 PDT 2009,NO_QUERY,IamDoctorIan,@Promo_Princess I can't!   :-D
0,1970174313,Sat May 30 02:45:48 PDT 2009,NO_QUERY,Jessi_w,off out in a min  aww well free lunch 
0,1970178052,Sat May 30 02:46:43 PDT 2009,NO_QUERY,urbanandtrendy,@karla_deras love your purchases! specially the jacket  It's a pity that here where I live we haven't got topshop 
0,1970180640,Sat May 30 02:47:23 PDT 2009,NO_QUERY,scarboy,@Garf87 ROFL i was JUST about to post that  Stupid year to wait 
0,1970203258,Sat May 30 02:52:59 PDT 2009,NO_QUERY,simplysety,I loooooooooove my boyfriend!!!!!!  Annnd: i have to get up in 5 hrs for work  bbooo!
0,1970244943,Sat May 30 03:03:22 PDT 2009,NO_QUERY,rhys_i_baby,@LucyGuy1 indeed  Bye 
0,1970278542,Sat May 30 03:11:44 PDT 2009,NO_QUERY,ANF_x,"Min, am tired still  OOH. the time is 11:11 :o my 16th bday tomorrow! "
0,1970384899,Sat May 30 03:39:08 PDT 2009,NO_QUERY,TehStalker,i got growing pains in my legs which means i am getting taller  but i am losing my huggable size though 
0,1970470308,Sat May 30 04:00:04 PDT 2009,NO_QUERY,imaginemylove,i felt so sorry for that hollie on britains got talent last night  glad she got through 
0,1970495312,Sat May 30 04:05:44 PDT 2009,NO_QUERY,AbiLovesMcFlyx,@tommcfly      We'll make you win tom.!      Wow this feels weird i dont know what to say and i may have wasted your time   But anyway(:
0,1970528479,Sat May 30 04:13:41 PDT 2009,NO_QUERY,katewinney,"errr morning :s nice day  sun is shining i have the entire day and night off  woo, really bad tooth ache from brace  oh well tweet me!"
0,1970621528,Sat May 30 04:35:51 PDT 2009,NO_QUERY,frankie_alba,Just got back home. I watched Terminator.  It was okay.. Hahaha. Nuggets are out.. 
0,1970637122,Sat May 30 04:39:32 PDT 2009,NO_QUERY,jeremi,"If someone does not want his G2phone from google IO, I'm interested  I can't find any android phone in china "
0,1970674353,Sat May 30 04:48:00 PDT 2009,NO_QUERY,Beckylalala,cant sleeep :I hmm in a few hours six flagss wooot  and tomorrow mexico 
0,1970690862,Sat May 30 04:51:41 PDT 2009,NO_QUERY,thebrownbarbie,Shayla is sitting in makeup.......TIRED!!!!      / 
0,1970776775,Sat May 30 05:10:19 PDT 2009,NO_QUERY,Missing_Lyrics,OOooooh Violet Hill is at 42 plays on my itunes   im gonna change that by playing it again 
0,1970944769,Sat May 30 05:44:40 PDT 2009,NO_QUERY,StephEdwards93,@nikrichie aww  why dont you go to bed and just relax if you cant fall asleep  if you can then dream a wonderful dream  x
0,1970972117,Sat May 30 05:49:55 PDT 2009,NO_QUERY,thisisanna,@AlexAllTimeLow I asked Jack but he didnt reply  so I'm gonna ask you. Are you guys gonna have a signing in Melbourne? 
0,1970973168,Sat May 30 05:50:06 PDT 2009,NO_QUERY,thisisanna,@AlexAllTime I asked Jack but he didnt reply  so I'm gonna ask you. Are you guys gonna have a signing in Melbourne? 
0,1971005560,Sat May 30 05:56:11 PDT 2009,NO_QUERY,orbitaldiamonds,"@zestylime A bit, yeah, thanks.  Missed Fizzy and Chris for the second day in a row, though. "
0,1971089398,Sat May 30 06:10:55 PDT 2009,NO_QUERY,nySparkled,@KuraThaIllest6 awww  it won't b that bad! Just listen to music and play brick breaker!!!! 
0,1971122723,Sat May 30 06:16:40 PDT 2009,NO_QUERY,laura_x3,is back from revising  i dont know what to wear tonight 
0,1971134959,Sat May 30 06:18:46 PDT 2009,NO_QUERY,siyab,"@sumesh I know  . Sure, tell me when you release it "
0,1971231161,Sat May 30 06:34:36 PDT 2009,NO_QUERY,martinpacker,"Off to look at #Python books, along with the USUAL weekly shop.  Computer book selection in #Poughkeepsie is pretty limited. "
0,1971258231,Sat May 30 06:39:04 PDT 2009,NO_QUERY,fuelevandown,I cant wait!  really wish he was coming along though too...  oh well... Theres always next week
0,1971280586,Sat May 30 06:42:42 PDT 2009,NO_QUERY,anhhung,"@mintran nghe heavy v?i death metal hay wa, ballad nh? l?m  tu?n sau s? vï¿½c usb sang chï¿½p death "
0,1971484646,Sat May 30 07:13:17 PDT 2009,NO_QUERY,keithcomp,Upward Soccer this morning.  Final games  / 
0,1971497256,Sat May 30 07:14:56 PDT 2009,NO_QUERY,nammtmcjm,"up and at um.    Sunshiny a.m., low humidity and guess what...I have ironing to do.  "
0,1971497459,Sat May 30 07:14:58 PDT 2009,NO_QUERY,xXHAZELXx,@DREAMINGOFD yeah it is lovley for a change LOL but nothing to do outside  so I get bored LOL have a great day too!  xoxo
0,1971498337,Sat May 30 07:15:04 PDT 2009,NO_QUERY,CJonesy14,Chelsea got scored on in the 1st 30 seconds ... Come on  FIFA cup is on so if your a true Fubol fan you best be watchin 
0,1971590216,Sat May 30 07:26:58 PDT 2009,NO_QUERY,juzgalvez,@victoriacandy WOW!! how short? I want one too!  ... and a tattoo 
0,1971618697,Sat May 30 07:30:57 PDT 2009,NO_QUERY,ethantheweiner,just got home from dylans. have to clean all day. fun   ...... NOT 
0,1971676300,Sat May 30 07:38:55 PDT 2009,NO_QUERY,RenesmeeCullen9,prepare my sweet sixteen party  so much to do 
0,1971738445,Sat May 30 07:47:21 PDT 2009,NO_QUERY,olivia_15,@therealpickler OMG me 2!!! and the virus i have have made me hurt my neck   i hope u get better 
0,1971954721,Sat May 30 08:15:12 PDT 2009,NO_QUERY,HeatherShea,@darker_artic sunny and 80 degrees!!!  Too bad I have to work today  What about you? How are you?
0,1972032692,Sat May 30 08:25:10 PDT 2009,NO_QUERY,SarahSymmonds,"@ramdomthoughts no clothes, no iphone!!   got the boys sorted with school shoes etc  Really nice 2 meet u! really enjoyed our chat!x"
0,1972032864,Sat May 30 08:25:11 PDT 2009,NO_QUERY,peachcupcake,"@NuJurzyBoricua oh no ! what happened to your car ?  its nice you get to see your friend and your dad though, its a gorgeous day today. "
0,1972064564,Sat May 30 08:29:15 PDT 2009,NO_QUERY,kilroyfirelizrd,@shinyminidrake Come to Atlanta afterwards!  Though sadly I think by the time you got here I'd be gone  Hope you get out of there ASAP!
0,1972082771,Sat May 30 08:31:25 PDT 2009,NO_QUERY,djsuupaa,"@tiffania yeah, I just had sniffles yesterday, but today I have a little cough too  hopefully suffering now will help me feel better. "
0,1972132234,Sat May 30 08:37:32 PDT 2009,NO_QUERY,ChrisMissal,I sure wish I was at any one of the 3 big codecamps going on today  ...but friends getting married is always a good day!  #fb
0,1972193428,Sat May 30 08:45:07 PDT 2009,NO_QUERY,Tanya_xO,Backkk  Omg I got eaten by nats! 
0,1972212764,Sat May 30 08:47:32 PDT 2009,NO_QUERY,cheeseyy,@dinibeanie yeah trying to study so hard right now.  how are you going with exam study? ... blink 182 are the best. 
0,1972293093,Sat May 30 08:57:14 PDT 2009,NO_QUERY,lalayu,@Kcatz mon night  ..you coming????? 
0,1972401189,Sat May 30 09:09:19 PDT 2009,NO_QUERY,HayleyBee1,Been left in the house alone with my brothers.  Lmao 
0,1972453559,Sat May 30 09:15:15 PDT 2009,NO_QUERY,imyourcupcake,"Why did the US lose the Viet war? I need some ideas for my history assigment, any feedback would be most appreciated  ;bad headache "
0,1972454974,Sat May 30 09:15:25 PDT 2009,NO_QUERY,NPCarling26,@JD_2020 http://twitpic.com/68rqm - Happens to me all the time unfortunately.  But usually I don't have to close the bag! 
0,1972490298,Sat May 30 09:19:26 PDT 2009,NO_QUERY,kimbo1992,@Fearnecotton Friendly fires = TUNE!!!!! Am now dancing in the sunshine!!!!  Ooooops sorry i know your missing it  Bad times 
0,1972615593,Sat May 30 09:33:35 PDT 2009,NO_QUERY,Jane_Platt,@CullenHouse thats was the worst bit i read in the WHOLE saga... it made my heart sink!!  do some happy NM quotes 
0,1972773844,Sat May 30 09:51:40 PDT 2009,NO_QUERY,Georgia_Ellis_x,Packing My Bag For School On Monday  Ohh Well. The Holiday Was Good. Cinema Tomorrow 
0,1972789243,Sat May 30 09:53:26 PDT 2009,NO_QUERY,MrMcShine,Goal: get 500 updates before school on Monday  -- back hurts 
0,1973087022,Sat May 30 10:27:36 PDT 2009,NO_QUERY,dani,@anca_foster well ive pulled an all nighter so im hopin' to sleep eventually ;) sorry ur knee hurts  im sending get well kisses at ya 
0,1973518810,Sat May 30 11:18:25 PDT 2009,NO_QUERY,joshwinningham,Seattle today. One last time!  and  at the same time.
0,1973535964,Sat May 30 11:20:26 PDT 2009,NO_QUERY,Chloejp1,"@emilycathh yeeeeee he's so cute, he's got a ded nice smile n he started cryin  x flawless were awsum 2 "
0,1973622172,Sat May 30 11:30:40 PDT 2009,NO_QUERY,thearthishot,@karlenenene HAHA! I have no timeee!!  And twitter's so much easier+faster 
0,1973776195,Sat May 30 11:48:44 PDT 2009,NO_QUERY,crazy_iass,here i amï¿½ï¿½    haha i dont want to do homework 
0,1973878815,Sat May 30 12:00:39 PDT 2009,NO_QUERY,ShAnStEwArT1984,"Hey, I'm waiting for my flight!  My mom cried harder than usual this time    Chicago. . .I'll be home around 7   *S. I. S.*"
0,1973881200,Sat May 30 12:00:55 PDT 2009,NO_QUERY,isabellemooney,"Friends have gone home now    Watching Britains got Talent, Stavros Flatley rule! Too Grand is Too Cute and Flawless should Win!  "
0,1973966406,Sat May 30 12:10:44 PDT 2009,NO_QUERY,Anne_A4L,@nesquicus simon said aidan wasnt as gd as last night tho  ooh FINALLY vlog!  and yes diversity were AMAZING!!! AHHHH!!!!   
0,1973967860,Sat May 30 12:10:54 PDT 2009,NO_QUERY,blacklabel8829,Totally didn't get carded at dinner last night.  But at least they checked my ID at the 'sto. 
0,1974268607,Sat May 30 12:46:55 PDT 2009,NO_QUERY,goalieaunt,Pushing Daisies is on tonight &amp; Sunday  opposite Stanley cup finals.  Thank goodness for DVR 
0,1974644885,Sat May 30 13:33:19 PDT 2009,NO_QUERY,AmbientLights,Happy Saturday Tweeites!!  It's a beautiful day today but I'm inside working   The kids got to go to the park tho 
0,1974661675,Sat May 30 13:35:21 PDT 2009,NO_QUERY,SoupyLaura,Sitting in dad's garden listening to iPod.  just been the park but discovered were too big go on the seasaw and the climbing frame! 
0,1974742852,Sat May 30 13:45:19 PDT 2009,NO_QUERY,JenJenXD,GOD! The Suspese Is Killing Me  Just Voted My Last Vote To Diversity 
0,1974742920,Sat May 30 13:45:20 PDT 2009,NO_QUERY,KristineDulay,"@TWITTAH_G I know  everytime I see commercials I get sad, but I have no patience for touch screen..I learned. &amp; I'm in love w/my bb "
0,1975074339,Sat May 30 14:23:34 PDT 2009,NO_QUERY,beaalv,"@Jonasbrothers I was desepointed about the stage in chile  but , I loved the show  plz come back to chile  "
0,1975295183,Sat May 30 14:51:30 PDT 2009,NO_QUERY,Louisajn,"@alexandramusic DIVERSITY WON  it was between saxophone player, susan boyle and diversity. i wanted shaheen to do win "
0,1975327325,Sat May 30 14:55:35 PDT 2009,NO_QUERY,tishtashtosh13,And Santa and the Toothfairy dont exist  By the way doggy paddle is a legitimate way to keep balance  x
0,1975441103,Sat May 30 15:09:49 PDT 2009,NO_QUERY,MusicIsHealthy,@SSjUmi cool! I want it too  I'm gonna buy it 
0,1975505100,Sat May 30 15:17:59 PDT 2009,NO_QUERY,AlexArnold_,OK my twiiter is officialy somehow broken  Ohhh welll !! Jonas brothers and Demi Lovato in 14 dayssssssss 
0,1975660555,Sat May 30 15:37:46 PDT 2009,NO_QUERY,tx76mike,still at the mac store... got my phone swapped  wont do a white one tho 
0,1975662397,Sat May 30 15:38:01 PDT 2009,NO_QUERY,nic_white,@Michaelturnbull v easy to spend too much in Zara. I did same directly after seeing shopaholic film warning against excessive spending  
0,1975786772,Sat May 30 15:54:07 PDT 2009,NO_QUERY,xOlivia_,"man, its meant ti be even sunnier tomrrow than it was today ....scorrrreeeee!  i dotn even tan though "
0,1975786807,Sat May 30 15:54:07 PDT 2009,NO_QUERY,veronicalynn,@kimberliea fail  I didn't even see him while we were there. &amp; I like the way you think! I'm going with all of the above! 
0,1976059832,Sat May 30 16:30:01 PDT 2009,NO_QUERY,adriwadri,taking the hp trivia on facebook again  then later im making a list of what to do during my last week of summer 
0,1976336876,Sat May 30 17:06:21 PDT 2009,NO_QUERY,AlysheeaPM,"At my mothers (:Watching I Dream of Genie, it's alright :Lgoing home soon  Should still be sleeping haha This laptops crap, I want mine "
0,1976349600,Sat May 30 17:08:01 PDT 2009,NO_QUERY,ppotts09,"went to the junk yard...delaney was cute ! , got our down payment back  &amp;     , went to dinner then walmart..."
0,1976426743,Sat May 30 17:18:17 PDT 2009,NO_QUERY,AleVH,@stars202 Cars  Bugs life : l Incredibles 
0,1976517950,Sat May 30 18:20:17 PDT 2009,NO_QUERY,MelloYellowMop,@raddfayce -pumps air into them-  CPR!  ... 
0,1976743986,Sat May 30 18:56:27 PDT 2009,NO_QUERY,nvrgrwoldnvrdie,dying for an ice cold drink but all i have is beer  
0,1976810843,Sat May 30 19:08:43 PDT 2009,NO_QUERY,AlyxxDione,I recorded 10 songs n three days. My voice is :-/ so I'm on vocal rest  but yea the songs are bizzzzzomb! 
0,1976847693,Sat May 30 19:16:57 PDT 2009,NO_QUERY,twheresweevil,Just finished watching the last two eps of Southland. HOLY. SHIT. I love this show. It needs to be back already. Time for PD now.  
0,1976971575,Sat May 30 19:44:32 PDT 2009,NO_QUERY,AshleyMagan,@Jessie_Lou_Fyi oooh no they melted AGAIN!!  lol naa.. cant be GA has to be hotter.... 
0,1976983155,Sat May 30 19:46:43 PDT 2009,NO_QUERY,jehmcfly,@tommcfly toooooooooooooom  tell me that you'll be right back to Brazil soon 
0,1976996242,Sat May 30 19:49:05 PDT 2009,NO_QUERY,areeshababy,home from work...boreddd got to see @m_sassy today  missin @kelseygirardot 
0,1977183710,Sat May 30 20:19:01 PDT 2009,NO_QUERY,nedwin,Beautiful day outside . I'm going to uni  then to workshop for bloggers delight 
0,1977220203,Sat May 30 20:24:59 PDT 2009,NO_QUERY,mln2784,I DONT LIKE GIRLS SARAH  NICKS A GUY SILLY 
0,1977230722,Sat May 30 20:26:36 PDT 2009,NO_QUERY,Bubbles_Fly,"eating some double choc chip cookies, yum, the only downside is that there are crumbs falling on/in to my laptop...  &amp; "
0,1977293188,Sat May 30 20:36:46 PDT 2009,NO_QUERY,miss_k_renee,@MikEE002 Geeez thanks! Lol just joking but FINALLY  .. aww I've had a shitty 2 days  so I feel ya!
0,1977330445,Sat May 30 20:43:02 PDT 2009,NO_QUERY,MarkGilesHRP,Then they suddenly decided to jump out while over Montana.  Woke up to find them still beside me.  disappointed and mad.   
0,1977366087,Sat May 30 20:49:17 PDT 2009,NO_QUERY,annalisaceccato,just woke up about 10 min ago cause only had an hour sleep yesterday  now really bored want to go shopping 
0,1977366664,Sat May 30 20:49:24 PDT 2009,NO_QUERY,gillat,@lizasperling excellent   So you don't have any camera to try it with?  
0,1977511509,Sat May 30 21:07:13 PDT 2009,NO_QUERY,KalKulated,"is sad that there are no more puppet commercials!  But as long as Kobe doesnt win, I'm happy! "
0,1977625382,Sat May 30 21:21:10 PDT 2009,NO_QUERY,BrittanyPippin,"so happy, but so sad ....  / "
0,1977761720,Sat May 30 21:39:10 PDT 2009,NO_QUERY,JennawithaB,I'm having an awesome weekend  But my Vid for endushunger won't load to send...even my STudio Suite is being weird 
0,1977809035,Sat May 30 21:45:30 PDT 2009,NO_QUERY,feelingsinister,@weirdturnedpro i am indeed! enjoying my final day of freedom before *sniff* work tomorrow.  lunch? 
0,1977822722,Sat May 30 21:47:21 PDT 2009,NO_QUERY,mdavid,"@Meryl333 Haven't heard from you forever!   So glad to hear from you now, though!  How are you?!"
0,1978027912,Sat May 30 22:15:44 PDT 2009,NO_QUERY,lesleeyvonne,Yeah sarah!! At my bouse!  lol.  I misss Fresno.
0,1978094335,Sat May 30 22:25:39 PDT 2009,NO_QUERY,gymshortDARRELL,GREAT night with evetta and shane  Gay movie though..  can't wait to get my toes did tomorrow  hahaha by the way no more monsters for me
0,1978095118,Sat May 30 22:25:47 PDT 2009,NO_QUERY,Wilfner,@atinblow  ~  What happened to your tweeter ?   Did you lose it in February ?  You are missed.    
0,1978117620,Sat May 30 22:29:18 PDT 2009,NO_QUERY,Kutski,Singapore was OFF THE HOOK last night  forced my self up early to see the place in the day as i leave at 11pm tonight  not enough time!
0,1978274592,Sat May 30 22:53:40 PDT 2009,NO_QUERY,pat3537,Accidentally scrobbled a Pink Floyd song   Purposely scrobbled many Ike  Reilly songs though 
0,1978299065,Sat May 30 22:57:39 PDT 2009,NO_QUERY,AnolaGranola,off work. all day shift got me tired. home. wanna do something but sibs are here...  it's cool i miss them too 
0,1978358990,Sat May 30 23:07:20 PDT 2009,NO_QUERY,camgroth,Weekend is nearly over  5th last working day at work for me tomorrow  I can't wait!!
0,1978674036,Sun May 31 00:05:41 PDT 2009,NO_QUERY,chellebelle12xo,closed my phone on my finger  and it hurt like a bitch lol going to bed now i guess.. goodnight! 
0,1978703875,Sun May 31 00:11:23 PDT 2009,NO_QUERY,sady_sadz,Confessions Of A Shopaholic Was Great! Marley &amp; Me Was Great Too!  Origins Today ;) + I'm Sick  And @bhish_88 GOOD FOR YOU :
0,1978706147,Sun May 31 00:11:50 PDT 2009,NO_QUERY,aj_javier21,"playoffs.  cavaliers lost.  orlando magic won, L.A lakers vs. Orlando magic. wee. (championship)"
0,1978708145,Sun May 31 00:12:13 PDT 2009,NO_QUERY,Tas_E,"@reneenay http://twitpic.com/6bjlw - Oooh, Weimaraner? They are soo pretty.  My poor little dog has to have surgery next week. "
0,1978768883,Sun May 31 00:24:16 PDT 2009,NO_QUERY,Sidney96,"School tomorrow    It doesn't feel right without my lucky &lt;3   Unlike nadine, I have finshed my dt homework  good luck      8)"
0,1978925738,Sun May 31 00:57:43 PDT 2009,NO_QUERY,khushee,Finished reading &quot;Seven Ancient Wonders&quot;. Still not feeling better  Wonder what's for dinner 
0,1978945483,Sun May 31 01:01:50 PDT 2009,NO_QUERY,anartistexposed,@carnalis it was an excellent meal - will divulge fooderotica later ;-) woke with toothache in the night  City walk for exercise today 
0,1978962852,Sun May 31 01:05:45 PDT 2009,NO_QUERY,LucyMarie85,@MakeupLoveer  thank u sweetie  have a fun day too. just watched your new videos AWESOME!! wouldnt let me comment   xx
0,1979073094,Sun May 31 01:31:41 PDT 2009,NO_QUERY,_shannon1234,"@semsy Me either! Poor guy  Anyway, how are ya? "
0,1979105177,Sun May 31 01:39:35 PDT 2009,NO_QUERY,ami2411,School tomorrow. Back to exams  happy i'll get to see everyone (well most ppl) again though 
0,1979113958,Sun May 31 01:41:39 PDT 2009,NO_QUERY,BobbiATT18,"@brooklynoop Hiyas! Doin' ok, and yourself?? @xdahlia Awwww  I sowwy! Sleep! @Jaaycooxo Lol, niiiiice.  No shame in the Noopy love! lol"
0,1979114311,Sun May 31 01:41:44 PDT 2009,NO_QUERY,racheladinda,@kevin___206 Not yet!  R U gunna meet @misswhadevr tonite? How fuuuun... I miss our Oh La La times 
0,1979131918,Sun May 31 01:46:00 PDT 2009,NO_QUERY,itsmrgomez,@lanididit aww you didn't tell me you felt sick   hope you feel better! 
0,1979173907,Sun May 31 01:56:12 PDT 2009,NO_QUERY,miss_kayti,"Doctor Who is on today, yay  I'm gonna miss David Tennant "
0,1979209147,Sun May 31 02:04:28 PDT 2009,NO_QUERY,tannwick,@SapphyNo1 Tom has been &quot;daft&quot; all week too - really hyper  Never mind 6 or so weeks left  &lt;Not thinking about the levels of work&gt; ;)
0,1979248260,Sun May 31 02:14:21 PDT 2009,NO_QUERY,pmeds,@erikamodina Yeah   she sucks fuck YOU pat medina! FCKKU!  omg what if she sees this again ? HAHA
0,1979263380,Sun May 31 02:18:04 PDT 2009,NO_QUERY,Schmickeys,I up!  woaahh. today: Hannah Montana on TV after that cinema: Night atg museum2!! yay-- but I miss Selina so much! 
0,1979312915,Sun May 31 02:30:37 PDT 2009,NO_QUERY,mchelleyy,@janine_j9 ahahaha.  lol you should see it with me though. 
0,1979316435,Sun May 31 02:31:28 PDT 2009,NO_QUERY,marsdewd,"@Gem_92 no not much working mainly,sorry it's boring but true  great news about your new gf I hope you2 will be very happy "
0,1979320172,Sun May 31 02:32:25 PDT 2009,NO_QUERY,meggyprinsesa,says miss ko na muchy si @HOL_mArK  attached much?  http://plurk.com/p/xd1gp
0,1979373775,Sun May 31 02:46:07 PDT 2009,NO_QUERY,fjkeogh,@donna12 it's gr8 only downside no footie  yes spending the day in the garden reading papers listening to i-pod sneaky beer or 2   u?
0,1979391094,Sun May 31 02:50:43 PDT 2009,NO_QUERY,helloinfinite,Good ole thai food at thai express sans bear..  
0,1979396663,Sun May 31 02:52:09 PDT 2009,NO_QUERY,discomaniac,can't wait to tumblr! it is addicting. JOIN NOW!  off to mass! asdgklfl the rain  i think we'll be late and we have to sit outside. 
0,1979562113,Sun May 31 03:34:54 PDT 2009,NO_QUERY,hayleytrotter,Ahhh i think CIbulkova is about to beat Szavay...   I love Agnes! Everyone watch Roland Garros 
0,1979568140,Sun May 31 03:36:25 PDT 2009,NO_QUERY,jaybeean,I don't want david tennant to leave  stay forever. man doctor who is an amazing show. calls for marathons on the holidays &amp; i cant wait 
0,1979614021,Sun May 31 03:48:19 PDT 2009,NO_QUERY,eddpost,"Looking out the window thinking all i want to do is sun bathe, but I have to get on a train for 6.5 hours!!!   Enjoy it everyone  x"
0,1979638498,Sun May 31 03:54:14 PDT 2009,NO_QUERY,RosyIR,"http://bit.ly/QCpNd  , I guess that this will happen again this year   pur hubby"
0,1979649120,Sun May 31 03:56:50 PDT 2009,NO_QUERY,WTFDaisy,Exams tomorrow and Tuesday  So I'm revising ratio and watching Kate's box set of friends and drinking vimto 
0,1979675617,Sun May 31 04:03:05 PDT 2009,NO_QUERY,Patty_92,@aprilcullen i hate you now!  
0,1979765929,Sun May 31 04:25:06 PDT 2009,NO_QUERY,lasic,"@jabogan LOL, why creepy?  ok with me... bummer, school Moodle is down prob'ly due to upgrade at DET this w'end - back Tue, sorry "
0,1979779289,Sun May 31 04:28:24 PDT 2009,NO_QUERY,pisnimbus89,"Photo: kut3ng: hell yeah.. Blindside!  ï¿½ Man, I really miss Survivor.  http://tumblr.com/xf31ww4xi"
0,1979788418,Sun May 31 04:30:31 PDT 2009,NO_QUERY,helen456,"@moss1982 thanks  i can only do 1 date now  is it bad but if Sign were supporting,id do more dates?!"
0,1979791374,Sun May 31 04:31:12 PDT 2009,NO_QUERY,club1985xxx,@kerrylouisexxx I stayed there  I will do lovely. So sorry I've not been in touch. I've been soooo I'll  xxx
0,1979816065,Sun May 31 04:37:14 PDT 2009,NO_QUERY,arcanjo,baixando the dark nigth em 1080p  11Gb 
0,1979823707,Sun May 31 04:39:04 PDT 2009,NO_QUERY,gilleski,@cramstr27 oh great! we will have soooo much fun as usual!  poor alix rest in peace 
0,1979832610,Sun May 31 04:41:13 PDT 2009,NO_QUERY,DiAnna_Bby,Gettin ready to go to work.  sleepy as shit. Got me a nos though   (lOVE fOR $$$;]
0,1979855348,Sun May 31 04:46:43 PDT 2009,NO_QUERY,SaraahPcd,"@dollforlife I don't know  , But i'll find a way ! "
0,1979906790,Sun May 31 04:58:54 PDT 2009,NO_QUERY,VelcroShoes,@ch1stnut1 ARGH your birthday party was totally super awesome dude!! Loved it massively  BAH revision  otherwise  xx
0,1979990186,Sun May 31 05:17:27 PDT 2009,NO_QUERY,XxKaTeAnxX,JLS NEW ALBUM COMING OUT ON THE 3RD JULY !!!! :-D can't wait for it to come out !!!!  but the down side is at alton tower  xxxx
0,1980025151,Sun May 31 05:25:09 PDT 2009,NO_QUERY,chelsea1998,"happy bday to my friend, Laura!! ;) last exams tomorrow!!  havin' a badd coldd. "
0,1980027436,Sun May 31 05:25:39 PDT 2009,NO_QUERY,jaimekelley,"i am definetely going to be a wreck this friday night. i'm gonna miss it soo much   but.. next year, of course. goin' back ta b-wat "
0,1980062309,Sun May 31 05:33:01 PDT 2009,NO_QUERY,Cat__W,"grrr the twitter thing wont upload my picture  stupid thing, so im just an X in a box atm "
0,1980065476,Sun May 31 05:33:43 PDT 2009,NO_QUERY,dhantypotter,Thank you guys   *hugs*
0,1980071963,Sun May 31 05:35:07 PDT 2009,NO_QUERY,sojufied,gonna try and get some sleep before i gotta head off to work. another long work week  ...can't wait til friday! karaoke and gyukaku 
0,1980149033,Sun May 31 05:51:18 PDT 2009,NO_QUERY,iwouldbecallie,@imightbedanni hi tweeter friend. I'm sorry we did not have the pleasure of hanging out  soon enough we'll b free...then SONSHINE!!!! 
0,1980295811,Sun May 31 06:19:14 PDT 2009,NO_QUERY,carrotstick25,@dizyodude: Alex!!! Why didnt you come  sad...Masaya outing haha Walang tulugan and videoke galore  Not much alcoholic drinks though :-/
0,1980297137,Sun May 31 06:19:30 PDT 2009,NO_QUERY,EwanB1988,"Another sad lonely day  ... oh well, at least I have ice-cream! "
0,1980309115,Sun May 31 06:21:38 PDT 2009,NO_QUERY,MrSaints,@rawrceline sorry lehhhh! your not dumb la  LOL! you are pro 
0,1980351875,Sun May 31 06:29:27 PDT 2009,NO_QUERY,AlexandraWarner,is loving this weather.But cant believe were back in school tomorrow  So hope these 7 weeks go quick then another 6 weeks off thank god 
0,1980400142,Sun May 31 06:37:56 PDT 2009,NO_QUERY,true_love_way,"@PlumCrazyy I FECKING LOVE THE MELONS. I LOVE YOU MONDO!  venturing outside, perhaps to just drink water, i have no energy! "
0,1980423297,Sun May 31 06:42:03 PDT 2009,NO_QUERY,Tweetiebaby,~~~X0X0~~~!!!X0X0!!!      I love you!!!  &amp; I miss you!!! 
0,1980445931,Sun May 31 06:46:04 PDT 2009,NO_QUERY,hanniiee_,"hiding from the sun since i got burnt yesterday   ah well, norman cooks brimful of asha is enough to cheer anyone up "
0,1980552063,Sun May 31 07:03:36 PDT 2009,NO_QUERY,hystericalbee,@tommcfly tweet us all?? including me  ? hope so 
0,1980554762,Sun May 31 07:04:03 PDT 2009,NO_QUERY,jemjem1983,@jepsipepsi awww rain?  it's so hot and sunny here in Ipswich 
0,1980655318,Sun May 31 07:19:55 PDT 2009,NO_QUERY,bmacwuzzhur5,I have a damn headache! So much for getting my beauty sleep   princess 
0,1980899009,Sun May 31 07:57:04 PDT 2009,NO_QUERY,KazBT,"@irrum *smishes*  Hee. DUDE. You HAVE to when you can, k? I want next season nooooow  lol"
0,1981071206,Sun May 31 08:20:59 PDT 2009,NO_QUERY,smileymango,@alicebates LOLO  Awwww thats so cute. I want a tortoise 
0,1981190523,Sun May 31 08:37:15 PDT 2009,NO_QUERY,amazingchipmunk,still sickish  ... but second city lessons today!!   (just hope i dont infect everyone...lol)
0,1981266195,Sun May 31 08:47:24 PDT 2009,NO_QUERY,HappyCassie,@BradtheGleek my body refuses to tan  but I've come to love my creamy white skin  AND I WANNA GO SWIMMING MAHN!
0,1981266476,Sun May 31 08:47:26 PDT 2009,NO_QUERY,Conceet,I've been out in the sun WAAAy to much today..  But at least I got a tan! 
0,1981310059,Sun May 31 08:53:07 PDT 2009,NO_QUERY,holtong,@tomwilliamsboat I know  so excited  xxx
0,1981390181,Sun May 31 09:03:07 PDT 2009,NO_QUERY,bryan_kavanagh,@JimmyVo DBs haven't got access to KBs in the gym I was training in  still good tho 
0,1981407027,Sun May 31 09:05:14 PDT 2009,NO_QUERY,chrispowell,Fell in love with a house yesterday.  Saw the price. Fell out of love. 
0,1981422344,Sun May 31 09:07:12 PDT 2009,NO_QUERY,nettekulet,@mulder8scully5 oh... sorry... im sad for you..   Request ka na lang TMH sa RX. 
0,1981455916,Sun May 31 09:11:27 PDT 2009,NO_QUERY,scorpio1641,@risha_ I can't even get into VB  Even the server monkeys are mourning   
0,1981502769,Sun May 31 09:17:20 PDT 2009,NO_QUERY,josephpuyat,"I want new HyperDunkssss!  Still the best basketball shoe, ever. "
0,1981595492,Sun May 31 09:29:18 PDT 2009,NO_QUERY,AngelwithShoes,"Only after I said WP doesn't support Twitter application, I found it's in the widgets.  Now I added it in my blog. "
0,1981659566,Sun May 31 09:37:26 PDT 2009,NO_QUERY,kirsties4,rafa lost  almost cried but he will come bk at wimbledon n kick some ass  goin 2 get big G then head to gig  c yaz xxxxxxxxxxxxxxxxx
0,1981708176,Sun May 31 09:43:32 PDT 2009,NO_QUERY,sophicals_,so warm today  shoulders are burnt though 
0,1981920728,Sun May 31 10:09:46 PDT 2009,NO_QUERY,Missing_Lyrics,"@MakingOurEscape i dunnoo, i think Fix You is indoors i can hear a slight echo.. i recon Glass of Water  *siiiiigh*   i could cry"
0,1981953067,Sun May 31 10:13:38 PDT 2009,NO_QUERY,kidyungn,"@Sxy_Jennifer haha yea you know i care  , dang how come you aint add me on myspace yet "
0,1981984224,Sun May 31 10:17:27 PDT 2009,NO_QUERY,BobTheZombie,"Speaking of Cars, they're making a sequel.  They're also making a Toy Story 3, though, so that balances out. "
0,1982149177,Sun May 31 10:37:34 PDT 2009,NO_QUERY,tinybaybee,"@DJSkreamallpro -- yayy u laughed  i put the pictures on myspace, but i dnt have u as a friend "
0,1982150734,Sun May 31 10:37:46 PDT 2009,NO_QUERY,sicknastyemily,"@cillaaa  its okay, were seeing them on saturday too! "
0,1982165592,Sun May 31 10:39:36 PDT 2009,NO_QUERY,JessIsHere,"@treypearson YAY! And as i've said before, Under Your Thumb is amazing  Ohh and you cant message someone unless there following you "
0,1982167087,Sun May 31 10:39:47 PDT 2009,NO_QUERY,jonas_twilight3,@iLoveNickJ4LIFE  ... AGAIN!!! BUT YOU JUST CLEANED IT UP :O !!! I WOULD be lyk lyk ... so .. no words to explain it! :| 10:45AM  lol
0,1982167719,Sun May 31 10:39:52 PDT 2009,NO_QUERY,purrfectpixie,"Its Beautiful weather, so sunny and warm  its too be warm again tomorrow woohoo pity im working "
0,1982181445,Sun May 31 10:41:29 PDT 2009,NO_QUERY,catriii,edinburgh again it hot hot hot! love it  work was so busy today  lol
0,1982198095,Sun May 31 10:43:31 PDT 2009,NO_QUERY,achillesmama,@BonnieJene I know what you are saying!  
0,1982200634,Sun May 31 10:43:50 PDT 2009,NO_QUERY,AllisonChase,@AnnaDeStefano My oldest drove back to school today. Won't see her for 2 1/2 months!   But I can store stuff in her room again. 
0,1982215494,Sun May 31 10:45:38 PDT 2009,NO_QUERY,amyrovira,Eating ramon  ilymtf 
0,1982232144,Sun May 31 10:47:42 PDT 2009,NO_QUERY,xcatrinx,@BeccaLorna I like it it's funny  pleeeease can I use it? Pleeeeease? You used many a rubbish picture of me in your art book 
0,1982247876,Sun May 31 10:49:41 PDT 2009,NO_QUERY,georgia_xoxo,@HanSpam Just clicked link from yday! I cant wait! Ive been waiting for this movie since last yr!! still have a yr to wait!  hehe 
0,1982265149,Sun May 31 10:51:44 PDT 2009,NO_QUERY,JessMcFlyxxx,Good evening everyone  havent learnt my lesson and have ended up even more sunburnt  how is everyone else? xxx
0,1982266522,Sun May 31 10:51:55 PDT 2009,NO_QUERY,CWhymeee,Had a GREAT vacation!!!  This was 1 of the best!!  and now heading home.  As long as we don't get last...
0,1982279593,Sun May 31 10:53:32 PDT 2009,NO_QUERY,josh_is_sleepin,rascal no. 1  god i hav no pics of myself under 700kb  tryin 2 figure out wat to do
0,1982312364,Sun May 31 10:57:33 PDT 2009,NO_QUERY,Chelsea1418,"Sunburnt shoulder!!  School In the morning! Attempting to learn two rebels on the guitar!  (&quot;,) &lt;3"
0,1982346903,Sun May 31 11:01:36 PDT 2009,NO_QUERY,Miss_Foxay,@Ms_Cute wats up tiffy hope your ok..  if you need to talk you know where to find me 
0,1982348390,Sun May 31 11:01:47 PDT 2009,NO_QUERY,in_luv_with_j,i had pancakes for breakfast...wow that was a while ago...i miss him so much...  i get to see him and his haircut 2maro 
0,1982434182,Sun May 31 11:12:02 PDT 2009,NO_QUERY,Wingkit,oooh...mtv movie awards tomoz  cant wait but really cant watch as i need 2 revise. 
0,1982467369,Sun May 31 11:16:02 PDT 2009,NO_QUERY,emskydoodle,@mileycyrus I voted  Multiple times  But it's not on TV here tonight  I wonder when I'll see it...
0,1982499660,Sun May 31 11:19:58 PDT 2009,NO_QUERY,xShefSx,@xxlinzivxx tch 5!! Lol &amp;I kno wooooo!!  it's killin my mood tho wit maths 2moz! :/ :'( I'm gna need major hugs!!  x
0,1982616162,Sun May 31 11:33:50 PDT 2009,NO_QUERY,karanbheda,Nadal out of French Open ......... yahoooooooo ...........  Hope Fed makes it this time now 
0,1982666305,Sun May 31 11:39:48 PDT 2009,NO_QUERY,xxrawkstarx,OMGG the mtv awards is soon and i cant even watch it stupid tv urgg im frusturated  -sighs- i just hope vanessa wins it all the way  &lt;33
0,1982667395,Sun May 31 11:39:56 PDT 2009,NO_QUERY,moriator,"@anhhung cÃ i moto4lin rá»i anh  XÃ i ÄÆ°á»£c nhÆ°ng váº¥t váº£ quÃ¡. CÃ¡c báº£n Ubuntu cÅ© Äï¿½?u xem nhÆ° 1 USB, chá» cÃ³ tháº±ng Jaunty trá» chá»©ng "
0,1982702366,Sun May 31 11:44:04 PDT 2009,NO_QUERY,octoPIST,@zack_OPEN AH have fun!  take lots of picture of carnival stuff like cotton candy and horsies!  jealous
0,1983034484,Sun May 31 12:22:38 PDT 2009,NO_QUERY,Sims_Galore,"@ConnorJack yea, looks great  got my vids on there  yay ;) the ads are hard now to find as only some channels show them "
0,1983172751,Sun May 31 12:38:41 PDT 2009,NO_QUERY,CarolynUndead,@grcrssl none  but i'm going seeing Elliot Minor 
0,1983290333,Sun May 31 12:52:25 PDT 2009,NO_QUERY,ashleybella,"@kkpalmer89 girll, I invite you everywhere, but we live 4321 miles apart  wannna go to the movies with me tonight? See I invite "
0,1983290905,Sun May 31 12:52:31 PDT 2009,NO_QUERY,metricjulie,"@Pepperfire unfortunately not    i am running bad these days, but i'll be fine "
0,1983327936,Sun May 31 12:56:49 PDT 2009,NO_QUERY,TheJackel92,@naughty_ottsel Tis worth getting  Has kept me from maths revision so I'mma failing that 2moro :L 
0,1983327971,Sun May 31 12:56:49 PDT 2009,NO_QUERY,KeelyVdance,Im Back From Camp  
0,1983381032,Sun May 31 13:02:51 PDT 2009,NO_QUERY,Phizzy_x,@Dannymcfly Hello England  Wheres your Hello Scotland. We are still alive you know.  TWEET
0,1983466305,Sun May 31 13:12:36 PDT 2009,NO_QUERY,sydeshow,@DaedalRogue that makes me sad on so many levels  but I'm glad I'm not you and going partying instead 
0,1983483405,Sun May 31 13:14:36 PDT 2009,NO_QUERY,kikixkeelax,is seriously freakin out over next week!!!!!!! cant wait till friday  n Im FREE!!!!!! oh dear ive got a dance exam 2 worry about 2!  xxx
0,1983536649,Sun May 31 13:20:43 PDT 2009,NO_QUERY,ChalkyT,"Just back from a lightening visit to Dublin, my brand new baby niece is a peach  That just wasn't enough time... "
0,1983555991,Sun May 31 13:23:01 PDT 2009,NO_QUERY,mackenzieleeeee,wanting to relive the best thing ever in seattle today but can't  oh well. yesterday was good enough for me  &lt;3 relient k
0,1983604363,Sun May 31 13:28:40 PDT 2009,NO_QUERY,anfoxy,"@BOILING_SKIES Don't have cable.   No TNT, no ESPN I'm going to have to wait till it hits ABC. I'll find a way to watch...I HAVE TO! "
0,1983640078,Sun May 31 13:32:45 PDT 2009,NO_QUERY,xLyssx,Missed Stake Conf today.   But did Genealogy.  Prepping for Temple on Tuesday. #lds
0,1983706615,Sun May 31 13:40:35 PDT 2009,NO_QUERY,FRUITofDOOM,Dark Digital developer showing me just how crap i am at Inferno pool   Gave me some great tips though  really good fun
0,1983726537,Sun May 31 13:42:57 PDT 2009,NO_QUERY,iargent,Should have gone on a bike ride today but never quite happened  Still enjoyed the sun though 
0,1983759946,Sun May 31 13:46:53 PDT 2009,NO_QUERY,CurranC,"disappointed to see (thanks, tr.im) that most of my fastest readers run Windows  though that's offset by their use of Firefox "
0,1983881220,Sun May 31 14:01:03 PDT 2009,NO_QUERY,revokedlove,"i don't know what to feel. but i guess i'll be happy cause MARIA is such a fighter! however, rafa  i'm so upset about him. vika "
0,1984070205,Sun May 31 14:23:02 PDT 2009,NO_QUERY,AlineMina,"@davidcharvet Hi i'll be in California this summer, coming from Belgium! when is your play?  on n'a plus de nvls de toi Ã  bruxelles... "
0,1984122583,Sun May 31 14:29:13 PDT 2009,NO_QUERY,peterkeating,looking forward to his first day with his shiny new laptop  thank you @AndreaBlack @dannyt  still not got the remote control to work 
0,1984174561,Sun May 31 14:35:13 PDT 2009,NO_QUERY,Kelliekk,@CandyMaize those who don't vote are Fuglies  LOL Gotta run. Really late now and i havent got shoes on yet! 
0,1984174832,Sun May 31 14:35:14 PDT 2009,NO_QUERY,Hailfax,@pandahlia  Then make a better effort of it! 
0,1984310203,Sun May 31 14:51:22 PDT 2009,NO_QUERY,Lauren_Jackson1,I don't feel like going to back to church tonight.  If I do then I'll have to leave early to catch the MTV Movie Awards!! 
0,1984377787,Sun May 31 14:59:31 PDT 2009,NO_QUERY,15AMR,I'm broke cuz she got all she wanted! Going hoe finally!   AMR 
0,1984396408,Sun May 31 15:01:37 PDT 2009,NO_QUERY,tyefighter,@WH1SKS sorry   i'm in bed already. I don't sleep in clothes.... And i'm can't really take pictures of invisi-knickers 
0,1984699105,Sun May 31 15:37:41 PDT 2009,NO_QUERY,deviryuu,"@molokheiya Aww, Thats ok  You should try beatmania, its lots of fun "
0,1984814855,Sun May 31 15:51:48 PDT 2009,NO_QUERY,elizabeth11394,@melz0812 I know  Its this huge history project..its gonna be about 15-20 pages lol. Yeah I cant wait for summer! 
0,1984915798,Sun May 31 16:03:43 PDT 2009,NO_QUERY,samsammysam,"is burnt  ...scrambo eggs, bacon and toast...scrummy supper "
0,1984933617,Sun May 31 16:05:44 PDT 2009,NO_QUERY,eventide89,"oki doki, headin for a few z's before my head explodes  nighty night all, c ya tomorro after ive soakd up some sun "
0,1984966587,Sun May 31 16:09:44 PDT 2009,NO_QUERY,snow_234,"Needless to say, i didn't write  But starting this weekend... I'll have the whole summer to write!!!! "
0,1984968622,Sun May 31 16:09:59 PDT 2009,NO_QUERY,DavinaCB,@twilightus so happy you're having fun  it's not on tv here yet 
0,1985017967,Sun May 31 16:15:48 PDT 2009,NO_QUERY,barbara_ftw,@xoxoRiaLovesYou me too  except his old stuff is better than his new stuff and he's gonna prob do we made you 
0,1985150195,Sun May 31 16:32:00 PDT 2009,NO_QUERY,19fischi75,@Impala_Guy Yeah this is really annoying  - will send u mine also next time 
0,1985183243,Sun May 31 16:35:55 PDT 2009,NO_QUERY,AyyoItsAmandaJo,woot how is everyone?  I miss the @jonasbrothers  I love you guys 
0,1985185763,Sun May 31 16:36:13 PDT 2009,NO_QUERY,twibirdy,morning  lotsa cleaning to do today!  and looking after my brother. aparently hes sick....but he looks fine to me!! lol
0,1985231219,Sun May 31 16:41:46 PDT 2009,NO_QUERY,prosopopeya,@inuroven OOOOOH  I NEED TO GO TO MACY'S. I HAVE TWO PAIRS OF BROWN SANDALS BUT ONLY BLACK FLIPFLOPS. IT'S A PROBLEM. 
0,1985661014,Sun May 31 17:32:02 PDT 2009,NO_QUERY,babyblue327,"just got back from outside. did the garage sale AGAIN today. oh cori , nothing sold from u  but silly 6 pins was sold wen u left  LOL "
0,1985681663,Sun May 31 17:34:22 PDT 2009,NO_QUERY,Kelwab,Paycheck  Not eating a thing all day 
0,1985803219,Sun May 31 17:48:12 PDT 2009,NO_QUERY,sheisnadine,"@dougiemcfly you could se people down in the hotel, i swear it's not boring  haha hope see you tomorrow, goodnight doug "
0,1985805821,Sun May 31 17:48:30 PDT 2009,NO_QUERY,Gime_Radcliffe,@TraceyHewins I will continue trying! and.. when I win.. I'm going to live to England!!  Lol (think that never  hehe)
0,1985820352,Sun May 31 17:50:10 PDT 2009,NO_QUERY,alexsander1994,@ashleytisdale http://twitpic.com/6ddox - cool. i wish i could be there  I hope you will win. Good luck  love you
0,1985823862,Sun May 31 17:50:31 PDT 2009,NO_QUERY,yellowduckx,"yay finished lord of the flies study questions  now, i think i will work on my japanese hw *sigh* "
0,1985842344,Sun May 31 17:52:33 PDT 2009,NO_QUERY,minxkitty,"Time for bed and home tomorrow  But had a great day; message made me happy, saw my family, had time with baby Daisy, lovely sunshine "
0,1985875202,Sun May 31 17:56:19 PDT 2009,NO_QUERY,UkCatsFan96,@helloo_kitty aww. Darn  yeah I enjoy concerts. George Strait I'm not a fan of. But to each their own 
0,1985966455,Sun May 31 18:06:29 PDT 2009,NO_QUERY,sheisgiovanna,finished watching the Hills finale;the last episode with Lauren  and now watching MTV Movie Awards!  finalyyy!
0,1986330503,Sun May 31 18:40:55 PDT 2009,NO_QUERY,littlelostgirl,YES! CAM WON!  DAMMIT! TAYLOR AND VANESSA DID NOT! THAT MAKES ME TRE SAD 
0,1986519692,Sun May 31 18:57:00 PDT 2009,NO_QUERY,Taijitukaizen,@alexgervais I miss tokyo  been there 3x when I was a kid--*daydreaming look* SANRIO LAND  *sigh* :\
0,1986546708,Sun May 31 18:59:12 PDT 2009,NO_QUERY,MarceP,"0.0 and the kiss?  i want to see it, i'm so happy! Twilight is the best! "
0,1986740147,Sun May 31 19:15:07 PDT 2009,NO_QUERY,ashymon,"@Vonnieee We should try turning into vampires. it will work  lol, I feel it! lol. I wana see new moon clip but i have to wait  lol"
0,1986881470,Sun May 31 19:27:17 PDT 2009,NO_QUERY,fearless911,"@dakcyrus sorry  you should though, its really funny "
0,1988687593,Sun May 31 23:05:14 PDT 2009,NO_QUERY,sakuraaa,"@AshleyLTMSYF aaaa im from Jakarta!  but so sad i cant watch ur concert, im having an exam this week "
0,1988726180,Sun May 31 23:11:45 PDT 2009,NO_QUERY,ottolejeune,@Audioscapist more guinness could help?   Ugh stones. 
0,1988737456,Sun May 31 23:13:39 PDT 2009,NO_QUERY,Poodlz,Had an interesting sunday afternoon at the Hua pub with her bogans and fav lesbian  Bye jt have fun in the southlands  X
0,1988817672,Sun May 31 23:27:46 PDT 2009,NO_QUERY,Kerry_Louisex,is up earli  But on a plus side it is my last week off college 
0,1988829019,Sun May 31 23:29:50 PDT 2009,NO_QUERY,mayerman,why is it always so cold in my bed  who wants to come snuggle? 
0,1988838369,Sun May 31 23:31:24 PDT 2009,NO_QUERY,joehay,Shower replaced  New Broadband fitted  Moby broadband still not working  Broadband speed cr&amp;p 
0,1988849066,Sun May 31 23:33:17 PDT 2009,NO_QUERY,saving_katie,"Ah jaggers gone home  i miss him, only 12 days till i see him again haha,   6 days till saving aimee, 26 days till mcfly , Lils Back!"
0,1988874326,Sun May 31 23:37:55 PDT 2009,NO_QUERY,mrscottsimpson,"waking up for school now, last PE of third year  i hope weather is good again "
0,1988883850,Sun May 31 23:39:43 PDT 2009,NO_QUERY,jessypooxd,just finished watching the mtv movie awards...  but.. I really do hope my cuzzins ok 
0,1988884310,Sun May 31 23:39:48 PDT 2009,NO_QUERY,JordanC9122,@AllTimeCassie i know but i wish they could  just like each day have the hustlers meet at the gk tent and then party on the bus.  i wish
0,1988937455,Sun May 31 23:49:41 PDT 2009,NO_QUERY,Nisa12,"@mileycyrus YOU WONNN???? Ayayay congrats!! You deserve it  Im from Indonesia and we have different time. So, I didnt watch you. Sorry "
0,1989011113,Mon Jun 01 00:03:32 PDT 2009,NO_QUERY,LovelyR1,"@2SHAE1 l0l yu right...I do love him!! Well yur lucky yur on the phone with yurs, I wanna be with mine right about now  "
0,1989022798,Mon Jun 01 00:05:44 PDT 2009,NO_QUERY,cbruton1975,Found out last night that an old friend had bike crash and has broken neck and internal bleeding  Giving nurses hell coz he wants a fag 
0,1989023362,Mon Jun 01 00:05:51 PDT 2009,NO_QUERY,oj_bern,is amazed how fast dropbox actually works  and how slow idisk is  so probably not paying for MobileMe and switch to other services??
0,1989115047,Mon Jun 01 00:23:41 PDT 2009,NO_QUERY,Kym_DimSim,"back in brisbane now  tired as hell, but that wont stop me heading out "
0,1989145975,Mon Jun 01 00:30:02 PDT 2009,NO_QUERY,rahul_gupta,"Good Weekend trend continues, won some gen contest  USD 50$, which sadly gets converted to 500 INR "
0,1989183716,Mon Jun 01 00:37:45 PDT 2009,NO_QUERY,CaryCheyenneXO,"@KodaDawn I just noticed that you have tweeted me  . . .I had an allergic reaction &amp;&amp; kept having them  but it's better now, xo."
0,1989211031,Mon Jun 01 00:43:40 PDT 2009,NO_QUERY,bellemcgowan,Well they kicked some West Coast butt the other night by 41 points!  I have to urgently get my wisdom teeth out and it is complicated 
0,1989353031,Mon Jun 01 01:13:42 PDT 2009,NO_QUERY,NeZ_Talk,It's raining today  I just hope it would be as sunny as yesterday! *hmm* .. at least it's easier to study then  ..
0,1989371460,Mon Jun 01 01:17:40 PDT 2009,NO_QUERY,Jimprz,In art class  therefore wasting Qr1 lol. I hate feltips on acrylic - they take ages to dry 
0,1989409444,Mon Jun 01 01:26:03 PDT 2009,NO_QUERY,platys5startome,"Best thing about being unemployed? I haven't bought petrol since Friday 17 April.  Tank's close to empty now, though, so... soon. "
0,1989419600,Mon Jun 01 01:28:19 PDT 2009,NO_QUERY,SSFansite,@nancy_oxo no worriess  its great ay! so sad  chris weitz did an amazing job.
0,1989426152,Mon Jun 01 01:29:48 PDT 2009,NO_QUERY,favknightlie,I dnt wana work wen its sooooo pretty outside  .. Hope this gorg weather lasts 
0,1989443405,Mon Jun 01 01:33:39 PDT 2009,NO_QUERY,BrandyWandLover,"@RussellBfan90 im gona sunbathe alllllll day  i dont know how to do it hun, mysti had to talk me thru it step by step!  xxx"
0,1989471439,Mon Jun 01 01:40:03 PDT 2009,NO_QUERY,Dublins98Dave,Morning all! Was up at 07:30 but have only been able to tweet now. Time for some nutrients. SuBo  Sunshine 
0,1989487782,Mon Jun 01 01:43:44 PDT 2009,NO_QUERY,astridcallista,@susan_cute haha iyah.. salah gw td reply di email  Kamis yuk? Pulang kantor? itu my only day off.. gw butuh penenangan otak dan badan 
0,1989498576,Mon Jun 01 01:46:07 PDT 2009,NO_QUERY,xmissxrhix7,now going to unpack from cherish  and start packing for the u.s.a!!  x
0,1989619409,Mon Jun 01 02:11:58 PDT 2009,NO_QUERY,louiseisanelf,on way home. paintings a poop to carry. starving but penniless  hate it when this happens. so app. semester brk is 6 weeks? 
0,1989630123,Mon Jun 01 02:14:20 PDT 2009,NO_QUERY,QueenAda,Goood morning everyone!!!! Still working on my bloody  essay  why can't i be a robot - then i would b probably finished already 
0,1989664340,Mon Jun 01 02:21:50 PDT 2009,NO_QUERY,alyghasani,just got home from the trip  it was fun but it's very very HOT there 
0,1989711997,Mon Jun 01 02:32:20 PDT 2009,NO_QUERY,GeeUrie,I missed Merlin yesterday!  But YAY Recruits is on soon! 
0,1989738872,Mon Jun 01 02:38:11 PDT 2009,NO_QUERY,byDust,"@LadyElena my visa expires the 7th, and there are no flights available between 2nd and 7th  But I'm coming back in august "
0,1989749843,Mon Jun 01 02:40:31 PDT 2009,NO_QUERY,p3ngu1n,looking forward to Microsoft's E3 Conference  not looking forward to the guranteed imagine cup finalist announcement tonight 
0,1989750079,Mon Jun 01 02:40:34 PDT 2009,NO_QUERY,AlysheeaPM,"@danniSTACK awww  Hope you get better soon  &amp; yeah, people suck sometimes :L"
0,1989776729,Mon Jun 01 02:46:20 PDT 2009,NO_QUERY,mam1cutie,@Dog_Crazy Sorry yest was bad day for your mom!   I hope today is a better day for her!  I gotta go get ready for work - blah. lol 
0,1989776908,Mon Jun 01 02:46:22 PDT 2009,NO_QUERY,angelovemiley,"@mileycyrus miley,congrats for your award.sorry im late.diffrent time  anyway,im so happy for you.you go girl!! "
0,1989798304,Mon Jun 01 02:50:50 PDT 2009,NO_QUERY,anneliese123,"just got home from work, got shell's birthday present  freaking out about english speech!!!  should be getting quotes for it but no..."
0,1989813799,Mon Jun 01 02:54:14 PDT 2009,NO_QUERY,unprettyg,Im gona run my FAT out now.Too much gd food e past few days   &amp; tmr.mini-mini marathon followby semi gd food i guessed.u know ann 
0,1989814053,Mon Jun 01 02:54:18 PDT 2009,NO_QUERY,AlleX91,Uugh  ...  school time ...again  Raining outside ( Thinking of life passing by (( *depression*... I better go 
0,1989842863,Mon Jun 01 03:00:18 PDT 2009,NO_QUERY,x_Laurawwr_x,Not looking forward to my comms exam today  loving the New Moon Trailer! Cant wait for the film  x
0,1989865722,Mon Jun 01 03:04:58 PDT 2009,NO_QUERY,limeice,@ChitraChaudhuri Thats inspirational.. geez all I can do is demented stuff  Way to go 
0,1989891554,Mon Jun 01 03:10:18 PDT 2009,NO_QUERY,Jeff_Hardyfan,&quot;@mileycyrus&quot;you are the best!!!! I love you  can you give me your e-mail??? I want to write with you but I cant 
0,1989894469,Mon Jun 01 03:10:56 PDT 2009,NO_QUERY,em42,sunny sunny sunshine  pooey pooey revision 
0,1989894753,Mon Jun 01 03:11:00 PDT 2009,NO_QUERY,fuckyfucky_,hillhead library anyone  ? im new twitter  follow meeee x
0,1989900618,Mon Jun 01 03:12:14 PDT 2009,NO_QUERY,Jeff_Hardyfan,&quot;@mileycyrus&quot;you are the best!!!! I love you  can you give me your e-mail???I want to write with you but I cant 
0,1989902087,Mon Jun 01 03:12:34 PDT 2009,NO_QUERY,Jeff_Hardyfan,&quot;@mileycyrus&quot;you are the best!!!! I love you  can you give me your e-mail???I want to write with you but I cant 
0,1989903458,Mon Jun 01 03:12:52 PDT 2009,NO_QUERY,Jeff_Hardyfan,&quot;@mileycyrus&quot;you are the best!!!! I love you  can you give me your e-mail???I want to write with you but I cant 
0,1989910411,Mon Jun 01 03:14:20 PDT 2009,NO_QUERY,Jeff_Hardyfan,&quot;@mileycyrus&quot;you are the best!!!! I love you  can you give me your e-mail???I want to write with you but I cant 
0,1989910741,Mon Jun 01 03:14:24 PDT 2009,NO_QUERY,DesneeTeeghan,1 new outfit and a pair of shoes is allIfound  will have to go out again this week 
0,1989912301,Mon Jun 01 03:14:44 PDT 2009,NO_QUERY,Jeff_Hardyfan,&quot;@mileycyrus&quot;you are the best!!!! I love you  can you give me your e-mail???I want to write with you but I cant 
0,1989930120,Mon Jun 01 03:18:25 PDT 2009,NO_QUERY,Jeff_Hardyfan,&quot;@mileycyrus&quot;you are the best!!!! I love you  can you give me your e-mail???I want to write with you but I cant 
0,1989931774,Mon Jun 01 03:18:47 PDT 2009,NO_QUERY,Jeff_Hardyfan,&quot;@mileycyrus&quot;you are the best!!!! I love you  can you give me your e-mail???I want to write with you but I cant 
0,1989933681,Mon Jun 01 03:19:10 PDT 2009,NO_QUERY,Jeff_Hardyfan,&quot;@mileycyrus&quot;you are the best!!!! I love you  can you give me your e-mail???I want to write with you but I cant 
0,1989944242,Mon Jun 01 03:21:20 PDT 2009,NO_QUERY,LennyHHR,Always fun waking up early   but I love hanging out with the folks at Fox News Rising. On my way there now. Suited up &amp; everything 
0,1990022033,Mon Jun 01 03:37:07 PDT 2009,NO_QUERY,honeyhayes,@ameliavillani I knowww I'd be so devo if I had to sell my ticket cause I was crippled  But still excited I get to go haha! 
0,1990051677,Mon Jun 01 03:43:11 PDT 2009,NO_QUERY,Sarah_Kelly16,at home all alone  lol GCSE'S nearly over avv it  gona miss eastbrook class of 2009  brap lol
0,1990112958,Mon Jun 01 03:55:20 PDT 2009,NO_QUERY,TheVanillaNinja,"Going to school!   Well it's not that bad, at least Finals are over!  "
0,1990130957,Mon Jun 01 03:58:47 PDT 2009,NO_QUERY,nick_foster,Paying my 2008 Australian tax  At least I didn't have to pay until now 
0,1990236591,Mon Jun 01 04:17:39 PDT 2009,NO_QUERY,mandy111992,i want my cell phone back  its still broken... but  at my birthday im going to buy a new one  this time i think it will be a blackberry
0,1990293172,Mon Jun 01 04:27:47 PDT 2009,NO_QUERY,AussieCarmen,feels like a alcoholic drink.  But can't do it on a school night. 
0,1990386049,Mon Jun 01 04:43:44 PDT 2009,NO_QUERY,NinjaNick1337,":o its monday now, i hurt my arm yesterday  and i walked into my door rofl..... lol il see you people at school today "
0,1990472784,Mon Jun 01 04:57:56 PDT 2009,NO_QUERY,NinaButowski,@StartedAFire Fantastic! Chemsitry  But in 2 days itll allllll be over   Xxx
0,1990483204,Mon Jun 01 04:59:36 PDT 2009,NO_QUERY,ashlena,@LaurenConrad just remind fans they can watch it again at MTV.ca and MTV.com  im in Toronto and we had some audio issues 
0,1990510540,Mon Jun 01 05:03:37 PDT 2009,NO_QUERY,rethasylviana,Basketball-ing... Yeeehaa....  the traffic isn't that bad tonight.. @kinsky kenapa gak basket?   http://myloc.me/2gEc
0,1990524699,Mon Jun 01 05:05:47 PDT 2009,NO_QUERY,ianoxley,"More ASP debugging  But first, lunch "
0,1990615614,Mon Jun 01 05:19:51 PDT 2009,NO_QUERY,LINOOO,"2 and a half hour maths exam actually killed me, so boring  Home to sunbathe now thoooo "
0,1990617795,Mon Jun 01 05:20:09 PDT 2009,NO_QUERY,ElizaRuby,Is gunna miss Will soooo badly wen he goes to the army  at least i have ALL summer to see him 
0,1990826216,Mon Jun 01 05:49:56 PDT 2009,NO_QUERY,SophieAndrea,@fordiddy tell me about it.  because it's my last one though i keep just thinking.. whether it goes bad or good.. it's the end 
0,1990970088,Mon Jun 01 06:08:20 PDT 2009,NO_QUERY,jewelieishness,19 days until SSSC  until then i have to be bored in math class 
0,1990971468,Mon Jun 01 06:08:31 PDT 2009,NO_QUERY,SeriouslyHannah,I saw the New Moon Trailer/Preview a few hours and minutes ago! It was great! I can't wait to watch New Moon this year!  
0,1991001093,Mon Jun 01 06:12:10 PDT 2009,NO_QUERY,ShesElectric_,@A_rEVOLution Me too! Going out to sunbathe in a bit!  heheeeeeeeee. missed you on here!  xxxxxxx
0,1991036954,Mon Jun 01 06:16:33 PDT 2009,NO_QUERY,lynnlok,@MGiraudOfficial you should sing Let's Get It On &amp; Human Nature  sadly I don't get to watch you on tour 
0,1991133744,Mon Jun 01 06:28:08 PDT 2009,NO_QUERY,LauraVogel,"@kmackvonerck We're in Park Slope!  Come visit!    Also, I know the bike feeling--it's great while riding, then you feel like death. "
0,1991294437,Mon Jun 01 06:46:28 PDT 2009,NO_QUERY,Tintara,@DameElaine Aw  It's almost over and then you will be free and feel like a new woman! 
0,1991419491,Mon Jun 01 07:00:23 PDT 2009,NO_QUERY,EricaLeigh777,@macbella2 oh sorry I was making a video  It might work that way I will try it in a little bit and see  Editing right now lol
0,1991548577,Mon Jun 01 07:14:20 PDT 2009,NO_QUERY,i_zoe,Revising for English and geography exam 2moz  in the sun!!! 
0,1991550902,Mon Jun 01 07:14:35 PDT 2009,NO_QUERY,kimie213,@DavidArchie Hi David! Where are you?  You havent tweeted so long... 
0,1991664130,Mon Jun 01 07:26:46 PDT 2009,NO_QUERY,DrErnie,"+1 #Ferber -1 #waketraining Rohan slep;-/t well  but woke up at 6am.   Then again, I did too, so we're ahead."
0,1991739607,Mon Jun 01 07:34:48 PDT 2009,NO_QUERY,Jeffers07,out in the sun  doing c/w :/ 
0,1991797128,Mon Jun 01 07:40:51 PDT 2009,NO_QUERY,Lesha94,leavin to Tennennesse  c ya laters ppl. Thhe mtv awards was awsome. I just hated bruno   I LOVE YA ANDY!!!!
0,1991969465,Mon Jun 01 07:58:48 PDT 2009,NO_QUERY,GeoffWilkinson,Having to work all this week  so will miss insite09  will be avidly following tweets for highlights.
0,1992090783,Mon Jun 01 08:10:57 PDT 2009,NO_QUERY,Quiggersx,@MollieOfficial i'm not going to your tour.  tickets for brighton were sold out. but i saw you on the GA tour.  you are brilliant live.x
0,1992127299,Mon Jun 01 08:14:45 PDT 2009,NO_QUERY,PaulaHarveyx,wow! love the sun  suntburnt  stuff it had great fun ..
0,1992127430,Mon Jun 01 08:14:45 PDT 2009,NO_QUERY,hannahkin,"@lufii cherryYUMYUM  I foudn more awesome pics of Yu too... but you don't care  Never mind, Kiro is still hot too!! &lt;3"
0,1992146327,Mon Jun 01 08:16:43 PDT 2009,NO_QUERY,angryhedonist,@tjslater ooh sounds interesting! but is it lengthy and wordy? i dont have the patience for that  preferably in the narrative? 
0,1992205202,Mon Jun 01 08:22:30 PDT 2009,NO_QUERY,jodonohue,The change machine wasn't working at the laundromat  I'm off to set up a delivery time for my new machine  #fb
0,1992253428,Mon Jun 01 08:27:08 PDT 2009,NO_QUERY,TizBanana,"@Rogue_Leader It is technically morning.. Bit after 1am.. Lol. I know, I missed out  time for sleep now hopefully "
0,1992314089,Mon Jun 01 08:33:04 PDT 2009,NO_QUERY,SlyM,@lovebiscuits   But you'll hopefully have a bun in the oven by then. 
0,1992418838,Mon Jun 01 08:43:18 PDT 2009,NO_QUERY,alexissanch,i have an ear infection  no strep throat so thats good and bad. getting something to eat then back home. SIMS 3 TOMORROW! 
0,1992687146,Mon Jun 01 09:09:37 PDT 2009,NO_QUERY,elijah_bs,"Last time I tried to go to Elena Avenue, I ended up in &quot;El galligo&quot;...  bad, need to learn to know my way on the streets "
0,1992893047,Mon Jun 01 09:29:41 PDT 2009,NO_QUERY,PalmTree88,(Sigh) &gt;of relief:Finished exams   &gt;with rolled eyes:Stuck on a train next to someone smelling of rancid dairylea/subway cheese 
0,1992934166,Mon Jun 01 09:33:38 PDT 2009,NO_QUERY,witnessamiracle,"@XinNixD but then again, it's the Chinese 'A's, which is tough!  Oh well, I did my best. "
0,1992934545,Mon Jun 01 09:33:40 PDT 2009,NO_QUERY,MarchaNL,Weekend almost over  Bbq with pat right now 
0,1992976229,Mon Jun 01 09:37:46 PDT 2009,NO_QUERY,Covergirl08,@ConniD u left me for Miami and when I call u u don't answer  LOL but u can come 
0,1993039269,Mon Jun 01 09:43:59 PDT 2009,NO_QUERY,NandaMoreira,@BitchNotAPerson sorry about yesterday  can u follow me again??pleasee! 
0,1993056028,Mon Jun 01 09:45:36 PDT 2009,NO_QUERY,jedigal125,I can talk now but i'm still sick  but I'm not in school 
0,1993056322,Mon Jun 01 09:45:38 PDT 2009,NO_QUERY,kanalrattenkind,@LuciLifeLover DAMN I hate Arts  It's the worst lesson on school. Please entertain me 
0,1993120568,Mon Jun 01 09:51:54 PDT 2009,NO_QUERY,KimStar12,@cheungkyy That would be nice but you have school  have fun in intro comp! 
0,1993143591,Mon Jun 01 09:54:07 PDT 2009,NO_QUERY,amirahrah,"@happy_pills ok, im not mad at u anymore  what assignment is it? i had a 45% asgmnt due last friday! and im still doing it "
0,1993352243,Mon Jun 01 10:14:21 PDT 2009,NO_QUERY,littlelylygirl,Awesome week end  couldn't finish the video though 
0,1993706202,Mon Jun 01 10:48:15 PDT 2009,NO_QUERY,G3MSKI,"@dougiemcfly wooo, glad your cold has dissaperead mine took 6 weeks to go  anyway glad you well "
0,1993730743,Mon Jun 01 10:50:33 PDT 2009,NO_QUERY,_miserybusiness,Today is GORGEOUS  Little bit of a tan on the old arms ;) ah i can dream. History tomorrow though 
0,1993773937,Mon Jun 01 10:54:38 PDT 2009,NO_QUERY,Rexxel,@OhlalaParis sounds good  although you were sayin today that the lasagne wasn't too great  xx
0,1993859759,Mon Jun 01 11:02:31 PDT 2009,NO_QUERY,NENAstarbaby,@kirchyyy aww  but a very very CONGRATS on a job well done with the rock&amp;roll marathon  frickin awesome!
0,1993926242,Mon Jun 01 11:08:37 PDT 2009,NO_QUERY,Ohrbootin,"I now have about 200 cans of beer in my garage  oh well, watching 'The Hills' season 5 finale "
0,1993926580,Mon Jun 01 11:08:39 PDT 2009,NO_QUERY,Lupoloui,Is hot! Had a good day with lots of walking  xxx now chilling Joseph is flat out in my arms with just a nappy on  poor baby is hot 2
0,1994252458,Mon Jun 01 11:39:01 PDT 2009,NO_QUERY,roxiijonas,tomorrow i prepare to fail  I don't understand any of it can't wait until its ok though 
0,1994953686,Mon Jun 01 12:43:14 PDT 2009,NO_QUERY,JRUD3Sx,watching greek from two or three weeks ago. No more andy-licious  oh well! good show! 
0,1995084294,Mon Jun 01 12:55:32 PDT 2009,NO_QUERY,leanne1992,had a maths exam 2day. was ok 4 a change  shame that I have english on tuesday and thursday  got 2 go revise now.
0,1995085261,Mon Jun 01 12:55:38 PDT 2009,NO_QUERY,linnetwoods,@musecrossing Namaste  Robbie and I have been listening to the news with heavy hearts today - all those people lost is tragic 
0,1995447473,Mon Jun 01 13:30:20 PDT 2009,NO_QUERY,chante4dannyxxx,night night people i missing u all a ready  i don't wanna go but i have to ill be back tomorrow woohoo lol 
0,1995468356,Mon Jun 01 13:32:18 PDT 2009,NO_QUERY,helenax33,@CCMBaum chelseyyyyyy   hospital? MY MUM WORKS THERE   love you muc.
0,1995530759,Mon Jun 01 13:38:21 PDT 2009,NO_QUERY,sethi616,why do i have a sore throat  saturday is gonna be radd  @jazperabellera @stormvincent @abhorredlife @monicatvu @trracy
0,1996003162,Mon Jun 01 14:22:58 PDT 2009,NO_QUERY,rachael_b10,i loveee this sunny spell  but tomorrow is meant to be the last day of it! GUTTED!  i loveee my new fone heeheee.
0,1996109006,Mon Jun 01 14:32:55 PDT 2009,NO_QUERY,Collette87,Didn't get my ice cream  did have strawberry cheesecake though 
0,1996194044,Mon Jun 01 14:41:02 PDT 2009,NO_QUERY,Sylverz,@CestCassie - YAY SIMS 3!  Ye have yers coming same-day? I really don't know when mine'll get here. 
0,1996255620,Mon Jun 01 14:47:02 PDT 2009,NO_QUERY,oleber,@shockhorror_x shup!  whatwhatwhat? 
0,1996296404,Mon Jun 01 14:51:00 PDT 2009,NO_QUERY,DanniBearrr,"out of dr pepper.  but i still has minstels!  just need a bedroom in a polly pocket house, cash cash and nasty nate."
0,1996336463,Mon Jun 01 14:54:59 PDT 2009,NO_QUERY,OhReallyPoet,@SeXXXyInTheCity i know  i want these shoes damn it.. @iamdiddy @mandellafella @ErOneH8zDerek all yall should pitch in 
0,1996553632,Mon Jun 01 15:16:47 PDT 2009,NO_QUERY,markmadsen,"@Claudia_Imhoff I'm jealous - Amsterdam in June. I've got Munich next week, yay biergarten! And London in Nov  and Rome in Dec "
0,1996974454,Mon Jun 01 16:01:37 PDT 2009,NO_QUERY,misswiz,@simone_QoF Thanks for the update  Everyone must be too busy actually talking to each other to bother with us 2D people 
0,1997102516,Mon Jun 01 16:15:27 PDT 2009,NO_QUERY,SaweetCheeks,Went to the beach again today with campbell n emma to meet my college buds  had an ace day...miss him now hes gone   but meh! lol x
0,1997398207,Mon Jun 01 16:46:48 PDT 2009,NO_QUERY,rquiroz,@MBRosso yeahhh! Its awesome!!!  i cannot wait! Here it come out n december! 
0,1997515056,Mon Jun 01 16:59:14 PDT 2009,NO_QUERY,jaerae466752,hmmmm soooo bored   wish i could be at home and watch the mtv movie awards 
0,1997732759,Mon Jun 01 17:21:43 PDT 2009,NO_QUERY,tragicmistress,"I only have two walking babies left  So, I asked my mom if I could babysit her 4 for the nite. So, now I have them  yayayay. &lt;333333333"
0,1998025611,Mon Jun 01 17:52:03 PDT 2009,NO_QUERY,christinaTwitts,eating some russian food&lt; 3  miss my  mommy 
0,1998026940,Mon Jun 01 17:52:10 PDT 2009,NO_QUERY,Miragi,@hollydale Like an island of dessert   I have not seen the beautiful and striking Jesse   I miss her.
0,1998046300,Mon Jun 01 17:54:08 PDT 2009,NO_QUERY,Hollistergirl1,"CAVS  you'll gettem next time! as Usher says , DOUBLE C'S STILL UP HIGH!  &lt;333"
0,1998086015,Mon Jun 01 17:58:14 PDT 2009,NO_QUERY,maryapples,@primaverasteen ILY2 BESTIE. ALL MY MONIES ARE GONE TOO  but 
0,1998328904,Mon Jun 01 18:22:12 PDT 2009,NO_QUERY,marnymateyuri,good morning! its June 2. 8 days before my b-day! haha!  just a cup of noodles for breakfast. not feeling better 
0,1998330562,Mon Jun 01 18:22:21 PDT 2009,NO_QUERY,neilspears,Great workout today =   Sore throat = 
0,1998452045,Mon Jun 01 18:34:17 PDT 2009,NO_QUERY,RebekahReidy,"@brandonrichey ~ My Monday ROCKED!  Thanks for asking! AND yes, I think the car said 93Âº today... wish I was basking in the sun "
0,1998532547,Mon Jun 01 18:42:23 PDT 2009,NO_QUERY,H0TCOMMODITY,@Irv25 me 2  BUt thanks 
0,1998921945,Mon Jun 01 19:20:45 PDT 2009,NO_QUERY,sunshine23511,I want to be Hef's girlfriend.   Too bad he is not into sistas 
0,1999157793,Mon Jun 01 19:44:26 PDT 2009,NO_QUERY,royalsFan01,Just finished the lineup for Tyson's game tomorrow. Dayne got rained out tonight.  But we were dry at volleyball! 
0,1999355184,Mon Jun 01 20:04:32 PDT 2009,NO_QUERY,aleiasoflyy,"oh how crazy life is, so unexpected! full of sadness  and joy  im waiting for my phone and still praying for a good job to come my way.."
0,1999374466,Mon Jun 01 20:06:28 PDT 2009,NO_QUERY,chrissie_,"3wks is a long, long time  We've hardly seen either of them 4 the past 1.5yrs..&amp; theyre still going 2 b living there 4 another few yrs! "
0,1999374908,Mon Jun 01 20:06:31 PDT 2009,NO_QUERY,HowtoSav3aLife,"@mauveguimauve HAHA&lt;3 i just watched that clip on youtube  i wanted to put that on my page but they disabled the embedding, "
0,1999647969,Mon Jun 01 20:34:53 PDT 2009,NO_QUERY,StephanieMcFly,@tommcfly Can you say Hola Mexicanas please please?? juust wanna say that not is hard Â¬Â¬  you forget the mexican fans 
0,1999708588,Mon Jun 01 20:41:02 PDT 2009,NO_QUERY,heathermeeker,@luckychica  We were a little late.  Join us now! 
0,2000016968,Mon Jun 01 21:14:55 PDT 2009,NO_QUERY,JaimeS24,Still feel sick  but I found the most amazing dress today for my bday so that's a relief 
0,2000037865,Mon Jun 01 21:17:15 PDT 2009,NO_QUERY,Crutch4, relaxing. Had a long hard day @ work. Kroger 
0,2000072465,Mon Jun 01 21:21:19 PDT 2009,NO_QUERY,NuellePena,@JonathanRKnight  ...i got called out 4 not caring that LFO is getting back 2getha  bah! i thot it was funny.
0,2000398222,Mon Jun 01 22:01:45 PDT 2009,NO_QUERY,patriciaco,"@tommcfly TOOOOMMMM!!!  To show your picture, click &quot;delete current&quot; coz same thing happened to me. Hope you'll reply. "
0,2000591416,Mon Jun 01 22:28:09 PDT 2009,NO_QUERY,cousinlove24,I LOVE BOOGIE!!!!!!  I miss you ZOOOOOOOOOO MUCH!!!!!!!! 
0,2000647290,Mon Jun 01 22:36:12 PDT 2009,NO_QUERY,_shannon1234,@crystalgmurphy It will be great!  I am soo glad that I upgraded! Sorry for reminding you about his tweet! 
0,2000659054,Mon Jun 01 22:38:00 PDT 2009,NO_QUERY,babycakees,still awake  exciteddd for tomorrow after school 
0,2000724104,Mon Jun 01 22:47:57 PDT 2009,NO_QUERY,dougsparksmusic,@TheHeatherette Sorry to hear that  but I hope you feel better soon 
0,2000739050,Mon Jun 01 22:50:14 PDT 2009,NO_QUERY,mrcelebrity,omg ben i just realized you sent me your pin damn direct messages for not updating  i'll add you and maryelleuh now  &lt;3
0,2000949204,Mon Jun 01 23:24:25 PDT 2009,NO_QUERY,Luna69,@peterfacinelli no fair don't have an iPhone   Just an iTouch. Good luck with Nurse Jackie 
0,2000995871,Mon Jun 01 23:32:23 PDT 2009,NO_QUERY,JudithChad,Cathing up with Twitter and emails. The sun is shining again today.... great more pollen in the air  Love summer though 
0,2001098592,Mon Jun 01 23:50:13 PDT 2009,NO_QUERY,queentrixie,@chelsaya ouch! I feel bad for replying to a trending topic now.  but mucho love for you. 
0,2001133203,Mon Jun 01 23:56:30 PDT 2009,NO_QUERY,Dan2593,@TheSims3 We English have to wait another 4 days for Sims =( And I have exams  But I get sims soon 
0,2001169736,Tue Jun 02 00:02:52 PDT 2009,NO_QUERY,mrcelebrity,@maryelleuh aww bb ty  &lt;3 i called but i guess their customer service is closed already so im gonna go to the store tomorrow  i know it
0,2001169807,Tue Jun 02 00:02:52 PDT 2009,NO_QUERY,AlexisEstefani,awwyeshhh toy story 3  but till june 18-2010  
0,2001355674,Tue Jun 02 00:36:58 PDT 2009,NO_QUERY,mrslbarrowman,has just watched The Hills Season Finale and cried. Goodbye Lauren  but welcome back Kristin 
0,2001355860,Tue Jun 02 00:37:00 PDT 2009,NO_QUERY,heyitsedna,@courtney_s don't know if should say  or  ...so i'll just say this...=$!
0,2001417216,Tue Jun 02 00:49:02 PDT 2009,NO_QUERY,PinkElephant73,@TravisKaimi Zaru Soba is cold buckwheat noodles with this yummy dipping sauce  anddd a bento box is a Japanese lunch box. I love food 
0,2001476880,Tue Jun 02 01:00:46 PDT 2009,NO_QUERY,Jecsa,"@DoonaDoo not 'gone' no  ...i live in hope though  Shall we say Monday, 1pm, usual place? You met F &amp; S?! Live up to expectations? x"
0,2001517420,Tue Jun 02 01:08:46 PDT 2009,NO_QUERY,egozgame,Its tuesday!  and its hot outside  but work will be over soon! 
0,2001527848,Tue Jun 02 01:10:50 PDT 2009,NO_QUERY,kasey79,@LuvinDanny4Ever BTW I am sorry to leave you too  But you should follow @hilarylyn and vice versa. You 2 can keep each other company 
0,2001595081,Tue Jun 02 01:24:33 PDT 2009,NO_QUERY,JSM9393,Already back from school  But have to work on that math homework right now in this sunny weather 
0,2001635005,Tue Jun 02 01:32:44 PDT 2009,NO_QUERY,Mickystarship,@schaeferj89 OMGGG!  Do you play them all the time?! what station are you on? So i can listen!! 
0,2001635813,Tue Jun 02 01:32:53 PDT 2009,NO_QUERY,anwo,For the first time in histoey I'm the only person on time!  last breakfast at Leipzig makes me sad! 
0,2001711727,Tue Jun 02 01:48:43 PDT 2009,NO_QUERY,HarassmentPanda,@TheSims3 Not for me.  Comes out Friday here   But Game always sends pre-order games a day early so I'll have it by Thursday! 
0,2001752444,Tue Jun 02 01:57:18 PDT 2009,NO_QUERY,mygodsing,i'm doing nothing for the next min....  and after that back to work... 
0,2001778671,Tue Jun 02 02:02:33 PDT 2009,NO_QUERY,bill_archie,@shuyeeA i don't have Haagen Dazs here.mom said too expensive.sheesh  .i love ice cream.esp the one with brownies.Vienetta i think.haha 
0,2001789230,Tue Jun 02 02:04:45 PDT 2009,NO_QUERY,MonikkaB,@AZ_Wildcat17 Booo  And thanks..good morning to you as well. 
0,2001807952,Tue Jun 02 02:08:34 PDT 2009,NO_QUERY,findingmickey,@SteveSievers i looked for u! but didn't see u.  were u on the tram? if so... how did u get chosen or was it by chance? 
0,2001828482,Tue Jun 02 02:12:49 PDT 2009,NO_QUERY,PinkElephant73,"@TravisKaimi AWW NO!  Don't work outttt eat a gordita!!  Or better yet, get two and I'll eat with you  Mmmmmmm.. God I miss Taco Bell!"
0,2001868801,Tue Jun 02 02:21:17 PDT 2009,NO_QUERY,gikandi,heading to work    ...time to leave egypt for the promised land....i pray 
0,2001877388,Tue Jun 02 02:23:09 PDT 2009,NO_QUERY,JenCarpeDiem,"Oh, boy. I'm completely addicted to online TCGs! Whyyy.  As if I need another thing to obsess over! "
0,2001973900,Tue Jun 02 02:42:59 PDT 2009,NO_QUERY,chelseasmart,@jesscorrie aww  yeah YOU BETTER COME jk  i have solos tomorrow!!!!
0,2002013897,Tue Jun 02 02:51:12 PDT 2009,NO_QUERY,kmr25188,is back on the internetz!  Missing all my bookmarks though  [on my laptop on wireless btw]
0,2002183979,Tue Jun 02 03:25:29 PDT 2009,NO_QUERY,itsJaybetch,"Grrr Antigone TS tomorrow  then free all summer  Balloons, bacon and boys at the ready!"
0,2002309001,Tue Jun 02 03:49:53 PDT 2009,NO_QUERY,mountie9,@frankferragine punishment for having to give birth   Hey my husband got me back by making me take our 1st born for his circumsicion 
0,2002329426,Tue Jun 02 03:53:38 PDT 2009,NO_QUERY,Hando224,"Fucking virus on my computer meant NO work was done last night  However, I did beat @ilmv (ben) at Wii bowling! "
0,2002387780,Tue Jun 02 04:03:52 PDT 2009,NO_QUERY,SilviaEmilia,"flying back to Germany today..already miss home  feels like I am going to cry until boarding time...well, see u tomorrow "
0,2002396247,Tue Jun 02 04:05:20 PDT 2009,NO_QUERY,RawbertM,"@jave92 i hate you. i still have chemistry  awch well, only 23hrs 25mins left of highers for me "
0,2002431515,Tue Jun 02 04:11:38 PDT 2009,NO_QUERY,donniesgirl01,@PixiePolaroid lol Thank you! Glad your o.k.  Sucks you're so busy though :/ It's 4:10 am here and my back hurts  lol But i'm o.k. 
0,2002498919,Tue Jun 02 04:23:30 PDT 2009,NO_QUERY,rhueladams,"Last day of work until June 15th.   After that, work gets revenge...back to back travel weeks. "
0,2002500363,Tue Jun 02 04:23:44 PDT 2009,NO_QUERY,tee_tha,@GSemillano oh no. not Subway too!!  and since i'm ordering i can't really see how the salad until they deliver. i'll keep u posted 
0,2002500658,Tue Jun 02 04:23:48 PDT 2009,NO_QUERY,ThiagoAcquaviva,good morning twitters  OMFG the sun is really weak today..but shiny! very fuckin' cold tho. 9ÂºC...i'm freezing 
0,2002547184,Tue Jun 02 04:31:32 PDT 2009,NO_QUERY,emokidlynn,Tired of butcheries and the smell of springbok.  Excited for biltong and droÃ«wors though 
0,2002573233,Tue Jun 02 04:35:53 PDT 2009,NO_QUERY,lwescott,got woken up at 7  fell asleep and has just woken up 
0,2002585052,Tue Jun 02 04:37:54 PDT 2009,NO_QUERY,ABabyBlueEyes,@J_Rhodes Loving your clip babe! Well done  Heheh... Aww I don't think I'll make it to Dallas this time 
0,2002610384,Tue Jun 02 04:42:07 PDT 2009,NO_QUERY,littlebitlil,@cleaninggirl oops! sorry!!!! Dont tell her! Let her be surprised then  i dont think SAUSAGES will ever get the trending topic 
0,2002622474,Tue Jun 02 04:44:08 PDT 2009,NO_QUERY,cardiffbites,@eddieizzard weather in cardiff is gorgeous but am stuck in the office  off to barcelona next week tho  have fun in the sun in london x
0,2002658582,Tue Jun 02 04:49:50 PDT 2009,NO_QUERY,KerrieLouisexX,"@JLSOfficial Marv ! Im gutted im not goin  Bad Times !, We want some CD Signing's please ?  LOVE YOU'SS ! xxxx"
0,2002736110,Tue Jun 02 05:01:48 PDT 2009,NO_QUERY,gerrymoth,Yipee my stylus was on my desk at work  Boo i'm back in work 
0,2002777352,Tue Jun 02 05:08:03 PDT 2009,NO_QUERY,Tina_Fontessa,Back @ it again...no lab today!  but then talbots and crazy manager...boo 
0,2002779098,Tue Jun 02 05:08:20 PDT 2009,NO_QUERY,HaleyBangs,an A in English  - highlight of the daay  - but my belly huurts 
0,2002830630,Tue Jun 02 05:15:59 PDT 2009,NO_QUERY,flickity19,yay 1 week to my birthday sooo hope win wicked lottery the one time i deserve to win lol  but an exam first 
0,2002832645,Tue Jun 02 05:16:16 PDT 2009,NO_QUERY,annpan1,back on selfsufficientish and freecycle now  and also  in that order.
0,2002856434,Tue Jun 02 05:19:48 PDT 2009,NO_QUERY,Roebaggs,No the merc is not mine  but hey it was still CoooooooooooooooL 
0,2002943573,Tue Jun 02 05:32:02 PDT 2009,NO_QUERY,SorenLorensen,"@LotusYoga Isn't it gorgeous! I'm stuck inside, working  Might go for a nice walk later though "
0,2002951254,Tue Jun 02 05:33:04 PDT 2009,NO_QUERY,jayohsee,"fail whale, I want to eat that poptart. but i'm still full from dinner.  barwww. and yes, the poptart was also from @kaliie  &lt;3"
0,2003021004,Tue Jun 02 05:42:26 PDT 2009,NO_QUERY,TwilightLoverXD,I HATE GOING TO SCHOOL  IT MAKES ME ANGRY  oh well i  only have to go to 6 more days of school 
0,2003051415,Tue Jun 02 05:46:29 PDT 2009,NO_QUERY,Hanamw,@ConnorHxcCHAOS I heard a rummer that izzy has cancer  im hucked on Greys Anatomy. Cant wait for the new season 
0,2003145283,Tue Jun 02 05:58:23 PDT 2009,NO_QUERY,ngelzz,@UllyN @missajeng haahhaha. Gue pulang ga bawa apa2 loohhh !!  breadtalk doang. :p naksir oxford shoes d petitecupcakes pdhl.. 
0,2003179555,Tue Jun 02 06:02:22 PDT 2009,NO_QUERY,sanjukta,@kitz007 do I always have to deliver good? I am only human..  sigh the burden of being popular 
0,2003185127,Tue Jun 02 06:03:02 PDT 2009,NO_QUERY,Joyfullyblessed,Operation go buy SIMS before school = FAIL!  Ghetto Wal-mart...can seem to locate the box they all came in! I got the okie doke! 
0,2003217873,Tue Jun 02 06:06:55 PDT 2009,NO_QUERY,Shanasaki,:-O Do I see rainclouds? I was going to the park today.  Oh well. More crafty things to do inside. 
0,2003265935,Tue Jun 02 06:12:36 PDT 2009,NO_QUERY,gingerphoto,Good morning!! Almost rescued a turtle this morning but a sweet lady stopped before I could get back  poor guy was scared 
0,2004293642,Tue Jun 02 07:58:45 PDT 2009,NO_QUERY,PlayItToMe,In AP bio for the last time  I will miss u!! LAST DAY OF SCHOOL!!!!!!! Oh yeah beast!!!!!!!!!!! 
0,2004488900,Tue Jun 02 08:16:48 PDT 2009,NO_QUERY,stevieness,@ohi_sarah Aww you do care  you missed me. Still no birthday card though 
0,2005876371,Tue Jun 02 10:18:55 PDT 2009,NO_QUERY,ami2411,don't feel very well so i'm just gonna rest  today was hilarious though 
0,2006038477,Tue Jun 02 10:33:44 PDT 2009,NO_QUERY,peacelovebay01,School  hanging in computers now baseball game and shoe shopping laterr 
0,2006617256,Tue Jun 02 11:25:54 PDT 2009,NO_QUERY,crisr,"@TroyStith Jeremy leaving totally sucks  Talented guy, he'll bounce back! "
0,2006968126,Tue Jun 02 11:57:06 PDT 2009,NO_QUERY,cursedbyevil,@Karen_Eden They do.  But expensive.  Will keep checking to see if price comes down.
0,2010587637,Tue Jun 02 17:38:01 PDT 2009,NO_QUERY,library_goddess,@sundemon10 How did Tweetdeck work on Linux?   or 
0,2011968786,Tue Jun 02 19:51:28 PDT 2009,NO_QUERY,suebots,"@Meli_Dee  yeah I think I know, but not ready to deal with it  sorry for partying!!"
0,2011972353,Tue Jun 02 19:51:48 PDT 2009,NO_QUERY,wcn420,UP  / Live action BECK movie with Hiro  / Hinouchi getting fired from her company  / my computer taking 5min to open winamp 
0,2012313031,Tue Jun 02 20:25:56 PDT 2009,NO_QUERY,toastylileskimo,@DAChesterFrench bye  ur music is completely brilliant by the way! 
0,2012503468,Tue Jun 02 20:46:07 PDT 2009,NO_QUERY,inquisitivejool,@SnacksWithYeo 2nd show only knew about yesterday. Will buy tix after buying flights tonight  Still would be easier if it was in Bris 
0,2012559486,Tue Jun 02 20:52:18 PDT 2009,NO_QUERY,the1Dwood,"I just got home..... All star Tuesdays are great!!  , now i gotta get ready to go to this funeral tomorrow "
0,2012865916,Tue Jun 02 21:26:29 PDT 2009,NO_QUERY,luvu48,theres 2 many twitter haters out there  but there's also alot of twitter lovers 
0,2013240737,Tue Jun 02 22:13:06 PDT 2009,NO_QUERY,pamrosep348,sooooooooooo tired  and the belly's still in pain   ale is going healthy again  since TODAY! yay!  
0,2013401656,Tue Jun 02 22:35:17 PDT 2009,NO_QUERY,Joseph1391,"@mileycyrus I really hope you aren't pregnant  lol.. But anyways, if you are congrats  just worried about the press..."
0,2013443212,Tue Jun 02 22:41:17 PDT 2009,NO_QUERY,youngron510,@SavedBarbie  I can't even imagine I have had a few peeps pass this year I'll be praying for ya 
0,2013619755,Tue Jun 02 23:07:43 PDT 2009,NO_QUERY,tan1337,@CruciFire oh sad bro.. looks like everyone is having a bad day today.. even i was stuck at traffic for half an hour  #blackwednesday ? 
0,2013668899,Tue Jun 02 23:15:28 PDT 2009,NO_QUERY,AlexSladek,Im Tired. And i Have to work tomorrow.  but im going to see briana after work tomorrow so thats sweet 
0,2013682227,Tue Jun 02 23:17:34 PDT 2009,NO_QUERY,twibirdy,@mszjoycii yeah only 1 cinema is playing only 2 screenings of it n no more  cant wait to c it! 
0,2013694528,Tue Jun 02 23:19:34 PDT 2009,NO_QUERY,GentlemanGaGa,@Teairra_Monroe TOTALLY true! You're a walking proof of that!! Quick chat  well..........HAVE FUN GIRL!!!!! 
0,2013695923,Tue Jun 02 23:19:48 PDT 2009,NO_QUERY,Vincentbarbato,Playing with my Wii missing alyse  love ya 
0,2013708350,Tue Jun 02 23:21:44 PDT 2009,NO_QUERY,yukarikihihi,I just received my OFITG CD &amp; tote!     not with EP though  - Photo: http://bkite.com/087tW
0,2013719421,Tue Jun 02 23:23:32 PDT 2009,NO_QUERY,sheriidenn,I LIKE NEARLY FAILED MY EXAMS ohhhh thats sad!  buh i didnt so its alritee hehe 
0,2013816464,Tue Jun 02 23:39:30 PDT 2009,NO_QUERY,qtee7,@jdubb706 hey u! I likeddiddid that movi...whre u been tho giant!? I missed u! Was lookin at our last picture  
0,2013830811,Tue Jun 02 23:41:47 PDT 2009,NO_QUERY,summercrane,It's all over! Prac is finished  One of the best experiences of my life  Will miss all my students 
0,2013840007,Tue Jun 02 23:43:19 PDT 2009,NO_QUERY,GarageGlamorous,"@popbytes  Its my goal in life to meet her again, and not be rushed by her people. I was so starstruck that my mind drew a blank "
0,2013998354,Wed Jun 03 00:10:02 PDT 2009,NO_QUERY,izyism,@jasminekpk LOL  I nearly forgot about this Friday.I wanna join BUT I have Bio class on Friday and I just realized it today.hmmph 
0,2014055255,Wed Jun 03 00:19:49 PDT 2009,NO_QUERY,aoiffegraziella,fall out boy is the best band ! EVER !!!  .. wish clandestine industries is available here in our country .. 
0,2014092464,Wed Jun 03 00:26:13 PDT 2009,NO_QUERY,reyj33,@meangirllissa thanks mel  imma miss u guys next yr 
0,2014101548,Wed Jun 03 00:27:53 PDT 2009,NO_QUERY,reyj33,@MeanGirlLissa thanks mel  imma miss u guys next year 
0,2014103526,Wed Jun 03 00:28:16 PDT 2009,NO_QUERY,lovenadav,recession @ Cannes: Cannes Lions Entries Sink 20%  http://bit.ly/ID6C9  less is more [creative] i guess... 
0,2014114653,Wed Jun 03 00:30:14 PDT 2009,NO_QUERY,jahaii,just passin' by  i'm at the mall right now all by myself.. hoping to see even one of my closest friends  imysm
0,2014170315,Wed Jun 03 00:40:19 PDT 2009,NO_QUERY,sheri_goldsmith,goodnite to all  but lets c if i can get any sleep 
0,2014266257,Wed Jun 03 00:58:27 PDT 2009,NO_QUERY,jizzboxLuLu,"a week of nothing next week, gunna stay at Aneeshes one night  drum-kit soon WOOOO...i feel like a bitch  can my week get any worse??"
0,2014320895,Wed Jun 03 01:08:37 PDT 2009,NO_QUERY,TheSourceress,@dtsn Is it positive or negative?  or 
0,2014381554,Wed Jun 03 01:20:31 PDT 2009,NO_QUERY,TonniePodRobot,Mmm..Buttertoast  I wanna see @ElectroAnna @EDANIELLE @ravegabe @liamadrid tomorrow  GAAAH!
0,2014428703,Wed Jun 03 01:30:00 PDT 2009,NO_QUERY,CandyFlossKid,Going to the doctors after school  Need to get some new clothes and need sims 3 
0,2014460981,Wed Jun 03 01:36:23 PDT 2009,NO_QUERY,NoTORIousTori,@Sunshineliron  I've always wanted to visit Israel! I had a friend from there when I was 14 but she moved back. We lost touch. 
0,2014462361,Wed Jun 03 01:36:40 PDT 2009,NO_QUERY,LeeAnnTwilley,@Gravycheeks Yay con!!  Boo lines!! 
0,2014568235,Wed Jun 03 01:58:11 PDT 2009,NO_QUERY,DalekGirl93,Project Natal! OMGosh! Its gonna be awesome! But its gonna be at least Â£1000!  I want one now! 
0,2014582248,Wed Jun 03 02:00:44 PDT 2009,NO_QUERY,JoelleChew,I want Kelly and Zhen Ni at my house now!    Yesterday was awesome! We should get together more often and drive the world crazy.  
0,2014654086,Wed Jun 03 02:14:39 PDT 2009,NO_QUERY,fSTACK_,"Nooo school photos tomorrow  , i hope it doenst rain so we could skip a bit of maths! "
0,2014675035,Wed Jun 03 02:18:48 PDT 2009,NO_QUERY,slaveship,"is feeling very ill again, boo  but is hoping everyone is voting in tomorrow's EU &amp; Local elections! "
0,2014702300,Wed Jun 03 02:24:13 PDT 2009,NO_QUERY,Nicolaarthur,still in my bed with a lovely hot guy next to me!  feeling good!!! hehe!! need to begin the endless process of feeding him now! 
0,2014733587,Wed Jun 03 02:30:31 PDT 2009,NO_QUERY,QueenBxoxo,"@xbllygbsnii no, to her sister! yes to deryck! lmao! awwh cuuuute  i want a wee girl  :$:$"
0,2014753901,Wed Jun 03 02:34:33 PDT 2009,NO_QUERY,donniesgirl01,"@PixiePolaroid Technically camera aren't allowed in the concerts  But still, i'd love to have some photos from the NKOTB cruise "
0,2014816448,Wed Jun 03 02:47:01 PDT 2009,NO_QUERY,oscar_baby,hayfever is horrible  maybe La Roux will make me feel better? 
0,2014832946,Wed Jun 03 02:50:16 PDT 2009,NO_QUERY,jess_aman,@Jesstjit i wanna tp my friend told me to go from like 2 bulan yg lalu! hahaha. aduh  COME DURING UN TMR 
0,2014843592,Wed Jun 03 02:52:23 PDT 2009,NO_QUERY,twibirdy,adventureland was soo awesome!  to bad it was at the cinemas for a whole of one day!  i wanna watch it again n i wanna watch it NOW! lol
0,2014854105,Wed Jun 03 02:54:30 PDT 2009,NO_QUERY,QuantumMetta,Andy Murray out of the French Open   Roger Federer playing today - go Federer go Federer go 
0,2014865087,Wed Jun 03 02:56:39 PDT 2009,NO_QUERY,brandedyouth,"@LizMcClarnon Mmmm, coco-pops!  How was last night, doll? Really sorry I couldn't go. Serves me right, as I'm ill now too! "
0,2014917745,Wed Jun 03 03:06:47 PDT 2009,NO_QUERY,dainewood,Last exam today  txu ru ru! am heading to leeds later tonight  am gonna see Noel this saturday! AM GONNA DIE!
0,2015096412,Wed Jun 03 03:41:18 PDT 2009,NO_QUERY,zainemoonlight,ooh.. sad. eminem got squashed by bruno.... haha.. i would never do that to you...... heheboired..  what to do what to do??? 
0,2015150112,Wed Jun 03 03:51:16 PDT 2009,NO_QUERY,Craigie21,"the sun is shining, the birds are singing and I'm working  but I have just booked 2 weeks off in September Yippiee  )"
0,2015152307,Wed Jun 03 03:51:39 PDT 2009,NO_QUERY,MidiClayballs,bring back th sunshine  although it is perfect rent watching weather 
0,2015161890,Wed Jun 03 03:53:18 PDT 2009,NO_QUERY,jaciedwards,"Good or bad news 1st? OK, bad - I've worked 100 hours in 7 days  UGH! Good - I'm going back to school  More paper, more options LOL"
0,2015196507,Wed Jun 03 03:59:31 PDT 2009,NO_QUERY,Hayley_Coulson,sitting in the office bored  hence on twitter 
0,2015266875,Wed Jun 03 04:11:22 PDT 2009,NO_QUERY,sweedzie,"@bagussoo  you just make me envy  lol  ummh yea, parents suck.."
0,2015313110,Wed Jun 03 04:19:25 PDT 2009,NO_QUERY,ashleymilli,i have a HUGE!! trig test in math today . and i work tonight  double bummer. 1 1/2 weeks of school left! 
0,2015412220,Wed Jun 03 04:35:42 PDT 2009,NO_QUERY,tyarbrough,"@terrysharpimb Good to have you back in the ministry, Terry!  Up early indeed! "
0,2015474791,Wed Jun 03 04:45:44 PDT 2009,NO_QUERY,Beckyrudd,"History over and done with  lol wrote 12 pages, my hand hurts  french listening soon "
0,2015476357,Wed Jun 03 04:45:59 PDT 2009,NO_QUERY,ReversedMan,my hayfever has gone  My stomach bug has gone  my stomach still hurts  Banana Phone reversed will be up very soon 
0,2015503276,Wed Jun 03 04:50:12 PDT 2009,NO_QUERY,KymbaKat,"@sammoran You should get a Visa, unless they connect you with a certain underworld family  Poor Wags couldn't get a Visa into Canada "
0,2015610717,Wed Jun 03 05:06:08 PDT 2009,NO_QUERY,cameliaa,Doing my make up for today!  Lot of EXAMS  ahh wish my luck! I love my new room 
0,2015622899,Wed Jun 03 05:07:54 PDT 2009,NO_QUERY,RedDave14,"Was just smiled at by pretty young lady  however, she was probably showing kindness and pity to the aged and infirm "
0,2015639277,Wed Jun 03 05:10:15 PDT 2009,NO_QUERY,Soph4Soph,@mummytips hows flming going?? did you get there ok??  so sorry to hear about the train situation this AM  x
0,2015651774,Wed Jun 03 05:12:04 PDT 2009,NO_QUERY,thisisjoo,@ekaa17 @Mawiyel319 @heyyitskate sorry I left you sa confe guys. ginagamit kasi ung comp.  sorry again 
0,2015680799,Wed Jun 03 05:16:15 PDT 2009,NO_QUERY,chelseastein,Yay Pens   Booo work 
0,2015696790,Wed Jun 03 05:18:31 PDT 2009,NO_QUERY,Mollyminx,"woeful morning  but in a good way, if that can make any sense?  ....enquiries within ;) lmao...I aint weird, just a bit strange xxmwahxx"
0,2015844907,Wed Jun 03 05:38:35 PDT 2009,NO_QUERY,mikeedeguz,@Irishcreamy don't be sad....  Yo'll find new friends...  
0,2015887552,Wed Jun 03 05:44:10 PDT 2009,NO_QUERY,demiswissfan,listening to @mitchelmusso's new album  ..it's so amazing! *-* ! go and check it out. and studying for an annoying chemistry exam 
0,2015971012,Wed Jun 03 05:54:47 PDT 2009,NO_QUERY,fridahanna,Going hoomee!!  Have to finish my exam tho  Boo!!
0,2016535539,Wed Jun 03 06:56:51 PDT 2009,NO_QUERY,davicho,@jtbritto doood... bishop was the last word  I'll start saving sum new ones fer yu guys 
0,2017124392,Wed Jun 03 07:53:56 PDT 2009,NO_QUERY,RockinChick09,@StephCyrus09 ohkay bye  i lov you to 
0,2017152983,Wed Jun 03 07:56:37 PDT 2009,NO_QUERY,JulesK_7,"Ah, finally home. Had a nice shower but now have to learn for History  Think I'll learn in front of the PC so it won't be that boring "
0,2017193164,Wed Jun 03 08:00:22 PDT 2009,NO_QUERY,xCisse,"its raining  but its alright, then the grass will get greener  good for the horses! The school ends soon! YEAH im so happy for that! XD"
0,2017440432,Wed Jun 03 08:23:41 PDT 2009,NO_QUERY,KindaLovePink,"@mileycyrus Why don't you tour in the UK?  im from scotland &amp; id love to see you live, i know plenty of others who would too ! "
0,2017540788,Wed Jun 03 08:33:28 PDT 2009,NO_QUERY,ElectricxEels,@AshleeJanda  Well you can hang out with me for free!  lol sorry. :C
0,2018221565,Wed Jun 03 09:37:41 PDT 2009,NO_QUERY,aliceblackX,two exams down  8 more to go though  !
0,2018509100,Wed Jun 03 10:04:33 PDT 2009,NO_QUERY,NadaMetti,Awww yay!! Mr. Jeffrey's let me sit in his class with my sister and all her friends  sad he's moving back to Utah 
0,2018732351,Wed Jun 03 10:25:32 PDT 2009,NO_QUERY,HELL0KiTTYx,@yaseminx3 haha yesh bby  teehee miss you too  we never talk!! lysm xx
0,2018733580,Wed Jun 03 10:25:40 PDT 2009,NO_QUERY,Insane_Gamer,@SEGA I really wish i was at E3  i will get there one day. 
0,2031178737,Thu Jun 04 09:26:46 PDT 2009,NO_QUERY,AnnaCookieFreak,My little sister is here agian! Poor sweetheart! I'm said because she's said. But I'm happy to see her again!  
0,2039697718,Thu Jun 04 22:34:54 PDT 2009,NO_QUERY,Myshelllll,"@melodyee im being booted off now  , haha you will  i want a bf comment confessing his love too be as a birthday present, lol jokes :l"
0,2039740885,Thu Jun 04 22:41:17 PDT 2009,NO_QUERY,heykyeh,@KyraLovesLife i cant saturday  maybe next saturday?  haha
0,2039777473,Thu Jun 04 22:46:52 PDT 2009,NO_QUERY,akane_takamura,I am soooo bummed out about leaving this place.  Hope that Cebu won't let me down! 
0,2039778799,Thu Jun 04 22:47:04 PDT 2009,NO_QUERY,AnneMarieChez,@O_TownMagicMatt ...vacation?  i don't know?  i hope he's not gone for good   that would suck!!! how are you?  drunk yet  ????
0,2039805823,Thu Jun 04 22:51:14 PDT 2009,NO_QUERY,twistedpuppet,@msninacat    stare at candace for a bit. I'm sure she'll do something that will distract you. 
0,2039854932,Thu Jun 04 22:58:58 PDT 2009,NO_QUERY,XdragonmutleyX,Im watching the Jonas Brothers Live chat Cause i missed it last Night  but  that im watchimg it now! 
0,2043953570,Fri Jun 05 08:39:25 PDT 2009,NO_QUERY,Mariiio,@yeelam yeah also have three weeks with a lot of exams   sucks ..  but than vacations  are you going to work in your vacations??
0,2044816045,Fri Jun 05 09:51:36 PDT 2009,NO_QUERY,theanand,@zeqox I dnt think i can  got appointments with a martial arts dude tmro at 11...dnt think i can make.can you record the movie on mob? 
0,2045104551,Fri Jun 05 10:14:36 PDT 2009,NO_QUERY,Emmaaa123,back from carlisle so tired  good day though 
0,2045152605,Fri Jun 05 10:18:46 PDT 2009,NO_QUERY,themaine,@flyzik aw damn  i cant wait for RB beatles version  hahaha
0,2045170748,Fri Jun 05 10:20:22 PDT 2009,NO_QUERY,mcflyyerr,"@cessii haha  but the downside is.... i have to give up the green day gig  but i love muse a tad bit more than green day, so... MUSE &lt;3"
0,2045482519,Fri Jun 05 10:47:29 PDT 2009,NO_QUERY,DanyCarey,@MariahCarey OMG.. Do we really have to wait 3 months for the new album ??  Thats alot... U dont know how much we love u... 
0,2045483190,Fri Jun 05 10:47:33 PDT 2009,NO_QUERY,ash_wa_do_wa,Is about to have a hot bath  and then get ready for work 
0,2046335748,Fri Jun 05 12:01:59 PDT 2009,NO_QUERY,Liam021,"Mmm lunch on the beach, it's cloudy today  whoever is doing that rain dance... Knock it the fuck off!!! "
0,2046387302,Fri Jun 05 12:06:21 PDT 2009,NO_QUERY,_adm09,starving  but mom's making food 
0,2046478363,Fri Jun 05 12:14:17 PDT 2009,NO_QUERY,ChloeeJONES,haven't done an update in agessss! how's everyone? i hate rain!  andd i've only got one more exam and my summer starts! 
0,2046544709,Fri Jun 05 12:20:08 PDT 2009,NO_QUERY,mikethebee,@Kanga_Rue Sorry I cannot agree with advertising and the Â® is ironic on an open social network.This is not Facebook  you disappoint 
0,2047074574,Fri Jun 05 13:06:44 PDT 2009,NO_QUERY,Estherlala,Scoot was beautiful but too old  There was really no scratch but still.. Just gotta keep looking. 
0,2047570612,Fri Jun 05 13:51:04 PDT 2009,NO_QUERY,lesbanim,wishes she weren't so fat   @thatpoliticsguy I wanna go to Brizzle tomorrow too  It's a plan
0,2047582448,Fri Jun 05 13:52:08 PDT 2009,NO_QUERY,tapeboy76,Have to work on Saturday  But it's with @411God and @votaband  I think I'll manage. #followfriday
0,2047857307,Fri Jun 05 14:17:09 PDT 2009,NO_QUERY,rosiepatricia,summer calls: won't be on for a while       happy summer everyone!!!!  
0,2048009200,Fri Jun 05 14:31:16 PDT 2009,NO_QUERY,KassandraKanhai,Rachel's father just picked her up  Watching Tyra 
0,2048263435,Fri Jun 05 14:55:22 PDT 2009,NO_QUERY,chocolatexchica,Well HEELLO twitters! Not hanging with Lauren today  but today I won a contest and got a free 20 dollar gift card 
0,2048283830,Fri Jun 05 14:57:20 PDT 2009,NO_QUERY,Zwinky101,Editing my shitty site  Adding background music though 
0,2048432941,Fri Jun 05 15:11:26 PDT 2009,NO_QUERY,desipage,@MusicGurlJay thanks  hahaha im having so many brain farts today.really.i got up at like 3am 
0,2048433149,Fri Jun 05 15:11:28 PDT 2009,NO_QUERY,Paolinazola,"@never_jen_land I could say yes, but no I'm sorry.Itried but it didn't work  But it's something funny U'll see "
0,2048720386,Fri Jun 05 15:39:50 PDT 2009,NO_QUERY,fibenymph,"Ok, I was wrong My #Fibromyalgia blog(http://www.fibenymph.blogspot.com) WASN'T ready by this week  It WILL be ready next week though "
0,2048803530,Fri Jun 05 15:48:03 PDT 2009,NO_QUERY,randomsummergrl,@TwilightKiera hey again =] haha i only have 72  follow me people!!! lol!! thanks 2 all my followers! i love u  lol
0,2049088666,Fri Jun 05 16:16:32 PDT 2009,NO_QUERY,cyberdees,Has Mapumental access  May have to wait until Sunday late evening before I play unfortunately 
0,2049125647,Fri Jun 05 16:20:21 PDT 2009,NO_QUERY,JoBeanz,:-/   :-?=my mood sequence today.
0,2049244052,Fri Jun 05 16:32:41 PDT 2009,NO_QUERY,_shona,"wow. drunk, SUCH A FUNNY NIGHT.  i love my friends so much (L) it really saddens me that i'm not gonna see them as much next year  &lt;3"
0,2049323996,Fri Jun 05 16:40:56 PDT 2009,NO_QUERY,AntoniiaAgurtii,@itsaboutEmily yeah It could be  I don't know why I'm not a creative person today 
0,2049781777,Fri Jun 05 17:29:25 PDT 2009,NO_QUERY,breadicus,"@americanadian sorry Sheils, won't be able to make it this time   Good luck, tho! "
0,2049858867,Fri Jun 05 17:37:40 PDT 2009,NO_QUERY,FlorenceBollen,@BAlessandra_Xx Heyy Hunni. Yers i heard the bad new from cass. Thats sad   Hope your okay.  ily x
0,2049912129,Fri Jun 05 17:43:23 PDT 2009,NO_QUERY,OlderThanJesus,is heading to band practice.   but currently stuck in traffic. 
0,2049968560,Fri Jun 05 17:49:37 PDT 2009,NO_QUERY,_chantals_,@stephaniealaina @stephaniealaina @stephaniealaina @stephaniealaina PLEASE COME!  I'm soooooo sorry 
0,2050002394,Fri Jun 05 17:53:22 PDT 2009,NO_QUERY,MAGGIECHICKEN,"@makinherownway aww. i really wana go to 3Oh!3, The Acadmey is n you me at six  but i think im goin 2 SS n the getaway plan is in 2wks "
0,2050490068,Fri Jun 05 18:45:43 PDT 2009,NO_QUERY,tammy_brz,going now  bye followers. see ya tomorrow! #KevinJonas 
0,2050528783,Fri Jun 05 18:49:58 PDT 2009,NO_QUERY,Kellelucas,Our knight didn't win.  but it's cool; the yellow knight is hot and kept looking at me. 
0,2050530440,Fri Jun 05 18:50:08 PDT 2009,NO_QUERY,MrsJoeJonas2294,@bdawg123456 u know what? u need 2 shut it!   guess what? I got grounded. (shock huh?) again. Now no ipod  I cant win w/ these ppl! LOL
0,2050546172,Fri Jun 05 18:51:52 PDT 2009,NO_QUERY,purlywhirls,AHHH starbucks is closed  when did they decide to close before 10pm??! and i'm still mad tired ahghghhg. gristedes? ahhah  lol 
0,2050716147,Fri Jun 05 19:10:03 PDT 2009,NO_QUERY,regenbogenmord,@susan259 I did a few minutes ago actually  Though I'm having trouble with getting the DMs to work  #20BoySummer
0,2051032443,Fri Jun 05 19:44:21 PDT 2009,NO_QUERY,rainbow2018,"@rannau thanks bb  We miss you too, its hard to stay tune becuase you live in the other side of the world and most of us in USA... "
0,2051070215,Fri Jun 05 19:48:27 PDT 2009,NO_QUERY,_MoniqueNicole_,I want to meet my Mr. Big  ... Watching sex and the city 
0,2051215978,Fri Jun 05 21:09:52 PDT 2009,NO_QUERY,bloggerjoe,I logged into Twitter but there was no one there?   Glad your all back!   Here's some more!
0,2051227046,Fri Jun 05 21:13:28 PDT 2009,NO_QUERY,wynsters,FTW: bought many books today  FTL: bit my tongue so hard it bled 
0,2051228740,Fri Jun 05 21:14:05 PDT 2009,NO_QUERY,rawrlaurasaur,my tongue hurts and i talk funny  but my parents haven't found out yet  
0,2051237367,Fri Jun 05 21:16:35 PDT 2009,NO_QUERY,Joehhzeh,"@JackAllTimeLow Say hi to my friends Kirsty, Maree and Anh  I miss out, in Perth "
0,2051384050,Fri Jun 05 21:52:21 PDT 2009,NO_QUERY,_We_ArE_bRoKeN_,Ow! Garrett just through a water bottle and hit me in the head..  but it didn't hurt 
0,2051471675,Fri Jun 05 22:06:39 PDT 2009,NO_QUERY,littlecatcari,tara thai tonight!  but assignments first 
0,2051660896,Fri Jun 05 22:30:29 PDT 2009,NO_QUERY,Kristy_Lee_,second chance - shinedown &lt;3 off to the simmos..n work 2moz  but then blskes party 
0,2051674699,Fri Jun 05 22:32:12 PDT 2009,NO_QUERY,Ashliieeee,I'm not ready to go to school yet  I'm happy classes are suspended 
0,2051787868,Fri Jun 05 22:48:43 PDT 2009,NO_QUERY,BalderKongen,"Too warm here... Having trouble breathing  Gotta get up and do something about this... Party in 3 hours, so "
0,2051828694,Fri Jun 05 22:54:51 PDT 2009,NO_QUERY,nrgins,"@zaneology That's funny! He IS a clever one!  (Sad, though, that the kind of joke *I* would come up with is on a 4-year-old level  )"
0,2051956750,Fri Jun 05 23:14:59 PDT 2009,NO_QUERY,NattyPimpQueen,@GinaHernandez i'm still laughing. it is so your turn!!!!! even though i know the answer  but it will be funny to laugh again lol 
0,2051991223,Fri Jun 05 23:20:45 PDT 2009,NO_QUERY,BossLadiToya,@CoachBilal Hey Coach! Show was CRAZY! Had to watch the phn lines and couldn't check my Twitter page!  Thanks for listening! 
0,2052039454,Fri Jun 05 23:29:05 PDT 2009,NO_QUERY,nmschmelzer,@stephenanberlin I was going to take my best friend for his bday in Tampa. Sold out.  Headline soon? Or find me two tickets?! 
0,2052060687,Fri Jun 05 23:32:43 PDT 2009,NO_QUERY,Angelique12,@rhispect my honey works nights so I have to sleep alone every night.  where do I find one of those living organisms? 
0,2052295192,Sat Jun 06 00:15:22 PDT 2009,NO_QUERY,rushxx,said bye to my deadly bitch nasty girl nade  gonna miss her but she's working at myer here!  so still see her heaps!
0,2052396664,Sat Jun 06 00:35:27 PDT 2009,NO_QUERY,_willowed,@gumbie_girl lol neverrr i don't have jelly  lol  Oh you know i do ;) bahaha.
0,2052444682,Sat Jun 06 00:45:08 PDT 2009,NO_QUERY,ReMisterGeneral,@ChrissyMBot no tetleys at the airport  I shall have to sample 'american breakfast tea'. Heaven forbid 
0,2052448648,Sat Jun 06 00:45:56 PDT 2009,NO_QUERY,mattie7,oh you just texted  but I only got parts 2 and 3 so I dont know what he said  you will have to tell me tomorrow ok?
0,2052454607,Sat Jun 06 00:47:07 PDT 2009,NO_QUERY,creati0n,@thamsanqa Yep  i just want my files since i last Backed up 
0,2052496700,Sat Jun 06 00:56:02 PDT 2009,NO_QUERY,ideal808,"OMG playing from 6-10pm, exhausting   at least i got 1 win in! time to head on home "
0,2052514358,Sat Jun 06 00:59:51 PDT 2009,NO_QUERY,NeZ_Talk,"Good morning,everyone! Just reag the latest tweets ..and I'm not happy that there where NO steamboats  ..gonna have some breakfast now! "
0,2052540754,Sat Jun 06 01:05:04 PDT 2009,NO_QUERY,SophieBroad,"@LaurenConrad Im getting one!!!  fancy sending me a signed one, dont think i can make it to america to get one "
0,2052616220,Sat Jun 06 01:21:43 PDT 2009,NO_QUERY,PoyntlasLove,Drinking is fun (Y) I have a really bad sore throat  cherry lozenges are life savers  xx
0,2052676219,Sat Jun 06 01:35:33 PDT 2009,NO_QUERY,PinkCandyCross,"@benjibrum I can haz umbrella, but I am already damp from going to Asda  I'll come and sing at you another time "
0,2052676641,Sat Jun 06 01:35:39 PDT 2009,NO_QUERY,YvetteObeney,"@GeoffDicks Morning! Had pleasant dream's, then had 2 wake up.  what's your plans 2day?? "
0,2052704494,Sat Jun 06 01:42:01 PDT 2009,NO_QUERY,sophieholly,"@sofiesunshine awesome  i'm really looking forward to it, hope Ness is better though  bless her"
0,2052736364,Sat Jun 06 01:49:29 PDT 2009,NO_QUERY,OurCowMolly,"We are at Stocksbridge school selling ice cream tubs  ...,, in the rain "
0,2052737466,Sat Jun 06 01:49:46 PDT 2009,NO_QUERY,creativejo,Spammers are up early today  Getting up time so have a good morning everyone 
0,2052738147,Sat Jun 06 01:49:56 PDT 2009,NO_QUERY,SahraGoncalves,@pcdmelodyt Hey Melody ! I'm the very big fan of the PCD !!! My favorite singer with Nicole ! I LOVE PCD !!!!  re lay me please ! 
0,2052831289,Sat Jun 06 02:11:34 PDT 2009,NO_QUERY,Pernille8800,"studying for my eksams  german, classical classical, religious religious and AT7 ... summer holidays 6/23 "
0,2052832216,Sat Jun 06 02:11:47 PDT 2009,NO_QUERY,juliduli777,it is four in the morning and I cant sleep  so i am sitting here drinking diet coke 
0,2052833201,Sat Jun 06 02:12:02 PDT 2009,NO_QUERY,LaughingAllTime,must wash dishes  so i must go off now   love you all (: JULIAN&lt;333
0,2052834741,Sat Jun 06 02:12:23 PDT 2009,NO_QUERY,farahm,@Khaldonm   just wait i am coming to finish them    
0,2052948151,Sat Jun 06 02:39:51 PDT 2009,NO_QUERY,carolinekerrang,@leolodreamland shame about the weather today tho ..  v.v. soggy! 
0,2052950194,Sat Jun 06 02:40:19 PDT 2009,NO_QUERY,JimmyTheGhost,Tonight I will be able to sleep under my sheets  As opposed to on top of them covered in a layer of sweat 
0,2052989622,Sat Jun 06 02:49:59 PDT 2009,NO_QUERY,EskimoJoelted,Oh and I have no jacket to keep me warm  but $200 for booze..BIG nite ahead  
0,2052991421,Sat Jun 06 02:50:22 PDT 2009,NO_QUERY,mydefpony,I just saw a bum shake a payphone till it spat out a bunch of quarters... What a champ  wish I'd  thought of that 
0,2053005173,Sat Jun 06 02:53:44 PDT 2009,NO_QUERY,annamg08,@candydoodles thanks.  i don`t know my section. 
0,2053030085,Sat Jun 06 02:59:59 PDT 2009,NO_QUERY,Susy412,"Getting dinner stuffs ready for tonight, maybe a wee surprise too ;) Hubbys back for good today  looks like rain though  Roll on tonight"
0,2053039031,Sat Jun 06 03:01:51 PDT 2009,NO_QUERY,kimbaloveswho,"@Pink at your concert, shame my seats are sooo bad  look right and shout put when you're on "
0,2053108314,Sat Jun 06 03:18:20 PDT 2009,NO_QUERY,cazzalineAP,rain rain go away  seeing Andrew in 2 hourssss  x
0,2053123271,Sat Jun 06 03:21:51 PDT 2009,NO_QUERY,JoeyPepperoni,Just made a new account...  I don't want to go to school !! WAAAAAAAAAAAH ! 
0,2053134773,Sat Jun 06 03:24:38 PDT 2009,NO_QUERY,AKAVirtualPA,@Tw1sty #athomebeingawetlblanket ...  I'm still joining in however ... 
0,2053181998,Sat Jun 06 03:35:44 PDT 2009,NO_QUERY,technolliegy,Watching some updates on big brother - loving Halfwit and Dogface  #bigbrother Whilst watching the D-Day anniversary on BBC News 
0,2053270449,Sat Jun 06 03:56:24 PDT 2009,NO_QUERY,XoobabyblueooX,bored shitless cant move sooo sore  tho sports day was brill 
0,2053296839,Sat Jun 06 04:02:07 PDT 2009,NO_QUERY,alps05,"says The answer is maybe, and that's final.  Hunger.  http://plurk.com/p/yt893"
0,2053305237,Sat Jun 06 04:04:00 PDT 2009,NO_QUERY,ffmpaD,@chaudeey yeah sorry because of this morning ;)) i trained from 11 to 12.30... did one exercise +10 lbs and it burned that hard  
0,2053369424,Sat Jun 06 04:18:20 PDT 2009,NO_QUERY,jumboclark,Going to see Muse at the 02  have to wait till november though 
0,2053386212,Sat Jun 06 04:22:07 PDT 2009,NO_QUERY,gemeg,@svn8teen Oh. Hahaha. Yeah. Good luck  Is 3rd year hard? So I should recite na ba or what? I need advice! 
0,2053386893,Sat Jun 06 04:22:16 PDT 2009,NO_QUERY,CassieBrahh,Kaseys workkk stole him from meeee   Playing computer games lika n3rd 
0,2053415546,Sat Jun 06 04:28:35 PDT 2009,NO_QUERY,mariah_ana,Ahhhh. I missed seeing JB on sportscenter.  &amp; Happy saturday!!!  Mariah (:
0,2053416760,Sat Jun 06 04:28:51 PDT 2009,NO_QUERY,MollyLOVESAston,@Diana_Vickers_ Morninggg diana  Its england what do we expect?  haa xxxx
0,2053462236,Sat Jun 06 04:38:28 PDT 2009,NO_QUERY,justalie,"@NicoleJAnderson i know, it totally is  got health and food on tuesday sadly  i know, its a scary thought lol"
0,2053463362,Sat Jun 06 04:38:42 PDT 2009,NO_QUERY,CharleneBx,@kezzawezz Yaba!  Enjoy your time doon there..... especially if the weather is better than this pish up here!  Boooooo! xx
0,2053473078,Sat Jun 06 04:40:45 PDT 2009,NO_QUERY,TanyaFawnColvin,on the train home whooopa  pretty damn bored tha 
0,2053510387,Sat Jun 06 04:48:45 PDT 2009,NO_QUERY,kennywong,char koay teow @ lrg 100 tahun....after workout sinful  but yum 
0,2053511354,Sat Jun 06 04:48:57 PDT 2009,NO_QUERY,DominaCaffeine,@Storm_Crow Oh dear poor @crag_du  he'll be hungry lol.  Have been successful with my google calendar/Tiff baiting 
0,2053581479,Sat Jun 06 05:02:55 PDT 2009,NO_QUERY,FunStarLiz," British weather is back i see! Oh well Birtney, london and ciaraaaa in 5 dayssss "
0,2053684753,Sat Jun 06 05:23:03 PDT 2009,NO_QUERY,shrutisrao,@dptmn200  deepthi elli ennu artha agthilla  dis is weird 
0,2053693340,Sat Jun 06 05:24:42 PDT 2009,NO_QUERY,GeneralProfound,@1critic yeah i know!unfortunately that is what humans ve become about  -just saw a movie w/pc geeks &amp; a bill gates wanna b - geeks won 
0,2053694630,Sat Jun 06 05:24:56 PDT 2009,NO_QUERY,Sabullkaa,@camilleTheJonas hey i want also  hey when you at home so I send you the profile  girl as I sit with she in Bus  I dont sit with she 
0,2053737035,Sat Jun 06 05:32:47 PDT 2009,NO_QUERY,ilanacharnelle,Closing night  Listening to 'Beyond the Sea' in the interval 
0,2053748810,Sat Jun 06 05:34:57 PDT 2009,NO_QUERY,pete_c,"@EvilNanny aw honey  There is always next weekend! And yes, we have butter and jam! "
0,2053861022,Sat Jun 06 05:55:17 PDT 2009,NO_QUERY,yasmeink,@sanya29 because the builders r here  but i got out now and hav fooood  i miss u too sanny!! when r u in nxt? xxx
0,2053869990,Sat Jun 06 05:56:52 PDT 2009,NO_QUERY,DominaCaffeine,@buddhapest  are you not well?  Did I miss a post?  Get well soon  *hug*
0,2053881135,Sat Jun 06 05:58:49 PDT 2009,NO_QUERY,twinkle_x,dont wanna work tomorrow  northies tmw nighttt &amp; lily allen on tuesday 
0,2053919502,Sat Jun 06 06:04:54 PDT 2009,NO_QUERY,nonkanya,"@misshara at home, sick  &lt;-- the power of copy paste..   . get well soon, dear! *hugs*"
0,2053946904,Sat Jun 06 06:09:20 PDT 2009,NO_QUERY,soulboykirk,"@PatrikIanPolk  Now I remember.  Why' &quot;Desperate Housewives&quot; not make better use of AW, I do not know. "
0,2053959675,Sat Jun 06 06:11:23 PDT 2009,NO_QUERY,iliketightjeans,7am on sat  band practice  makes everything better :-P
0,2054033966,Sat Jun 06 06:23:09 PDT 2009,NO_QUERY,kindy_franklin,saturday nite n home bored  but YAY footy monday  hopefully shane woewodin is gunna b there
0,2054061106,Sat Jun 06 06:27:25 PDT 2009,NO_QUERY,BucketheadBenny,"Tonights average score for me 118.5 with a min of 95  so shit, and max of 133 "
0,2054062297,Sat Jun 06 06:27:36 PDT 2009,NO_QUERY,Sarah_Jeffreys,Boat broken  luckily surrounded by fit men in leathers! 
0,2054125639,Sat Jun 06 06:37:19 PDT 2009,NO_QUERY,bellaziiva,"I miss my mom.....  but its ok, she'll back tonight "
0,2054232030,Sat Jun 06 06:53:10 PDT 2009,NO_QUERY,momtoostressed,@1capplegate  maybe they could ship to u; or find the owner and plead to open 4 u; hop your day changes to 
0,2054260141,Sat Jun 06 06:57:14 PDT 2009,NO_QUERY,XxMoneyHoneyxX,Hmmm....party was okay....meh.....raining now  please stop  i wanna go out  xxxxxx
0,2054321872,Sat Jun 06 07:05:33 PDT 2009,NO_QUERY,forbairt,@kdaly100 ouch  ... when she's back to you in 3 months saying its still not working ... 
0,2054409419,Sat Jun 06 07:17:20 PDT 2009,NO_QUERY,nyc_specialist,@conchordgirl he was passing out postcards. I didn't get one  I was so bummed about my pic lol but I did buy his cd. He gives nice hugs 
0,2054440724,Sat Jun 06 07:21:27 PDT 2009,NO_QUERY,OPENBOXmedia,my site has been updated! its now fully ready to be seen  although the 'contact me' part on the 'home' and 'about us' page doesn't work 
0,2054561994,Sat Jun 06 07:37:13 PDT 2009,NO_QUERY,Th3Brave,Breaking my back on the new outside kitchen  grrrr but the result wil be fantastic....... I think ....  Lets fond out in a few minutes
0,2054673443,Sat Jun 06 07:51:23 PDT 2009,NO_QUERY,TizBanana,"@salandpepper We did.. thanks for passing it on  am 1 day in on a 4 day w'end, so am a happy camper! Sorry we sent the rain back  lol"
0,2054701521,Sat Jun 06 07:54:52 PDT 2009,NO_QUERY,IsabellScully,back from class trip... was very cold and nice  but no twitter for a loooong time 
0,2054705634,Sat Jun 06 07:55:21 PDT 2009,NO_QUERY,MeghannMusic,"@R41NBOW Ah, you got it?! It's AMAZING  Why isn't it working? "
0,2054812895,Sat Jun 06 08:08:00 PDT 2009,NO_QUERY,emilyheartspatd,i'm going to summer jam! and flo rida; jesse mccartney; 3OH!3 and more are perfroming! I'm so excited!  yay except i'm running late. 
0,2054826671,Sat Jun 06 08:09:40 PDT 2009,NO_QUERY,madeline_g89,Don't wanna go back to work!!   Morning Twitter!  
0,2055011760,Sat Jun 06 08:31:40 PDT 2009,NO_QUERY,JessicaViberg,@AnnaCAndersson AAAAAAAAAAAAAH!!! I want one too!!!!  how much did u pay for it? Any special functions.. TELL ME ALL ABOUT IT 
0,2055043216,Sat Jun 06 08:35:21 PDT 2009,NO_QUERY,sactwit,@unahealy awww your close to me  jelous i'm not going 2 see u perform   love the sats! lol
0,2055120957,Sat Jun 06 08:44:16 PDT 2009,NO_QUERY,lauralou_93,@Fearnecotton could you play Sugar by Flo Rida please  while i'm revising Business  thanks xxxx
0,2055241593,Sat Jun 06 08:57:53 PDT 2009,NO_QUERY,audreythebaby,Having colds colds  AH1N1?!?? NOT. I will drink orange juice instead 
0,2055242978,Sat Jun 06 08:58:02 PDT 2009,NO_QUERY,nicollea_,@tommcfly  I think Fletcher cute  is better than ARAÃJO that is my last name 
0,2055322554,Sat Jun 06 09:06:20 PDT 2009,NO_QUERY,isodera,Been watching Conan's first week's reruns: we get all 5 of the week's Tonight Show only the ensuing weekend  But better than none! 
0,2055385910,Sat Jun 06 09:13:14 PDT 2009,NO_QUERY,Jesslynne,@Ithilwen Evil? I think not!  Aw darn.. I forgot to tell Mom to get extra stuff for a frappuccino later.. 
0,2055698387,Sat Jun 06 09:47:38 PDT 2009,NO_QUERY,Kiimm__x,"@bethbabezz lmao beth, nope  , well not yet.. my mum said she is gonna think about it! they are adorable! "
0,2055778621,Sat Jun 06 09:56:22 PDT 2009,NO_QUERY,Madril,Tried my old Canon Photoshot A70 yet again but it is dead  Think I might need a new camera... Oh look... birthday's coming! 
0,2055800600,Sat Jun 06 09:58:50 PDT 2009,NO_QUERY,benny92,Revision  borin! good day yesterday tho  haha over took mr wiliams on red light on my bike 
0,2056067395,Sat Jun 06 10:28:01 PDT 2009,NO_QUERY,Bowl_the_Bunny,I'm glad Bride Wars didn't end up disappointing me. :-D Too bad there wasn't more Bryan Greenberg.  Loved Anne Hathaway though. 
0,2056280448,Sat Jun 06 10:51:27 PDT 2009,NO_QUERY,brutalle,@luvara Happy birthday hun  Is there not any vegan cake?  xxx
0,2056281210,Sat Jun 06 10:51:31 PDT 2009,NO_QUERY,Danishbrunette,"@DiSCOLENA no  haha, I don't know any soccer players "
0,2056518924,Sat Jun 06 11:17:30 PDT 2009,NO_QUERY,jessiica_x,@tommcfly Yes you should! And @mcflyharry should use his twitter! tell him please!  Say hello to him too!  hahaha. Love you Tom! &lt;3 â¥
0,2056589694,Sat Jun 06 11:25:24 PDT 2009,NO_QUERY,NatalieGolding,"@Lucy_nessa oooooh. it better not rain  if it does i'm wearing jeans, a jacket and trainers! haha. but if it's sunny - dress &amp; heels! "
0,2056663520,Sat Jun 06 11:33:44 PDT 2009,NO_QUERY,Dan_Scott_1990,@AlanCarr I bloody love you! Cant wait for the new show  But I love Britney too so abit gutted that you said that joke  x
0,2056680164,Sat Jun 06 11:35:35 PDT 2009,NO_QUERY,violetbakes,@HoptonHouseBnB sorry Karen tweetdeck said I'm over capacity  Chilli and garlic work well with lamb as it cuts through the fattyness 
0,2056698094,Sat Jun 06 11:37:35 PDT 2009,NO_QUERY,mo3ath,At the cafe without my laptop or my bag :S I feel I'm lost  can't survive without my stuff 
0,2056700234,Sat Jun 06 11:37:50 PDT 2009,NO_QUERY,Sandra86says,I have a sore throat! Time to buy my secret weapon that is sucrets!!! Those always numb my throat  but other than that fml 
0,2056754054,Sat Jun 06 11:43:51 PDT 2009,NO_QUERY,XxPinkKisses1xX,just got back frum babysitting my cousin...it was fuuuunnn. But now i'm off to my friends house! LOL!  i miss my home...  lol.
0,2056805276,Sat Jun 06 11:49:40 PDT 2009,NO_QUERY,lindatusti,"I really need to talk to you @irisvarsi, cause I think I really have a serious JB fever...  "
0,2056807406,Sat Jun 06 11:49:56 PDT 2009,NO_QUERY,Draxa,@DAK04 good idea  Not so well ... 5 miles 
0,2056840642,Sat Jun 06 11:53:41 PDT 2009,NO_QUERY,SarahSchumi1,@xGaelic_Girlx thankx pet thou the savin starts here  roll on Augusto till we c sum certain Scottish lads  x
0,2056896118,Sat Jun 06 11:59:56 PDT 2009,NO_QUERY,JudithChad,is on way to pampered chef party   leaving the boys alone. 
0,2057081572,Sat Jun 06 12:20:12 PDT 2009,NO_QUERY,ARCoria,@cassidyblog LU-KEY!  I wanna be @ the lake... 
0,2057151438,Sat Jun 06 12:28:08 PDT 2009,NO_QUERY,mahes,"HIGH SCHOOL IS OVER!!!!!!, im kinda sad, im going to miss my friends, but i will bring a lot of good memories to college!   "
0,2057262169,Sat Jun 06 12:40:26 PDT 2009,NO_QUERY,ladyspeaker,Takin' a study break to grab lunch w/zee momma at my favorite veggie place!  I wish they had 'em out in LA! 
0,2057263304,Sat Jun 06 12:40:34 PDT 2009,NO_QUERY,ZAmmi,"@Jwyl oh dear  you still get to go to SantaBarbara later or is that cancelled now? Still, you get hugs and scrummy food "
0,2057317311,Sat Jun 06 12:46:38 PDT 2009,NO_QUERY,RachelPat,"Went to see Night atthe Museum 2 today, it was awesome  I'm bored though now "
0,2057369057,Sat Jun 06 12:52:33 PDT 2009,NO_QUERY,Monkey1313,finished homework   now i don't know what to do 
0,2057514019,Sat Jun 06 13:08:42 PDT 2009,NO_QUERY,Leanne0710,@nicole_b86 anoooo  its always the gay ones lolol  #hateperez
0,2057530610,Sat Jun 06 13:10:31 PDT 2009,NO_QUERY,xokissesfromlo,devins helpin me study. lots to do. what a yucky day for grad parties  nine days 
0,2057784091,Sat Jun 06 13:39:15 PDT 2009,NO_QUERY,CanadianJennie,@StacyDerosby  fun!  im wishing i was  closer so i could do more then one show    oh well at least i get to do one!
0,2057836366,Sat Jun 06 13:45:16 PDT 2009,NO_QUERY,jessicamloring,@GentleSinner Yayyy  I gots to sleep early  Leaving by 9 
0,2057853818,Sat Jun 06 13:47:19 PDT 2009,NO_QUERY,michaeljung,Finishing the #abdntweetup with Terminator Salvation at the vue 2145 screening. Alone  see it in good quality now 
0,2057956153,Sat Jun 06 13:59:15 PDT 2009,NO_QUERY,adamcobb,Back from work... but have to go back in again at 7am tomorrow  Then I'm off for 2 days 
0,2057992213,Sat Jun 06 14:03:19 PDT 2009,NO_QUERY,DaveBrendon,@LizUK Haven't even heard of it this side.  Quick blurb? 
0,2058061629,Sat Jun 06 14:11:23 PDT 2009,NO_QUERY,vanwau,@daracorrato so excited for you at the 5*!!! Why is Belgium so far from USA   Have fun for me!!!! And say hi 
0,2058096122,Sat Jun 06 14:15:27 PDT 2009,NO_QUERY,xloveisonitsway,"@AmieSC Erm a2 row 15, I searched the minute they can out aswell. I was hoping for front row  &amp; ur seats ares goood!! "
0,2058097008,Sat Jun 06 14:15:33 PDT 2009,NO_QUERY,MrsAGerrard,"Stevie Gerrard! England!  4-0, My man played gooood;). Very cold today! "
0,2058144895,Sat Jun 06 14:21:17 PDT 2009,NO_QUERY,Soph4Soph,"@millybee_art Aww... it was quite nice here today, bit overcast thou  Yeah Bfeeding rocks! ;-) hope you get some sun back soon.. "
0,2058180044,Sat Jun 06 14:25:33 PDT 2009,NO_QUERY,peoplefight,Link: VOTE! ;) - vote for me! âpeoplefightï¿½?  doesnât show my picture though  http://tumblr.com/x8b1yx40e
0,2058214375,Sat Jun 06 14:29:43 PDT 2009,NO_QUERY,BradGodin7,"Hmm, im bored lol, IM me? Mess me? please?  Dang i wana be with some1 like now! "
0,2058280136,Sat Jun 06 14:37:31 PDT 2009,NO_QUERY,kikimarie593,"@JennetteMcCTeam I actually guessed that, but my tweet didn't go through.  Oh well, I'll get the next one. "
0,2058349213,Sat Jun 06 14:45:42 PDT 2009,NO_QUERY,TinaReece,ironing  and sippin this mojito 
0,2058533993,Sat Jun 06 15:07:53 PDT 2009,NO_QUERY,Arasphere,"@mcr_rocks_alot Ag damn, that sucks  lol "
0,2058794561,Sat Jun 06 15:38:28 PDT 2009,NO_QUERY,Jenny_Stuart,"@sophiemcflyx yes i have only cryed three times at it, and todaay was one of them  you should watch it! its really funny "
0,2058828248,Sat Jun 06 15:42:29 PDT 2009,NO_QUERY,Poodlz,Head is so sore  But had and AMAZING night (despite assholes whole play rugby and think there cool....YEAH NAH  )
0,2059067317,Sat Jun 06 16:10:52 PDT 2009,NO_QUERY,icantdobetter,"@tommcfly Tom  please reply me boy! haha mr.twiiter universe I love u &lt;3,THANKS FOR COMING TO ARGENTINA  I love you somuch xX"
0,2059119078,Sat Jun 06 16:17:05 PDT 2009,NO_QUERY,hoychilda,. home from temecula. ergh i wanted to go to the party  i want to get drunk hahaha lol 
0,2059315682,Sat Jun 06 16:41:07 PDT 2009,NO_QUERY,stickypop,"Off to bed now, pretty tired, jobs tomorrow  but then off to see my girlfriend........ and play Sims 3  haha Night ladies and Gentlemen!"
0,2059315948,Sat Jun 06 16:41:09 PDT 2009,NO_QUERY,Francie2008,@ChoeBe  guess what I'm dling now...? 
0,2059333166,Sat Jun 06 16:43:15 PDT 2009,NO_QUERY,AceMas21,"@joshtastic1 Oh I dunno,,I couldnt explain this morning what was wrong with me...just felt really down  Am much better now tho  X"
0,2059681183,Sat Jun 06 17:25:17 PDT 2009,NO_QUERY,SeekerOf,@latinqttwitts4u Me too!!!  but would like to avoid the humidity that comes along with it after a lot of rain 
0,2059765907,Sat Jun 06 17:35:36 PDT 2009,NO_QUERY,swallowedeasy,"@nileyxlove Thank you  &amp; oohh  i think he's just gotten to the breaking point of all the hate made towards him and AHH, one more week ,."
0,2059815045,Sat Jun 06 17:41:29 PDT 2009,NO_QUERY,iliekpanduz,Attempted to take a pick of philly but epic fail  anyways just passed Philly on way bak home  http://twitpic.com/6siui
0,2059863446,Sat Jun 06 17:47:22 PDT 2009,NO_QUERY,ShastaGibson,"Huh, none of the Tweets I sent from my phone today seem to have gone through   Damn!  Some of them were hawt "
0,2059930138,Sat Jun 06 17:55:28 PDT 2009,NO_QUERY,novelistkc,@taraellis19 Wedding details pleeeaase! I'm home sick w/sick baby   what can you give me in 140characters? ???  
0,2060015317,Sat Jun 06 18:05:32 PDT 2009,NO_QUERY,pbrack,@lindsmartin @lastfm  unfortunately Pandora seems to have ceased http://bit.ly/Zhmi0 
0,2060016223,Sat Jun 06 18:05:38 PDT 2009,NO_QUERY,taylor_123,"@maddihorse I think you'll love them    aw, that sucks about the comp  "
0,2060295707,Sat Jun 06 18:38:17 PDT 2009,NO_QUERY,SphereCat1,"@AppleGeeek Awwww, you just ruined my day.  lolz! Just kidding! "
0,2060399161,Sat Jun 06 18:50:01 PDT 2009,NO_QUERY,Kozitaa,i think that i miss @MM_Oporto so much  i love you 
0,2060400089,Sat Jun 06 18:50:07 PDT 2009,NO_QUERY,Lynne90,@teatotally  free shots 4 everyone!!!! and yes @mollieofficial I am quite selective  I want London to be here NOW! I miss u girls 
0,2060437071,Sat Jun 06 18:54:18 PDT 2009,NO_QUERY,HappyCassie,Oh hi guys... This pic made my face hurt  but I like what I'm wearing  http://yfrog.com/3of31fj
0,2060472235,Sat Jun 06 18:58:16 PDT 2009,NO_QUERY,gabigail87,Sports Arena for Julie's goodbye party. Bowling =  goodbye = 
0,2060561241,Sat Jun 06 19:08:13 PDT 2009,NO_QUERY,justinjwilliams,"@olinaqian    oh, i don't have emoji on this...  do you have emoji yet? it was made for you! plus i think it's free."
0,2060599252,Sat Jun 06 19:12:35 PDT 2009,NO_QUERY,PrettyMsAsh86,My haircut   still pretty though  http://twitgoo.com/oj2g
0,2060803636,Sat Jun 06 19:36:31 PDT 2009,NO_QUERY,SilviaNYC,At city island with my peeps  booo a hangover! 
0,2060871071,Sat Jun 06 19:44:26 PDT 2009,NO_QUERY,NatalieGolding,"@Lucy_nessa it is! haha. aaaaaaaah. i'm gonna put my pic of me and her in too, and ask her to sign it  ashhhhh &lt;3 we need an ash pic! "
0,2060924350,Sat Jun 06 19:50:33 PDT 2009,NO_QUERY,makeroom4cleo,UP IS THE CUTEST MOVIE IN THE WHOLE ENTIRE WORLDDD!!!! MADE ME CRY  BUT MAKESME SOO HAPPPY. CANT STOP SMILING 
0,2061151653,Sat Jun 06 20:16:55 PDT 2009,NO_QUERY,etePLiL,Good Morning Czech Republic now It's 5:17 AM  and I'm so very tired 
0,2061332895,Sat Jun 06 20:39:01 PDT 2009,NO_QUERY,ixchellopez,@amanicka Awww buddy! hello  i miss u 
0,2061347899,Sat Jun 06 20:40:51 PDT 2009,NO_QUERY,PolaScheps,@ddlovato good luck girl! and please please please come back to ARGENTINA!! ARGENTINA!! we miss u girl  love u â¥ u r the best 
0,2061444933,Sat Jun 06 20:53:05 PDT 2009,NO_QUERY,oohlookacat,on ramsey st  thats so rad! Dropped my camera 
0,2061539880,Sat Jun 06 21:04:56 PDT 2009,NO_QUERY,briswarn,anyways good night ya'll i gotta go sadly   !!!!!
0,2061588191,Sat Jun 06 21:10:59 PDT 2009,NO_QUERY,ChloeStack,@BlueCarr yay! im sooo effing hungry   ;d movie marathon yay! that means Corey yay! im being talked about on Mitches myspace yay! 
0,2061773625,Sat Jun 06 21:35:03 PDT 2009,NO_QUERY,carlsalazar,Awww... Titanic was on a while ago. I should've watched it.  I guess that's why Titanic is one of the trending topics right now. 
0,2061787743,Sat Jun 06 21:36:56 PDT 2009,NO_QUERY,amylovatojonas,ok going to bed  lol but going to Mazzio's tomorrow! YAY!!  haven't been there in forever! i love that place!
0,2061861748,Sat Jun 06 21:46:59 PDT 2009,NO_QUERY,BondServantLZ,@ILuvMyiPhone88 I know  when we wer in the states I got my 1g 8gig used for little over 100$  maybe when I go in 4 years ill get a new 1
0,2062025063,Sat Jun 06 22:09:17 PDT 2009,NO_QUERY,capblast,@erikaauge you're such a baby haha  the lamia is coming for you! Here kitty kitty 
0,2062079422,Sat Jun 06 22:17:07 PDT 2009,NO_QUERY,kiarapop, back to maths. i wish i could stab it. but at least i have another red bull 
0,2062080032,Sat Jun 06 22:17:13 PDT 2009,NO_QUERY,lakezter,@DiiLee hate paper work ..  alla e3eeenich 7abooba 
0,2062146077,Sat Jun 06 22:27:01 PDT 2009,NO_QUERY,shelbaayy,aww maan. i didnt watch the penguins game  i forgot all about it. well had a fun time tonight!  now going to sleep.
0,2062214251,Sat Jun 06 22:37:18 PDT 2009,NO_QUERY,DannysUltimatum,I feel like going on blogtv  but I can't right now 
0,2062253320,Sat Jun 06 22:43:27 PDT 2009,NO_QUERY,NicoDelano,"@anastasiav the author of Pendragon, hot mannequins waving at me, and two ugly burly dudes in the food court  only saw aftermath though "
0,2062313315,Sat Jun 06 22:53:11 PDT 2009,NO_QUERY,dbrJpp,@DontCallMeBones yay  hahah i love tweetdeck cause its so practical! but i never use it 
0,2062386313,Sat Jun 06 23:05:13 PDT 2009,NO_QUERY,_musiclover27_,@shennn haha  Titanic  Jack &amp; Rose. &lt;3
0,2062399144,Sat Jun 06 23:07:20 PDT 2009,NO_QUERY,jonas_twilight3,@taytay80sluvr same here ~ no havent met anyone famous  but saw jb last year 
0,2062422497,Sat Jun 06 23:11:16 PDT 2009,NO_QUERY,nagham,"@ParulBh wish you can come to our event  btw we're gna have live chat, so you can join us there! "
0,2062503109,Sat Jun 06 23:25:17 PDT 2009,NO_QUERY,Maevelbee,Going to bed cuz i have to work at 10:30  I know it's soo early 
0,2062516845,Sat Jun 06 23:27:45 PDT 2009,NO_QUERY,Lexitime,"@trent_reznor people are assholes  I like your tweets, I'm gonna Velocirape that guy right in the face! yeeeeah "
0,2062633709,Sat Jun 06 23:49:03 PDT 2009,NO_QUERY,GabriellaOlsson,mooorrning  all im doin tday is exams .. 
0,2062676965,Sat Jun 06 23:57:15 PDT 2009,NO_QUERY,lildesi143,@nickzano miss watching WILAY  love the promo for final destination though!! 
0,2062709944,Sun Jun 07 00:03:15 PDT 2009,NO_QUERY,donniesgirl01,@okcomputer27 You welcome hun  We will be friends always ))) IT sucks that you can't watch videos on that site  *HUGGGSSSSS*
0,2062856833,Sun Jun 07 00:31:56 PDT 2009,NO_QUERY,stephanieeek,Just got home from work. Geoff has a sore throat  now boiling hot water to make a cup of chamomile tea. Gots the day off tomorrow! Yay 
0,2062864530,Sun Jun 07 00:33:27 PDT 2009,NO_QUERY,Sdlra1,"Weather so bad  Jon &amp; Joanna have a great time,sounds like you are already "
0,2062953257,Sun Jun 07 00:51:37 PDT 2009,NO_QUERY,dmbdork,@DMBwine uh oh.  i missed ya! i was gabbing like a high school girl on the tellie with my bff  SORRY HANI!!
0,2062963768,Sun Jun 07 00:53:47 PDT 2009,NO_QUERY,StevecmclainII, this night shouldn't end 
0,2063088672,Sun Jun 07 01:19:41 PDT 2009,NO_QUERY,Citrus_,@Jirad13 no quiere revivir  asi es que me voy a dormir... Good night and sweet dreams 
0,2063171557,Sun Jun 07 01:37:48 PDT 2009,NO_QUERY,anniemoreno,Jenn i miss you!! &quot;He he he ho ho ho&quot;  right now were not hanging out 
0,2063251223,Sun Jun 07 01:55:36 PDT 2009,NO_QUERY,disasterarea1,"ok, so perhaps I won't be repotting my plants today  We will just have to have a lazy day inside instead "
0,2063329990,Sun Jun 07 02:13:35 PDT 2009,NO_QUERY,riskyy,"@rosannasuppa i wanna ask, since i live in america, what is a wellie. i have no knowledge of this term  lol. belgium sounds exciting! "
0,2063354739,Sun Jun 07 02:19:26 PDT 2009,NO_QUERY,AndyWhyteUK,Can't believe it's raining so hard!!! I wanted to work on the garden today  I'll have to watch the Grand Prix from the gym instead!! 
0,2063382189,Sun Jun 07 02:26:01 PDT 2009,NO_QUERY,getvisible,@MarcLittlemore aye paid for the full version of AirportMania - spent nearly a hole night on it  Will give Stoneloops a go  ta
0,2063396449,Sun Jun 07 02:29:36 PDT 2009,NO_QUERY,RfTonline,Raining here in Cambridge today  Oh for the return of Summer 
0,2063430563,Sun Jun 07 02:37:41 PDT 2009,NO_QUERY,AngieCas,@shellrawlins we were going to the pub but fre has a tummy bug  I don't mind I like cooking 
0,2063431054,Sun Jun 07 02:37:49 PDT 2009,NO_QUERY,Robstoso,@mars_d Good morning friend  !! well thanks !! where are your boots??my are in the rubbish! were broken  see you later!!
0,2063496773,Sun Jun 07 02:53:59 PDT 2009,NO_QUERY,teabagx,"arhh, last night. whatta night  love'd it. but feelin' consequences now.  x"
0,2063530842,Sun Jun 07 03:02:13 PDT 2009,NO_QUERY,Sildar22,"good morning twitt-world, good day for yaÂ´ll!  IÂ´m waiting for the sun! *looks around&quot; looks not good for today! "
0,2063531831,Sun Jun 07 03:02:28 PDT 2009,NO_QUERY,chelseaaaa_xo,I really miss Amy  CAN'T WAIT TO COME HOME SOON 
0,2063603887,Sun Jun 07 03:20:13 PDT 2009,NO_QUERY,sabrinaxx,@rkb09 graphics  reli need to revise for it aswell cos I want an A in it :|..got 4 left aswell..finish on wednesday 
0,2063611121,Sun Jun 07 03:22:00 PDT 2009,NO_QUERY,seannch,@garryinnorfolk @tobiefysh Still none received by text as yet!  I do like the idea of vodafone eating my tweets. 
0,2063628581,Sun Jun 07 03:26:22 PDT 2009,NO_QUERY,bluebellbot,back from my hol in spain.... weather was fab... back 2 cold winds and 13 degrees  had a brill time out 
0,2063670799,Sun Jun 07 03:36:41 PDT 2009,NO_QUERY,OConnorOrla,sundays are always boring nothing to do!!! off to get ready for 12 o clock mass now  sooo tired 
0,2063736710,Sun Jun 07 03:52:32 PDT 2009,NO_QUERY,xo_speeddial,@mitchelmusso we love youuuu and are totally sorry we couldn't make it to the grove  maybe next la show  dude your ossum!
0,2063742703,Sun Jun 07 03:54:01 PDT 2009,NO_QUERY,hairdryer,@djones7774 I'm glad yo enjoyed it  Im over jelouse now  ~
0,2063864649,Sun Jun 07 04:22:37 PDT 2009,NO_QUERY,Danishbrunette,@DiSCOLENA probably not. When night comes the Americans take over and vote Archie  but we will keep fighting 
0,2063907092,Sun Jun 07 04:32:15 PDT 2009,NO_QUERY,Lafar88,brrr it's cold  yee dinner time! Let's go and eat something! 
0,2063924797,Sun Jun 07 04:36:12 PDT 2009,NO_QUERY,fatimasantos3,"OMG! TODAY THE POLICE CAME TO OUR SKOOL TO TALK ABOUT KNIVE/KNIFE CRIME, SOOOOO SCARY THING HAPPENED!  "
0,2063935017,Sun Jun 07 04:38:35 PDT 2009,NO_QUERY,Stephaniieee24,really cant be bothered for revision today  feeling terribly ill! Apprentic final and big brother eviciton tonight though 
0,2063954784,Sun Jun 07 04:43:00 PDT 2009,NO_QUERY,Fergzzzz,has learned a new juggle(/bounce?) for christie  yeyee.. 5 wins nadagdag sakin and 2 loss  http://plurk.com/p/z2fhe
0,2063963072,Sun Jun 07 04:44:52 PDT 2009,NO_QUERY,Kiwiiimakeup,studying  orr  not really kind of done.. I don't know.. Maybe a toturial today 
0,2063981096,Sun Jun 07 04:48:49 PDT 2009,NO_QUERY,Natz9002,Not a very lovely day today up here  Weather doesn't seem to know what to do 
0,2064098414,Sun Jun 07 05:13:00 PDT 2009,NO_QUERY,Jenivere,"At the moment I'm most thinking about the first and last, but shame the last ones have red on  oh wait I wear loads of red! "
0,2064098721,Sun Jun 07 05:13:04 PDT 2009,NO_QUERY,KatieeHowell,at holly's  asif i have to wait till quater to 9 to see the zutons  why couldnt they be on earlier its too cold !!
0,2064126409,Sun Jun 07 05:18:40 PDT 2009,NO_QUERY,foilplay,@cidawson Ahhh what a sweetie  I didn't realise that Jess was no more though 
0,2064187506,Sun Jun 07 05:30:41 PDT 2009,NO_QUERY,happyfish103,Success! I don't feel like crap  though I do *look* like crap thanks to this sunburn  hoping it fades soon!!!
0,2064248461,Sun Jun 07 05:42:37 PDT 2009,NO_QUERY,AyeBloodyRight,@Fifi1976 lucky you. I envy you. I wish was away  have fun tho 
0,2064349904,Sun Jun 07 06:01:11 PDT 2009,NO_QUERY,chriisay,@mrhysterics aw mate  your the oldest person in our year aint ya  what make are you gona get? when you getting sims3?
0,2064375934,Sun Jun 07 06:05:30 PDT 2009,NO_QUERY,jimhillhouse,My wife won't use Twitter  Why don't we see if we can get her to  @dustyreagan @johnerik @davidwalker
0,2064397158,Sun Jun 07 06:09:08 PDT 2009,NO_QUERY,sophiezzz,"@TeddyHitch I don't have Rapidshare, if you find a torrent link please send it to me!  Can't find any good ones for Common Dreads "
0,2064468403,Sun Jun 07 06:20:59 PDT 2009,NO_QUERY,mcflychloe94,"@lucylumcfly Ermm where we get given the articles before the exam, then get tested on it  Good luck too!  xx"
0,2064606564,Sun Jun 07 06:43:10 PDT 2009,NO_QUERY,Al_ice,@GoetzMehroxoff  Oh well!  Thank goodness homework days are over
0,2064619622,Sun Jun 07 06:45:12 PDT 2009,NO_QUERY,chars1983,"trying really hard to stay calm today but seems bad news is following me  oh well life goes on, got my boys to keep me happy "
0,2064658793,Sun Jun 07 06:51:13 PDT 2009,NO_QUERY,Indy1222,Drinking coffee on last morning of FMS party.  Coffee   Party almost over 
0,2064671074,Sun Jun 07 06:53:05 PDT 2009,NO_QUERY,olivia_15,tweets r not going 2 become as often now cos 1. ill b back @ school  2.  i will have a week worth of catch up work  3. trainings
0,2064713540,Sun Jun 07 06:59:35 PDT 2009,NO_QUERY,Honey1407,So tired.. and nothing to do.. nobody have time for me  Happy Birthday to my brother  watching TV      kiss
0,2064983994,Sun Jun 07 07:37:55 PDT 2009,NO_QUERY,jayadore,@albertsthings i have workkkkkk. and waiting on heaps of online shopping to come through. cant wait! but essay  have fun @ the gig tmr 
0,2065012859,Sun Jun 07 07:41:52 PDT 2009,NO_QUERY,lauren_davison,@JLSOfficial good luk guys...cnt believe im nt thr  im listenin on the radio in tears waitin for it! FIRST LIVE VERSION OF BEAT AGAIN  x
0,2065120619,Sun Jun 07 07:56:19 PDT 2009,NO_QUERY,KiTTyKiD_2802,woo long ass day in manila.. damn mayne. timezone is a wallet killer im dead broke  but it was worth it I.D.3&amp;4 own 
0,2065182713,Sun Jun 07 08:04:17 PDT 2009,NO_QUERY,ambersengupta,@Naoise_Fox no im not a member  so i dnt get to apply for presale tix  but i dnt care where i sit lol - as long as im there  gd luck !
0,2065395610,Sun Jun 07 08:30:28 PDT 2009,NO_QUERY,o0oHelen,"back to school tomoro   Also, i washed the car and mowed the lawn! What a great help i am! "
0,2065429332,Sun Jun 07 08:34:40 PDT 2009,NO_QUERY,grayscalealien,"@alizan i would - but no money.  Corts is thinking about actually getting though, ill let you know if he ever does "
0,2065460362,Sun Jun 07 08:38:29 PDT 2009,NO_QUERY,cravingforchaos,@patented It's been so long since we've met  Hopefully we can meet on thursday! 
0,2065462894,Sun Jun 07 08:38:48 PDT 2009,NO_QUERY,cravingforchaos,@patented It's been so long since we've met  Hopefully we can meet on thursday!  Ily tooo&lt;3
0,2065509163,Sun Jun 07 08:44:33 PDT 2009,NO_QUERY,raven_ryann,"@onlylies for somereason, the lin errored.   And yea, I guess a vacay would help either way "
0,2065624614,Sun Jun 07 08:58:35 PDT 2009,NO_QUERY,lesliemware,Time to study  more coffee soon 
0,2065713157,Sun Jun 07 09:08:43 PDT 2009,NO_QUERY,ambersengupta,@16_MileyCyrus omg your so lucky ! i was ment to go to itunes cuz i won 4 tix .. bt cudnt make it  so thts y im desp. to go in december 
0,2065785899,Sun Jun 07 09:17:10 PDT 2009,NO_QUERY,ZOMFGG,"Lets twitt it!   There's cheer tomorrow from 8am- 12pm break 2pm- 5pm. Nice eyh?  Btw, tomorrow is our last day with Steph, the coach "
0,2065790717,Sun Jun 07 09:17:45 PDT 2009,NO_QUERY,iiitsJAMIE,@jerryhorton I'm friends with her on the riot  I wish I was cool enough to get my own skin for my ipod. You don't have one for my type 
0,2065852664,Sun Jun 07 09:25:08 PDT 2009,NO_QUERY,christendaphne,Monday again.  super looking forward to the upcoming long weekend. Yahoo! 
0,2065854117,Sun Jun 07 09:25:17 PDT 2009,NO_QUERY,amber_0X,@laura_x3 Aww.  Atleast your going though!! 
0,2065855005,Sun Jun 07 09:25:23 PDT 2009,NO_QUERY,Lou1510,@ronanofficial have fun in notts tonight! was meant to be there but couldnt afford the train!  see you on tuesday!!!!  xxx
0,2065872029,Sun Jun 07 09:27:24 PDT 2009,NO_QUERY,taylorspenc,obsessing over the computer that is on its way  workin out with ellen soon 
0,2065888722,Sun Jun 07 09:29:18 PDT 2009,NO_QUERY,ellejonees,"http://twitpic.com/6u3u5 - im UPSET  but when lifes not easy, pray "
0,2066048608,Sun Jun 07 09:47:29 PDT 2009,NO_QUERY,dinosawr,@RawrStar No  I could make my own though 
0,2066229438,Sun Jun 07 10:07:39 PDT 2009,NO_QUERY,shanCc,@Fearnecotton awwwh veronicas number 9 !  .... shuda got the number one. Awesome show fearne thankoo  lisening while doing corsework  X
0,2066286477,Sun Jun 07 10:13:58 PDT 2009,NO_QUERY,skylarjordan,"@ShelleyForbes Aww, bless you, babes!  I wish they could find a way for us in the States to vote.  "
0,2066319812,Sun Jun 07 10:17:44 PDT 2009,NO_QUERY,EmmaJimjam,"6th year tomorrow  My feet are sore though, "
0,2066392237,Sun Jun 07 10:26:01 PDT 2009,NO_QUERY,hollyannaeree,@PinkHelloKitty2 haha thanks.  aww we didnt even get to get brunch.  we came home and had a cookout with my family.
0,2066553818,Sun Jun 07 10:44:17 PDT 2009,NO_QUERY,PixelExecution,@LookingForSocks I'm sorry to hear it.  I hope you feel better soon. Snuggle up with a blanket and a sleepy movie.  It's what I do.
0,2066574818,Sun Jun 07 10:46:37 PDT 2009,NO_QUERY,KaylaaCole,@GabyMcKay Gaby i jus liked your picture  and i love you every day !  And im gonna miss you millions 
0,2066716470,Sun Jun 07 11:02:30 PDT 2009,NO_QUERY,Juubbs,"@Ml2xBoou Just McFLY, I haven't seen SP.  and I'm brazilian, btw "
0,2066808808,Sun Jun 07 11:12:34 PDT 2009,NO_QUERY,RoxanneHeeey,I'm really boring now..I would like to somebody make me happy (;D) but nobody wrote for me anything what could be funny .  HELLLLP 
0,2066902936,Sun Jun 07 11:23:07 PDT 2009,NO_QUERY,_G_G_,Not good to watch infomercials while I'm hungry   I really want one of those easy bake GT Xpress 101 things now 
0,2066922350,Sun Jun 07 11:25:17 PDT 2009,NO_QUERY,TakeThatNews,"i really hate it that i'm so tempted to read all of these newspaper articles about the show  oh well, i want a suprise "
0,2067143436,Sun Jun 07 11:49:34 PDT 2009,NO_QUERY,Shannxo,@erront55 Hey Eric  I wanna hear Leona on the radio 
0,2067161979,Sun Jun 07 11:51:35 PDT 2009,NO_QUERY,Morenah08,"I'll go Skate Boarding Down My House!  But...I'm sad, One person isn't with me now! s2  "
0,2067162739,Sun Jun 07 11:51:40 PDT 2009,NO_QUERY,Dontclickhere_,@MadJulia Haha ;D Your pinnwand-entries are so awesome  And I WANNA BETA! Pleaaaaase!  
0,2067181308,Sun Jun 07 11:53:43 PDT 2009,NO_QUERY,ashleighxgebbie,"Ugh school tomorro  but just think, we've only got 16 whole school days left  wooo!!"
0,2067314070,Sun Jun 07 12:07:38 PDT 2009,NO_QUERY,AmyNicole060309,@ThisisDavina yay  normally everything is on at the same time 
0,2067314610,Sun Jun 07 12:07:41 PDT 2009,NO_QUERY,nard,"Lost both games  To punish myself, I'll eat fear factor food. "
0,2067334332,Sun Jun 07 12:09:46 PDT 2009,NO_QUERY,ZOMGGREENSTUFF,@Hulabalooo LOL@YOU. i got no homework in my first week. good old mr taylor setting you an essay   i miss that man 
0,2067451991,Sun Jun 07 12:22:05 PDT 2009,NO_QUERY,SarahHambleDuke,Thinks My Life Lacks Romance At The Moment.. Haha! This 3 Months Off School Is Really Gonna Drag  Birthday 3 Weeks Today  x
0,2067741466,Sun Jun 07 12:52:44 PDT 2009,NO_QUERY,amymcfly,just got homeee. need to revise  me and charley just recorded our phone call. sooo cool 
0,2067939876,Sun Jun 07 13:13:13 PDT 2009,NO_QUERY,_shannon1234,@kjgriffin18 Thanks you too! Luckyy! I only see them once this summer  Have fun!! 
0,2067961316,Sun Jun 07 13:15:24 PDT 2009,NO_QUERY,tineysmartie14,I Love jay-z  Even though he threatened to kill Chris Brown.   
0,2068057305,Sun Jun 07 13:25:29 PDT 2009,NO_QUERY,Rioghnach4,@TheScriptFan anooo  y did they take it of utube that so ...... annoying  did u get sunday world 2day btw ? x
0,2068059380,Sun Jun 07 13:25:42 PDT 2009,NO_QUERY,Sims_Galore,@snw that means i've gotta go into TS3 and change the top  nah Plumbbob will do 
0,2068274582,Sun Jun 07 13:48:07 PDT 2009,NO_QUERY,Blssdnhlyfvrd,"@_Brandee yeah, it looks like your followers has out numbered those you follow drastically  it's ok hun, just ask people to follow me "
0,2068293433,Sun Jun 07 13:50:08 PDT 2009,NO_QUERY,pato_30stm,@30STMluva yeah! i loooove talking about 30STM with my friends  but i only have 2 friends that like them 
0,2068458159,Sun Jun 07 14:06:48 PDT 2009,NO_QUERY,okibeachbum,I forgot how important flexibility is in my grand equation.  It really is crucial. No vegetarian cafe in my immediate future  Next! 
0,2068514473,Sun Jun 07 14:12:43 PDT 2009,NO_QUERY,ssunnyfunny,"@thatsjustmee YAY!  I cannot help it xD aaww, that's great! my mom doesn't do that! "
0,2068891485,Sun Jun 07 14:53:23 PDT 2009,NO_QUERY,TayLovesDemi,"@BurninUp4UBabyy  I really wanna go see Miley, but since I'm already going to see Demi....  but who knows... maybe! "
0,2069210564,Sun Jun 07 15:27:52 PDT 2009,NO_QUERY,BethanyMcFlyX,@FrankieTheSats awh franks  youll have dugs back soon  have u watched our jcge spoof we gave nick 2 give u at oxford? Xx
0,2069268262,Sun Jun 07 15:34:01 PDT 2009,NO_QUERY,Simplynice,@ahanhbarbie I hope you feel better  Maybe some ice cream will help 
0,2069324427,Sun Jun 07 15:40:10 PDT 2009,NO_QUERY,kaelahbee,@katiedesign47 ha you always want what you can't have right?! at least you'll be home soon!  13 more days until real sweet tea for me! 
0,2069452763,Sun Jun 07 15:54:24 PDT 2009,NO_QUERY,i90s,@RealJessicaAlba  would you follow meee? would be a nice bday present 
0,2069565535,Sun Jun 07 16:06:41 PDT 2009,NO_QUERY,manolosavi,"@kkjordan aww  start saving, it works! lol i got mine all by myself "
0,2069567665,Sun Jun 07 16:06:56 PDT 2009,NO_QUERY,AndzZz,@MrGavinPhillips i do sniff!  
0,2069568736,Sun Jun 07 16:07:03 PDT 2009,NO_QUERY,AshyJonas,"@Jessicaveronica Smoking SUCKS!  I wouldn't do it. Ever. PS: I LOVE your bio on here, it's cute!  Please PLEASE reply, Jess! &lt;3 NZ fanxx"
0,2069605136,Sun Jun 07 16:11:04 PDT 2009,NO_QUERY,mllovesdcx,woooo watchin britain's got talent or somethin?  should really be in bed but  xxxx
0,2069656999,Sun Jun 07 16:16:56 PDT 2009,NO_QUERY,lmv09,so he asked me out  but I JUST made plans  boooo. next time. I can't wait till after graduation!
0,2069711706,Sun Jun 07 16:23:12 PDT 2009,NO_QUERY,APoopeyBum,trying to think of a few video ideas while im studying.. haha not really working out  anybody have any ideas for me? 
0,2069771242,Sun Jun 07 16:29:52 PDT 2009,NO_QUERY,jameslove8,@billyraycyrus Ireland does indeed rock  except for all the rain we get 
0,2069883018,Sun Jun 07 16:42:11 PDT 2009,NO_QUERY,ENYLYNMAY,Well now I'm off to dinner...  by myself 
0,2069883712,Sun Jun 07 16:42:16 PDT 2009,NO_QUERY,GRAHAMLINTER,"Hectic day tomorrow gotta get up early  night all, tweet laters "
0,2070089945,Sun Jun 07 17:04:40 PDT 2009,NO_QUERY,DianeMizota,Resting up for a 6:30AM call time  Shooting a national commercial tomorrow. 
0,2070189131,Sun Jun 07 17:15:02 PDT 2009,NO_QUERY,Brandicat,Aww  I love youuuu!! Don't be sad 
0,2070724663,Sun Jun 07 18:11:29 PDT 2009,NO_QUERY,CeLine_XD,"ugh! I have to do four more maryknolls!  ..on the brightside,o5 more days!!! "
0,2071013860,Sun Jun 07 18:41:13 PDT 2009,NO_QUERY,cac525,computer chair broke finally  and is now on the floor typing.. woo for wireless mice and keyboards 
0,2071638789,Sun Jun 07 19:42:21 PDT 2009,NO_QUERY,Dinesha_D,I just got through eating but I didn't get a chance to eat my red velvet cake becuz I was too full  I'll eat it tomorrow 
0,2072131720,Sun Jun 07 20:27:27 PDT 2009,NO_QUERY,MeganT23,Wishing that Madame Pomfry could fix my back real quick..&quot;I can mend bones in a heartbeat..&quot; uhggg  Army Wives is on tonight!!! 
0,2072149580,Sun Jun 07 20:29:22 PDT 2009,NO_QUERY,axalis,"WWWwahhh, i just heard that the new I-Phone comes out tomorrow; i want an I-Phone! Too rich for me   Ginny my birthday is soon!  "
0,2072279809,Sun Jun 07 20:43:31 PDT 2009,NO_QUERY,winnieindahouse,"Morning  i'm so sleepy still, but can't sleep "
0,2072315897,Sun Jun 07 20:47:34 PDT 2009,NO_QUERY,Fool_To_Think,Back home  Had so much fun this past weekend 
0,2072391346,Sun Jun 07 20:56:15 PDT 2009,NO_QUERY,VonDrasek,Was in the Ocean today!! Until it started raining  But then I saw The Hangover and that made it all better.  BTW: I LOVE THE OCEAN   
0,2072407595,Sun Jun 07 20:58:09 PDT 2009,NO_QUERY,Kozitaa,"now i have to study, study and study ! history and biology... it sucks ! but i have to do it, or i will die  bie twit, "
0,2072443063,Sun Jun 07 21:02:05 PDT 2009,NO_QUERY,HiltonSedona,"@Knot2serious Loving a GR8 wkend here in Sedona! Beautiful, even though I had to work on my house  How are U? Dont kick them 2 hard "
0,2072463346,Sun Jun 07 21:04:27 PDT 2009,NO_QUERY,Revs_R,Didn't want anyone to equal my legend Agassi's tally of cups!!   Anyway!! Congrats Federoarrrrrr!! 
0,2169457968,Sun Jun 14 14:32:12 PDT 2009,NO_QUERY,DredRica,my julie mangoes are getting nice and ripe    there is a bird's nest in my mango tree  
0,2174440390,Sun Jun 14 22:33:26 PDT 2009,NO_QUERY,Bubbles_Fly,@mctweetaholic ooo i wanna go! but i cant  but its all good 
0,2174440458,Sun Jun 14 22:33:26 PDT 2009,NO_QUERY,mmmmichelle,"@iLuvLinkinPark Haha awe, well I'll buy you one  lmao jk I don't have any money "
0,2174689568,Sun Jun 14 23:05:34 PDT 2009,NO_QUERY,filmflunky,I like being able to follow folks!    I don't like having ANOTHER username and password to remember.  
0,2174707712,Sun Jun 14 23:08:00 PDT 2009,NO_QUERY,kamanejr,is at campus..waiting for next class...BPI  without my love again  http://plurk.com/p/10zxxu
0,2174764556,Sun Jun 14 23:15:45 PDT 2009,NO_QUERY,nth452,@eddyizm so they're all torn up and awesome and look all dragged around.. but not TOO dragged around  dadblasted rain crampin my style 
0,2174864503,Sun Jun 14 23:29:54 PDT 2009,NO_QUERY,AreonLee,"Up, just had a shower  Now it's time for school :\ Geography decision making paper is today, Damn. "
0,2174921294,Sun Jun 14 23:38:10 PDT 2009,NO_QUERY,MetalGeorge,"@EastCoastSteff Ooooh, ouch! Hope yer ok.  Who played? Black Spot? Shane Mackie's band? They're great; did my old band's t shirts. "
0,2174946711,Sun Jun 14 23:41:58 PDT 2009,NO_QUERY,joshua_fox,@jadedownes i have no texts left  but if you have enough battery (i know what you're like) call me during demi please 
0,2174958014,Sun Jun 14 23:43:41 PDT 2009,NO_QUERY,sweeetnspicy,I'm sad tmrw's monday  well I get to look forward to #musicmonday 
0,2174961770,Sun Jun 14 23:44:17 PDT 2009,NO_QUERY,ravikh,Down with cough and cold  à²à²«à³à²¸ï¿½?à²à³ à²à³à²ï¿½?à²à²°ï¿½? 
0,2175082197,Mon Jun 15 00:02:28 PDT 2009,NO_QUERY,Jenniphher,"Work was very good. *Hi cutie! I got paid. Downfall, I locked my keys inside the car!?  However, I am finally going to see 'UP' tmrw! "
0,2175121015,Mon Jun 15 00:08:19 PDT 2009,NO_QUERY,mrgraemefreeman,well im up  s'gony rain ehday  and some wummin has kicked eh bucket cos of swine flu In scotland  All you Port high childen uh oh lol
0,2175147846,Mon Jun 15 00:12:24 PDT 2009,NO_QUERY,vanessaazeem,@abbieharding HI! how are you enjoying our ICT lesson? its ravishing isnt it  anywho. do some work dear.  LOVEYOU!
0,2175160452,Mon Jun 15 00:14:24 PDT 2009,NO_QUERY,death616,"@msgoth84 I get sooooo fuckin pissed when i get them...I'm like &quot;Oooo!New followers!   ,  then i see that its the fuckin porno people "
0,2175309662,Mon Jun 15 00:38:02 PDT 2009,NO_QUERY,jamesbowskill,Aaargh!! Kyoko's Macbook's HD is dead and all data lost. Not sure when it was last backed-up either  New HD free though 
0,2175385612,Mon Jun 15 00:50:30 PDT 2009,NO_QUERY,harishanker,"@nikhilnarayanan Didn't do it first!  Exported blog though.  Some memory issues, yet working fine now. "
0,2175386016,Mon Jun 15 00:50:34 PDT 2009,NO_QUERY,Clumsyflic,@Samantha_Mayy have an amazing time in Turkey!! will miss you  
0,2175386529,Mon Jun 15 00:50:40 PDT 2009,NO_QUERY,torierskine,I miss my iPod  Sad times.. But! Ali's house today  *sings* Father Allyson... :L Daughter ;) Aorta? I miss my fellow Cackling Witches 
0,2175396572,Mon Jun 15 00:52:22 PDT 2009,NO_QUERY,SamG2020,"@cinebo Well, it's Monday. The day you've been waiting for!  For the rest of us though... it's Monday .. "
0,2175574529,Mon Jun 15 01:22:31 PDT 2009,NO_QUERY,tinabooty7,Awww wwhat if they say im too fat to be a fat dancer?  hahah.. &amp; awww muaahh! u fatass  
0,2175585324,Mon Jun 15 01:24:25 PDT 2009,NO_QUERY,davewoodyer,Departure Lounge  Duty Free   http://bit.ly/fg6lA
0,2175599034,Mon Jun 15 01:26:45 PDT 2009,NO_QUERY,Lykeria,@basiaa nawwww  did you cry HAHA  aww i wish i went with yous  trust me i would of been a lot happier 
0,2175703256,Mon Jun 15 01:44:59 PDT 2009,NO_QUERY,hannah_kali,"Sad.... I can't use my vouchers for my Paris trip.  Darn, I'll just have to use them another time.  Brussels, anyone?"
0,2175704949,Mon Jun 15 01:45:14 PDT 2009,NO_QUERY,mmmayela,@giannabanzon gianna! i didnt see you today!  maybe tomorrow 
0,2175761469,Mon Jun 15 01:55:27 PDT 2009,NO_QUERY,NiicolaSmiith,"Morin Every1, in science  Goin bk 2 the besties in abit (y) Prom 4 Day gettin close now cnt wait  Woop Shia Is in London  Tweet l8t"
0,2175864940,Mon Jun 15 02:13:17 PDT 2009,NO_QUERY,Julzi93,studying cystic fibrosis for my Bio test tomorrow  i love shibby 
0,2175897515,Mon Jun 15 02:19:03 PDT 2009,NO_QUERY,catrinaaaa,@LeslieLoveXOXO i knowwww so sad for my sexxxxyyy ass dwight.  i miss u les! lets hang out sooon! 
0,2175919778,Mon Jun 15 02:22:59 PDT 2009,NO_QUERY,TheNewBradie,@NessaSlashRice hiii  it was ummm lonely SO MANY PPL AWAY  U AND ZOE ABANDONED ME IN TECH SHE WAS FUNNY BUT I COULDNT LAUGH ALONE =[
0,2175955151,Mon Jun 15 02:29:25 PDT 2009,NO_QUERY,meltemple,Getting ready for another work week.   Wish i could have retired like Marc 
0,2175998475,Mon Jun 15 02:37:03 PDT 2009,NO_QUERY,ImmaDingdong,I didn't manage to finish my meepok  But i'm alr very bloated! 
0,2176025493,Mon Jun 15 02:41:43 PDT 2009,NO_QUERY,emzuk88,Just watchin telly waitin to go bak 2 work  really pleased things r turnin around now! 
0,2176056145,Mon Jun 15 02:47:10 PDT 2009,NO_QUERY,ambermaishment,actually canny wait! sooo excited  reallly hungry  history and music next :| fun timess
0,2176057038,Mon Jun 15 02:47:20 PDT 2009,NO_QUERY,delph91,"yesterday was AMAZING !  See Nere today again, her last day in Paris "
0,2176125661,Mon Jun 15 02:59:33 PDT 2009,NO_QUERY,mam1cutie,"@Dog_Crazy Yes, I can understand that I would hate being weak &amp; tired 4 no apparent reason also.  I hope U start feeling better soon! "
0,2176164690,Mon Jun 15 03:05:55 PDT 2009,NO_QUERY,Ashleigh_Stack,@monashoj ello there mona  my teeth hurt 
0,2176198974,Mon Jun 15 03:11:55 PDT 2009,NO_QUERY,ohthyme,@BenWeekes Not for another 11 months.  And I'm keeping the VTR. 
0,2176210509,Mon Jun 15 03:14:01 PDT 2009,NO_QUERY,19fischi75,@Impala_Guy SORRY missed again - the boss was here  I will try to be in twitter later  Hope to c u too  Bye Bye!
0,2176361176,Mon Jun 15 03:39:53 PDT 2009,NO_QUERY,lrnn,"@bibblybobs nooes  well, maybe. we can have a barbeque in my back garden "
0,2176362006,Mon Jun 15 03:40:02 PDT 2009,NO_QUERY,Lic_,It rains  my friends are so crayzy the are playing now outdoor 
0,2176472939,Mon Jun 15 03:58:21 PDT 2009,NO_QUERY,serenaisis,@NerudaXVII i wanted to do popular music but its not offered!  music in the sixties? or do popular china. with me. 
0,2176524987,Mon Jun 15 04:06:12 PDT 2009,NO_QUERY,imogen_kate,@CapnScarlett Aww  It was good  But now you can have a super-duper celebration Friday! How did your exam &amp; prac go?
0,2176642468,Mon Jun 15 04:24:06 PDT 2009,NO_QUERY,Spinneyhead,Just broke even for tax year to date  That'll last until I pay studio rent tomorrow 
0,2176658329,Mon Jun 15 04:26:28 PDT 2009,NO_QUERY,mrcool1,Ughhhh Monday  4 more days! 
0,2176672302,Mon Jun 15 04:28:36 PDT 2009,NO_QUERY,LindsayRowlatt,is bored at home revising!!  but its not too bad coz i am revising the lion king!!  hehe!
0,2176682748,Mon Jun 15 04:30:08 PDT 2009,NO_QUERY,soccerman15,Getting ready for school   Wed. is my last day!!!! 
0,2176713359,Mon Jun 15 04:34:37 PDT 2009,NO_QUERY,welshdude02,In ICT ATM OMG  SOOO BORED  Hey Anyway @flamehabbo @DJ_Crofty @harriettaa
0,2176781448,Mon Jun 15 04:44:23 PDT 2009,NO_QUERY,Sarrahackett,headed for katers!  school in the a.m to the p.m ... last monday of the school year.. gonna miss grade 7 and all it's awesomness ! 
0,2176879303,Mon Jun 15 04:58:17 PDT 2009,NO_QUERY,LstXXVII,"memorized all my notecards, but now i am not tired and can't sleep!   hopefully my final will go well tomorrow!  good thoughts!"
0,2176895192,Mon Jun 15 05:00:19 PDT 2009,NO_QUERY,KaterinaBee,@lifeinathens ...kathontai kai klaine...  tha pw olo to song...YEY avrio stis 7 then 
0,2176974462,Mon Jun 15 05:10:42 PDT 2009,NO_QUERY,NVlaura,@DancerJess7 Im on level 20  im chuffed. ha i just have no coins left  xx
0,2176990248,Mon Jun 15 05:12:47 PDT 2009,NO_QUERY,pikapikh,"just finished watching 'ghost blah2 girlfriend'. It's funny  jaah, back to BROKE time "
0,2177050057,Mon Jun 15 05:20:34 PDT 2009,NO_QUERY,radiostarelle,@hcsfchick Yeah  I want one better mark before end of uni 
0,2177096500,Mon Jun 15 05:26:30 PDT 2009,NO_QUERY,xBaBeYx,In Mah Bed Half Deed  Ah Jzt Ate About 20 Packetz Eh Crispz  || via http://m.itsmy.com/
0,2177214976,Mon Jun 15 05:41:10 PDT 2009,NO_QUERY,sarelyse,"@jlyncarter  if you hurry, you can catch me in Charleston and we can hit the beach. "
0,2177228660,Mon Jun 15 05:42:51 PDT 2009,NO_QUERY,alexsmith13,loving new JB songs  but missing persons unit is sad 
0,2177262071,Mon Jun 15 05:46:51 PDT 2009,NO_QUERY,csstein,@justjake We haven't managed to make a karaoke night happen yet...   But stay tuned! I feel hopeful for next week!! 
0,2177463695,Mon Jun 15 06:09:04 PDT 2009,NO_QUERY,annadeca07,"so tired when i came home from UST... there was no classes, only opening mass..  good thing i met with Brian, Nela, Janine &amp; juanC .. "
0,2177520080,Mon Jun 15 06:15:02 PDT 2009,NO_QUERY,alxpression,"is studying for geoooooo || I hate exams  || Hey, you lookin' kinda cute!!  || Birthday in... 3-2-1 DAYS"
0,2177701208,Mon Jun 15 06:33:28 PDT 2009,NO_QUERY,carlaine28,@xRoeLollipopx said: Haha. &quot;Nahipo ka ba?&quot; Still remember who used to said that line?  -Don't remember anymore 
0,2177740830,Mon Jun 15 06:37:30 PDT 2009,NO_QUERY,jelsma_10,i dont wanna go to school tomorrow!!!  super nakakatamad. ang boring pa. ugh. buti na lang may unicorn dun. wahaha!   
0,2177902357,Mon Jun 15 06:53:22 PDT 2009,NO_QUERY,RaaachelG,awwh bbz  hope you get better soon  hah i will my days going to consist of watching skinss! what yuyou doing todayy? (: love you x
0,2177902512,Mon Jun 15 06:53:23 PDT 2009,NO_QUERY,pablowapsi,"@GhadaSmallworld Good morning!  Sorry to hear about your monitor. If it is dead, it's cheaper to get a new one over trying to fix it. "
0,2177990058,Mon Jun 15 07:01:40 PDT 2009,NO_QUERY,Kyle270,@ashleigh92 i might of done 8) i want it to look good for you comin back baby  i miss you  not long now though ;o i love you xxx
0,2177990486,Mon Jun 15 07:01:42 PDT 2009,NO_QUERY,SuperSmileySami,"Msn isn't working  It makes me sad, now my phone and msn are broke, but my phone should be fixed by the end of this week  Ilmfsfmiu "
0,2178121719,Mon Jun 15 07:13:34 PDT 2009,NO_QUERY,NickJisMYman,@BeCreative76 oh my gosh YAY i wish they had proms here  eh ive been fine OH i got an A in art  so yeah pretty good 
0,2178190743,Mon Jun 15 07:19:56 PDT 2009,NO_QUERY,Adore_7,"While going through my purse to find nail clippers, I found a hole in the lining.    Good news is I dug out almost $5 in change. "
0,2178235299,Mon Jun 15 07:23:58 PDT 2009,NO_QUERY,CamySussex,I'm off-line until after we move.  see y'all soon! 
0,2178343280,Mon Jun 15 07:33:43 PDT 2009,NO_QUERY,Dimonios,"@ontd30stm  http://bit.ly/2yn5l7 Delicious  thank you for sharing! ;) Since the OB are down, we can't have any details about Koln "
0,2178345007,Mon Jun 15 07:33:52 PDT 2009,NO_QUERY,kotonicourtney,@lukeguttridge things are going swimmingly  I'm so jealous of your nihon time tho! and wish a could've met up  bad timing ne.
0,2178413378,Mon Jun 15 07:39:58 PDT 2009,NO_QUERY,supyourmom,"wants something fun to do  ugh. everyone keeps getting to go places. like wtff mann, where's my vacation? &gt;:[ "
0,2178415092,Mon Jun 15 07:40:07 PDT 2009,NO_QUERY,phonxy,"just got home  roxy had fun with you, tita imy  badly."
0,2178436024,Mon Jun 15 07:41:55 PDT 2009,NO_QUERY,BThomp352,@ajazing much rather have done that but can't renew license online with address change  thanks for tha heads up 
0,2178694525,Mon Jun 15 08:04:24 PDT 2009,NO_QUERY,TwitPicnic,I found my (@andrewdearling) Rounders &amp; Softball sets today  shame you cant BBQ in Hyde Park 
0,2178764624,Mon Jun 15 08:10:23 PDT 2009,NO_QUERY,robcollingridge,@cuspate  Daughter now on unlimited text tariff. Can't afford to be PAYG and reply to all her texts   Cheaper to buy new iPhone 3GS 
0,2178909339,Mon Jun 15 08:22:41 PDT 2009,NO_QUERY,pnt,Small things make big difference. Complex simplicity. Completely underappreciated area        
0,2179080852,Mon Jun 15 08:37:01 PDT 2009,NO_QUERY,MsKtty89,"I wuv yuu, Jossua...    But he's going to be leaving in a couple months for Arizona.    I decided to stay here with the zoo.  &lt;/3"
0,2179429937,Mon Jun 15 09:05:33 PDT 2009,NO_QUERY,MomovinxD,"@pixieez I'm just bored  so i am twitting since i got nth to do! I also dunno why i wanna make two, cause its cheap?  $20 ea!"
0,2179556642,Mon Jun 15 09:15:56 PDT 2009,NO_QUERY,Darep,"I've been hit with some kind of a stomach sickness, blaargher. Little vomit burbs and stomach ache  - #squarespace "
0,2179704259,Mon Jun 15 09:28:09 PDT 2009,NO_QUERY,mistri00,dropped duane off at the airport. The last of my friends gone  Thankfully I still have Tommy &amp; Jenn as my local DMB peeps  Tricia
0,2179827615,Mon Jun 15 09:38:20 PDT 2009,NO_QUERY,DejaRiley,Good Morning Twits  Mommy Laurie @boomkack is leaving us this morning  gonna miss her but holdin it down while she's gone :-D
0,2179972257,Mon Jun 15 09:50:12 PDT 2009,NO_QUERY,stetbh,"Download.... what can I say it was absolutely amazing, one of the best weekends of my life  So gutted it's over "
0,2180525988,Mon Jun 15 10:35:22 PDT 2009,NO_QUERY,Kayline138,@Calabrese666 I know how you feel  my ipod decided to stop working when my computer crashed!! But my iPod fixed it self 
0,2181004045,Mon Jun 15 11:14:07 PDT 2009,NO_QUERY,GeeIp,@justen_fong you fail  but i'll help you in math12 next year 
0,2181200131,Mon Jun 15 11:30:15 PDT 2009,NO_QUERY,arumsiti_eris,@f_torres09 congrats for spain! but that's such a boring game to watch  spain won so easy from nu zealand.. gudluck for the next game! 
0,2181202647,Mon Jun 15 11:30:27 PDT 2009,NO_QUERY,beautyblackdiva,@killasluddie i knoww! i was   i accidently unfollowed u n now i realsed! 
0,2181626395,Mon Jun 15 12:04:56 PDT 2009,NO_QUERY,ThiagoAcquaviva,@ShanteCurtis idk...cuz i still have college to finish from august to december  i think i'll be there for like 10 days or 2 weeks maybe 
0,2181626396,Mon Jun 15 12:04:53 PDT 2009,NO_QUERY,stephm424,@violetspike Don't cry!  Just run away to Atlanta for Labor Day weekend! 
0,2181849006,Mon Jun 15 12:22:51 PDT 2009,NO_QUERY,karlaaaM,@DoRaMaLta im sorry  i love you!! &lt;33 don't worry u'll get it next time  muah!
0,2181921835,Mon Jun 15 12:28:52 PDT 2009,NO_QUERY,martinpacker,Mediocre #thunderstorm rolling through South West of #Poughkeepsie. I'm told this morning's which I mostly slept thru  was a classic 
0,2181923571,Mon Jun 15 12:29:00 PDT 2009,NO_QUERY,tinazerbe,@PerezHilton PEREZ! PEOPLE IN CANADA CANT VOTE FOR THE TEEN CHOICE AWARDS  IM SO MAD! ITS MEAN! BUT CONGRATS ON UR 2 NOMINATIONS  xoxo
0,2182529611,Mon Jun 15 13:17:32 PDT 2009,NO_QUERY,HeathaMurhie,@Savfortomorrow oh lawdd  i'm sowwy bby&lt;3 and we're now members of eastscene!  whoooo!
0,2182605869,Mon Jun 15 13:23:39 PDT 2009,NO_QUERY,kayteeleex,"Just put lines,vines and trying times on my iPod  wish i could meet the jonas brothers!!!! "
0,2182706647,Mon Jun 15 13:31:41 PDT 2009,NO_QUERY,conorjryan,knowing me I'll tweet as soon as I get one and set it up and get on the web.  That's just what I might do. I'm so sad 
0,2182860531,Mon Jun 15 13:43:53 PDT 2009,NO_QUERY,hannah106,@PaigeFawcett69 OH ON  . tv  last ideal tonight
0,2182889722,Mon Jun 15 13:46:10 PDT 2009,NO_QUERY,MacaAmpuero,nicee day  but i missed my sister @PoliBinder! 
0,2183020323,Mon Jun 15 13:56:30 PDT 2009,NO_QUERY,AmyLouiseLS,@RoodKid Ahhh  I loves you too david!!  xxxxxx Miss You 
0,2183071931,Mon Jun 15 14:00:34 PDT 2009,NO_QUERY,jennibelly,@kaz00_40 i didn't watch it all though  csi. i liked the duet he had lol. oh and the ending part where he was in the blocks 
0,2183277947,Mon Jun 15 14:17:12 PDT 2009,NO_QUERY,LittleLiverbird,"@MissLohan83 Tried, but she went like this---&gt;  and I caved in within seconds and bought her a fairy cake...... "
0,2183723685,Mon Jun 15 14:53:58 PDT 2009,NO_QUERY,taylormcfly,@tommcfly Tom do you like JB? i love them  fans are saying playing with them will ruin your replutation its making me sad  tell them off
0,2183770969,Mon Jun 15 14:57:51 PDT 2009,NO_QUERY,actorbaybee,@Bethybbz c a in music  sing sing sing SHAA conors leaveing me again tommoz  unreliable gay best friend lol
0,2183918011,Mon Jun 15 15:09:51 PDT 2009,NO_QUERY,Yema,"Oh dear,  John has overtaken both haha and  on my top words for twitter. John's now third after xD and xP Halp please? "
0,2184228201,Mon Jun 15 15:36:20 PDT 2009,NO_QUERY,heatherbxo,@chanelleannexox lol i dont ! and omfg ! nevershoutnever is playing july 15th in tdot  but you dont like him so who am i gonna go with? 
0,2184275422,Mon Jun 15 15:40:23 PDT 2009,NO_QUERY,DavidTheStrange,@merrymodernist its because your a freak :3 lol jk &lt;3 cant wait till the BBQ  stacey cant make it though 
0,2184392117,Mon Jun 15 15:50:35 PDT 2009,NO_QUERY,shawnasstoller,@JonathanRKnight hope youre having a great day off!! sorry about Australia  ill throw you a boomerang if you come see me  xoxoxoxo
0,2184670982,Mon Jun 15 16:14:54 PDT 2009,NO_QUERY,LdyHype_PhxSuns,@elishacuthbert Hi! It's nice to see you Twittering.  It is hot as hell here in Arizona. 
0,2184693535,Mon Jun 15 16:16:52 PDT 2009,NO_QUERY,Roses_Are_Red,@Emizzle4 awww  Some time when you have a free weekend we should throw you a twitter birthday party! those are fun! 
0,2184762070,Mon Jun 15 16:22:59 PDT 2009,NO_QUERY,aamandaXD,sunshowers  but i cant go for a run until they stop 
0,2184830168,Mon Jun 15 16:29:03 PDT 2009,NO_QUERY,kristafromsyd,"@TWILIGHTINFO haha not complaining bout old news from you, they are showing an old episode of e news today  luckily you keep me updated "
0,2184922476,Mon Jun 15 16:37:08 PDT 2009,NO_QUERY,LMR_52,@cristinatarga you have troy???  he's sick???  poor puppy dog.
0,2185034566,Mon Jun 15 16:47:11 PDT 2009,NO_QUERY,kridrules,@Dannaca_Lynn UGH. too many problems. worst night i've had in a while but im okay.  how are you feeling? better today i hope 
0,2185144112,Mon Jun 15 16:57:09 PDT 2009,NO_QUERY,HaleyNicoleV,didn't have to take her brother to his game  now im looking on youtube for the &quot;planet premire&quot; thing the boys did today..i missed it 
0,2185168176,Mon Jun 15 16:59:18 PDT 2009,NO_QUERY,tesssaunders2,Reading Dhana's &quot;check in&quot; message&quot;   But realizing that I won't see her much this Summer  
0,2185330548,Mon Jun 15 17:13:16 PDT 2009,NO_QUERY,iKieran,@Angelbstar Hehe  good old youtube can't live without it tbh  but then it will make me sad cos I wasn't there  xxx
0,2185445239,Mon Jun 15 17:23:33 PDT 2009,NO_QUERY,windwardskies,@queenofgeek waving to you from my office!  I'd walk over to say hi if I wasn't so busy with work right now 
0,2185579441,Mon Jun 15 17:35:37 PDT 2009,NO_QUERY,suzannelewis,"Turns out I really tweaked my back. Got prescriptions, a chiropractor referral, and orders to take it easy &amp; skip the gym.    &amp;  "
0,2186014109,Mon Jun 15 18:13:58 PDT 2009,NO_QUERY,jessica_marie89,Greeks season is over.  ~~ But returns in August! 
0,2186107364,Mon Jun 15 18:21:58 PDT 2009,NO_QUERY,THe_RuGGeD_MaN,@mochared awww  well u need motivationnn! ill motivate u 
0,2186224898,Mon Jun 15 18:32:01 PDT 2009,NO_QUERY,shaaqT,@ArchisM still at 973  I'm re editing the first one bhejtee hun ruk 
0,2186314745,Mon Jun 15 18:39:49 PDT 2009,NO_QUERY,xmissmandy,ahh!  i am so bored.    i want it to be sunshiney tomorrow so i can lay outside again. 
0,2186317282,Mon Jun 15 18:40:04 PDT 2009,NO_QUERY,elanagfoshizzle,@toniibologna toniiii.  she was third wheel. other wise fun stuff would have happened 
0,2186436027,Mon Jun 15 18:50:14 PDT 2009,NO_QUERY,paaaulaaac,@Jamiology aww i'm sorryy   and failbook sucks. just email them and they'll give your account back 
0,2186458081,Mon Jun 15 18:52:08 PDT 2009,NO_QUERY,wolfpackbask13,chillin at home talkin to and old friend and waiting to hear from my baby  cant wait to see him tomorrow! work too though  pray for rain
0,2186481711,Mon Jun 15 18:54:12 PDT 2009,NO_QUERY,livelikeian,@yoha_ahoy very much so  Rub better? 
0,2186812011,Mon Jun 15 19:22:20 PDT 2009,NO_QUERY,jgal13,Enjoying the nice 64F weather in SF n watching the Angels vs the Giants  I wish I had my camera tho   http://twitpic.com/7ikxe
0,2187251867,Mon Jun 15 20:00:45 PDT 2009,NO_QUERY,KylieMalchus,@glennbeck awww  Hope you feel better Mr. Beck! Great show tonight btw 
0,2187731812,Mon Jun 15 20:43:14 PDT 2009,NO_QUERY,Nidiamazing,"@Xm4n  I'd watch him with you if I'd paid DirecTV lmao  uhm, boring. Read more Twilight &amp; downloaded movies to my iPod, laaame!!"
0,2188129763,Mon Jun 15 21:21:08 PDT 2009,NO_QUERY,dannWTF,"NOT ENOUGH HOURS IN A DAY! Grr! Bed now, up @ 5AM.. So soon  W/e.. This crazyness will be over soon! "
0,2188133456,Mon Jun 15 21:21:30 PDT 2009,NO_QUERY,Kia_whatever,so i'll be off now. am getting ready and watching tv besides  see you in school again haha xD oh no i'll write a biig french test 
0,2188230525,Mon Jun 15 21:31:29 PDT 2009,NO_QUERY,billpatrowicz,@MarkGilesHRP @Spirit1053Sarah I'm signing the Sara Groves petition with you my friend!   I don't think it'll happen 
0,2188434289,Mon Jun 15 21:53:34 PDT 2009,NO_QUERY,Amaryth,"Aw...I'm sorry.  Go with the curl up, but leave out the die, ok? "
0,2188667556,Mon Jun 15 22:19:35 PDT 2009,NO_QUERY,spazztasticamy,@takemyyheart24 wooo!  i don't have any money on iTunes  but i'd buy it if I could.
0,2188941160,Mon Jun 15 22:53:34 PDT 2009,NO_QUERY,Daminando,@mileycyrus hmm...  hurts to read that ur in that bad mood :-/ hope that everything will becoming fine soon! All the best!  Damien
0,2189184639,Mon Jun 15 23:26:16 PDT 2009,NO_QUERY,dokus,"Starting the day with a hot bath, me like  Now all that's missing is a massage "
0,2189256161,Mon Jun 15 23:36:25 PDT 2009,NO_QUERY,Dutchrudder,Top of the morning day 2 u all  wish I was still sleeping 
0,2189267670,Mon Jun 15 23:38:07 PDT 2009,NO_QUERY,Rozz07zee,"lik its said in my myspace, i just wish sum1 can jus take me seriously !! .lol but w/e.. imma b a single old lady with 27cats   =\ "
0,2189383455,Mon Jun 15 23:54:14 PDT 2009,NO_QUERY,camillevdytan,@bonjour_zach LOL it is! ! glad that's over and done with :3 have to go now  sister's gonna use the laptop adios! 
0,2189396339,Mon Jun 15 23:56:02 PDT 2009,NO_QUERY,cyndixoxo,I randomly woke up.. now im hot  listening to cant have you by the jonas brothers 
0,2189659721,Tue Jun 16 00:34:31 PDT 2009,NO_QUERY,bartiiee,"Waky waky!! It's a beautiful day, the sun is shining!! Oeps, the're is no sun  But it's still a beautiful day. A daily present of God "
0,2189707310,Tue Jun 16 00:42:00 PDT 2009,NO_QUERY,AlleX91,Good Morning...today is the Hell Day in school.I'll be there from 11:30 to 20:00 Ugh...  Wish me luck to come back in one peace 
0,2189720592,Tue Jun 16 00:44:09 PDT 2009,NO_QUERY,nickadams88,@jamhos You are my Live friend  Too bad Live is down for 24 hours 
0,2189722020,Tue Jun 16 00:44:21 PDT 2009,NO_QUERY,weeps,@BananasMel  hello Mel.Maybe the helicopter was there to fight moths?joking! I needed to fight against mosquitos     have a great day 
0,2189762665,Tue Jun 16 00:50:37 PDT 2009,NO_QUERY,allora,@Hebbie mornin hebbie  sun's shinin over here in germany too..not for much longer though..storms on the way 
0,2189874102,Tue Jun 16 01:08:15 PDT 2009,NO_QUERY,alex_and_brooke,@Yasminmusic haha i have 2 weeks till school end.  you lucky girl 
0,2189912884,Tue Jun 16 01:14:36 PDT 2009,NO_QUERY,Nancysig,@sunshinepenguin yes I did catch it and I was full of mud  oh poor baby bird  Always sad to see such things 
0,2189923722,Tue Jun 16 01:16:19 PDT 2009,NO_QUERY,omgitsnoelle,"@Patti_Cakes23 i'm def gonna be drooling and/or crying  he's gonna talk about his brother, too "
0,2190020235,Tue Jun 16 01:32:25 PDT 2009,NO_QUERY,roxiijonas,http://twitpic.com/7j5j7 -  @jonasbrothers I miss you 
0,2190020468,Tue Jun 16 01:32:27 PDT 2009,NO_QUERY,thongar,YEAR 12 MUSIC MODERATION TOMORROW.  OHNOES. 50% of my grade is going down the drain...unless I practice. Which is gonna start... now. 
0,2190104868,Tue Jun 16 01:46:51 PDT 2009,NO_QUERY,Vegas85,Im Glad to find most of my flickr buddies here  Miss u Guys i've been quite inactive on flickr 
0,2190138248,Tue Jun 16 01:52:40 PDT 2009,NO_QUERY,Danishbrunette,@inluu http://twitpic.com/7j63n - That's how we like it  Why do allways miss it 
0,2190184658,Tue Jun 16 02:00:35 PDT 2009,NO_QUERY,happytobealone,@gfalcone601 I have cold   here's autumn in Chile  enjoy the sunshine for me!!!  Xx
0,2190233872,Tue Jun 16 02:08:49 PDT 2009,NO_QUERY,Annhesketh,@TessMorris Hello Tess!   Got my cholestrol results! they need to come down! I was expecting that!   Other results good! )
0,2190246015,Tue Jun 16 02:10:49 PDT 2009,NO_QUERY,Kimberly_x3,i want my cuty fia to sign in  buhuuu.. come to meeeeee 
0,2190280179,Tue Jun 16 02:16:35 PDT 2009,NO_QUERY,kelliecobra,@missrheajo mine was guilty pleasure~ my ring tone is hollaback boy  haha I have to record them myself tho 
0,2190457769,Tue Jun 16 02:47:11 PDT 2009,NO_QUERY,mam1cutie,@berntina I know I thought it was great.. 3 teacup pups cornering a huge moutain lion! lol   I just hope they didn't kill the lion. 
0,2190524840,Tue Jun 16 02:58:56 PDT 2009,NO_QUERY,emma_moreton,today is s**t so far  errrghhhh but hopefully i will be cheered up this afternoon with a good trip to town 
0,2190537387,Tue Jun 16 03:00:51 PDT 2009,NO_QUERY,magickhooly,Sociology was okay  But I bet paper 2 will be disgusting to make up for it  Now I'm going to worry about the media exam. Sad times
0,2190540580,Tue Jun 16 03:01:22 PDT 2009,NO_QUERY,revjesse,@ImajicArt yeah   could be worse - you could be listening to your 3 year old poo while playing the DS 
0,2190587344,Tue Jun 16 03:09:23 PDT 2009,NO_QUERY,Kelliekk,@mandahoofs yeh SOOO much FUN!  cant wait to throw away another $750 in wks! 
0,2190668266,Tue Jun 16 03:23:24 PDT 2009,NO_QUERY,JoannaMarie27,@themasonmusso http://twitpic.com/6ekez - lost?aww...  
0,2190679058,Tue Jun 16 03:25:14 PDT 2009,NO_QUERY,fredwin,@DaJoBa Naa mate i get exactly what you mean  thats why i wanna get the desktop mac and not a macbook 
0,2190703800,Tue Jun 16 03:29:29 PDT 2009,NO_QUERY,sugarchanelle,@ddlovato NOOOOO! GUTTED! shame! i'll have to wait till next year i guess!  hope everything went okaii! 
0,2190762236,Tue Jun 16 03:39:23 PDT 2009,NO_QUERY,gemeg,@svn8teen Haha idk.  I hope there is tomorrow! 
0,2190784656,Tue Jun 16 03:43:10 PDT 2009,NO_QUERY,gemeg,@svn8teen Yeah  Talk to you tom! Homeworks 
0,2190807840,Tue Jun 16 03:46:59 PDT 2009,NO_QUERY,hirise_stories,"@katyand tried to send you DM re jewellery but i can't seem to.  i agree with your dirty little secret, tis mine as well. "
0,2190832397,Tue Jun 16 03:51:02 PDT 2009,NO_QUERY,amgypsytown,@luv_the_radke we should  cause not everyone can get into the buddy chat 
0,2190846407,Tue Jun 16 03:53:18 PDT 2009,NO_QUERY,aDamBacon,Last exam soon. Just finished my 4 pages of notes that I'm allowed  some lunch then I'll set off walking 
0,2190896569,Tue Jun 16 04:01:14 PDT 2009,NO_QUERY,KatyCaptivated,it's killed again.   i hate workmen. what r u doin?? 
0,2190896684,Tue Jun 16 04:01:14 PDT 2009,NO_QUERY,ainalopez,@adalaud I SUPER MISS YOU MORE  More more mooore. Aww. Ada day! Haha 
0,2190897768,Tue Jun 16 04:01:23 PDT 2009,NO_QUERY,blondebimbette_,"regret cycling 25 miles yesterday just to lose some more weight, bugger it hurts today  . On the bright side i lost another pound  xoxo"
0,2190936117,Tue Jun 16 04:07:10 PDT 2009,NO_QUERY,Elliethinks,@iampsychic awh  I'LL BE THERE! 
0,2190980212,Tue Jun 16 04:13:51 PDT 2009,NO_QUERY,mikeeangeles,the first day of classes wasn't really that boring  But i still miss SUMMER 
0,2191018241,Tue Jun 16 04:19:25 PDT 2009,NO_QUERY,Elea518,"Sick, can't move any more  // I hope to make some new friends &amp; share what we like.. "
0,2191088171,Tue Jun 16 04:29:36 PDT 2009,NO_QUERY,insajd,@filatoff I assume that something is imaginary  But friends insist on idea that these stories are real 
0,2191232730,Tue Jun 16 04:49:45 PDT 2009,NO_QUERY,petermaene,home...half day work today  ....afternoon for administration 
0,2191263747,Tue Jun 16 04:54:01 PDT 2009,NO_QUERY,vickytkd,@dougiemcfly sounds good would do it too but im at school  twitter me coz i have double science &amp; it would cheer me up  hehe
0,2191418783,Tue Jun 16 05:14:05 PDT 2009,NO_QUERY,Kazcita,@Bass_ I'd appreciate one if you can rustle it up. No idea how to do it myself  Thanks 
0,2191434989,Tue Jun 16 05:16:09 PDT 2009,NO_QUERY,metamorphozne,"joining the LVATT fun!  I so gotta have it NOW. the problem is.. it isn't out yet, here in the PH.  boo-hoo."
0,2191465527,Tue Jun 16 05:20:03 PDT 2009,NO_QUERY,J_ewelz,Is so exhusted from dancin the Bachata  love it! But ankle pain pain 
0,2191465889,Tue Jun 16 05:20:05 PDT 2009,NO_QUERY,Hitmewithmusic,Baaaaack to work! REALLYREALLYREALLY looking forward to walk in the rain!!!!!!    .......... 
0,2191582417,Tue Jun 16 05:34:24 PDT 2009,NO_QUERY,zombieite,packing  :-|  :-/ :-?
0,2191600931,Tue Jun 16 05:36:37 PDT 2009,NO_QUERY,BoL7z,@Ninja_Catfish my canalphones went through the wash  but they still work perfectly  and now they're clean woot
0,2191698720,Tue Jun 16 05:48:10 PDT 2009,NO_QUERY,jobadge,@richardbadge got it to work by standing next to window - proof of concept  but not practical for main lecture theatre 
0,2191702086,Tue Jun 16 05:48:33 PDT 2009,NO_QUERY,Sansaa,@ainojonas i cant cause i want it now!!!!!!!  lets be negative. 
0,2191714137,Tue Jun 16 05:50:01 PDT 2009,NO_QUERY,drthomasho,@BigDaveP I can't get over that Letterman is from Indianapolis where I live!  People here have a lot more CLASS! 
0,2191734074,Tue Jun 16 05:52:17 PDT 2009,NO_QUERY,endlessblush,@maddisondesigns We're not twins then!  good news .. it was getting a bit scary   Movie - did not like it much at all  .. just ok
0,2191770683,Tue Jun 16 05:56:25 PDT 2009,NO_QUERY,ZozzoCullen,"my BFF did'nt come..   but it does'nt matter, i'll see you tomorrow instead, at the last football training for this season  byees &lt;33"
0,2191885342,Tue Jun 16 06:08:32 PDT 2009,NO_QUERY,NicLovesHabs,@favier omg  i never thought i look like i feel. thats bad 
0,2192122624,Tue Jun 16 06:32:42 PDT 2009,NO_QUERY,DevpriyaK,. . . . I forgot the password for twitter . . . Spent last two days trying to remember it. .at last gave up  . . . Reset 
0,2192161323,Tue Jun 16 06:36:29 PDT 2009,NO_QUERY,MarishJb,10:27 a.m. in two hours i have to go at school... that's bored  hate school... but the only good thing it's that i'm with my friends 
0,2192205494,Tue Jun 16 06:40:47 PDT 2009,NO_QUERY,JimBob226,Gosh Ict Isss Wayyy Boring     awhh well i have my springyboing beside me 
0,2192269806,Tue Jun 16 06:46:45 PDT 2009,NO_QUERY,naledi01,straighting my hair  skool tomz 
0,2192357016,Tue Jun 16 06:54:56 PDT 2009,NO_QUERY,clarkyc8t,@Sepulchura err reboot  methinks I want be forgetting that now 
0,2192398209,Tue Jun 16 06:58:48 PDT 2009,NO_QUERY,JJNextGenTV,"@five15design So U saw the Broncos in several Superbowls (...2 worth watching, the other embarrassing.   I don't see NZ sports here. "
0,2192400689,Tue Jun 16 06:59:02 PDT 2009,NO_QUERY,remedii28,sooo tiireedd  qonna meet up wit one of the bestiies 
0,2192421891,Tue Jun 16 07:00:52 PDT 2009,NO_QUERY,LullabyLies,Omg I just realized that I could have made my license plate 'careber'  owell MCRMY is perfect! 
0,2192513042,Tue Jun 16 07:08:55 PDT 2009,NO_QUERY,Lilmonkey99,I am awake... and seeing the GRAY clouds...     Hopefully in vegas it won't be raining.  oh no wait.... 90 and sunny 
0,2192513511,Tue Jun 16 07:08:57 PDT 2009,NO_QUERY,bwerden,Nothing yet!     it's tough out there.  I hear Ransom may be hiring!  
0,2192790952,Tue Jun 16 07:33:16 PDT 2009,NO_QUERY,MariaVonLiz,Walked that damn hill up kingsbridge now I'm starving  ... Gonna have a huge bowl of cereal and watch Sex and The City 
0,2193181413,Tue Jun 16 08:06:24 PDT 2009,NO_QUERY,faith_phoenix,@RealBillBailey gutted i couldnt get tickets for your show tonight in manchester  but have a great one!! 
0,2193190384,Tue Jun 16 08:07:09 PDT 2009,NO_QUERY,youscareme,@buckhollywood omg! im such a loser! how did i not know you were on twitter!  well now i do! 
0,2193278017,Tue Jun 16 08:14:22 PDT 2009,NO_QUERY,janiecwales,"oh dear HH is back   please twitter do something about her.  I'm begging you, please pretty please "
0,2193403830,Tue Jun 16 08:24:44 PDT 2009,NO_QUERY,lauren__x33,"english exam went okay        revising for french, r.e and geography now, urrff "
0,2193428118,Tue Jun 16 08:26:44 PDT 2009,NO_QUERY,bubbles00,"finally finished typing!!!! Woohoooo  , still need to add graphs though "
0,2193451289,Tue Jun 16 08:28:37 PDT 2009,NO_QUERY,faiznurdavid,"@fanafatin see, @misschimichanga tweet u to join us!! u really cant?  so if thurs, when &amp; where? "
0,2193576442,Tue Jun 16 08:38:45 PDT 2009,NO_QUERY,emma_b_xox,Had an injection today. Not fun  the rrst of the school day has been good. Tonight i am going dancing yey 
4,1467863684,Mon Apr 06 22:33:35 PDT 2009,NO_QUERY,DjGundam,Awwh babs... you look so sad underneith that shop entrance of &quot;Yesterday's Musik&quot;  O-: I like the look of the new transformer movie 
4,1467880442,Mon Apr 06 22:38:04 PDT 2009,NO_QUERY,iCalvin,"Haven't tweeted nearly all day  Posted my website tonight, hopefully that goes well  Night time!"
4,1468053611,Mon Apr 06 23:28:09 PDT 2009,NO_QUERY,mariejamora,@hellobebe I also send some updates in plurk but i upload photos on twitter!  you didnt see any of my updates on plurk? Zero? 
4,1468100580,Mon Apr 06 23:42:57 PDT 2009,NO_QUERY,cristygarza,good night swetdreamss to everyonee   and jared never chat in kyte puff 
4,1468115720,Mon Apr 06 23:48:00 PDT 2009,NO_QUERY,WarholGirl,@ientje89 aw i'm fine too thanks! yeah i miss you so much on the MFC  but hope we can talk later on today  kisses :huglove:
4,1468131748,Mon Apr 06 23:53:22 PDT 2009,NO_QUERY,steveslee,@gordonchiu You're one letter alway!    Koreans don't use &quot;X&quot; so there's no hope for me. 
4,1468161883,Tue Apr 07 00:03:10 PDT 2009,NO_QUERY,warrenaissance,"I found my MADDEN '08!  in '09  ...oh well, I say Old is New Again!"
4,1468224250,Tue Apr 07 00:23:49 PDT 2009,NO_QUERY,lindseykanno,"@friendlypharm  too bad it's true, for the most part "
4,1468310350,Tue Apr 07 00:53:48 PDT 2009,NO_QUERY,tashhhhhhh,@dougiemcfly morning  i'm really upset  my rabbit ran away last night  and the postman woke me up early  reply? ilu x.
4,1468338634,Tue Apr 07 01:03:49 PDT 2009,NO_QUERY,phampton,"3 days leave then Easter, no work for a week,  Except for the long list of DIY jobs to do at home, "
4,1468363676,Tue Apr 07 01:12:56 PDT 2009,NO_QUERY,LiL_Lullue,yay no work todayyy   but working for the rest of the week  lol
4,1468502040,Tue Apr 07 02:03:41 PDT 2009,NO_QUERY,McFLYBelgium,"@dougiemcfly @tommcfly good morning guys, how are you all? You know, it's frustrating, I never get a reply  "
4,1468503801,Tue Apr 07 02:04:18 PDT 2009,NO_QUERY,tinknevertalks,"@redtoffee Strawberry is the absolute best Angel Delight EVA!  I had chocolate once, but it was too sweet. "
4,1468544973,Tue Apr 07 02:19:32 PDT 2009,NO_QUERY,rkhooks,@lejeff oh pants! I'm hanging out with the old folks back  in England   Defo b up 4 1 when I get back. tho 
4,1468586841,Tue Apr 07 02:34:25 PDT 2009,NO_QUERY,Micc_x,@bradiewebbstack sway sway tour in julyyyyy! exitedd muchh  follow me pleaseeee? i need more followerss 
4,1468639063,Tue Apr 07 02:53:24 PDT 2009,NO_QUERY,kenguest,it'd be great if some opensource luminary would record 'talk' files for #rockbox  the daleky voice is unimpressive 
4,1468652839,Tue Apr 07 02:58:23 PDT 2009,NO_QUERY,revjesse,@ecaps1 bloody idiot!!   just shop him into some gay porn 
4,1468714181,Tue Apr 07 03:19:34 PDT 2009,NO_QUERY,TheKZA,@iCoopers You tease  But thank you 
4,1468758512,Tue Apr 07 03:34:37 PDT 2009,NO_QUERY,_CBearT_,Had the best night in Letterfrack!;) lol suffering now tho  thank goodness richard's makin pancakes!!! Onto Galway city later  x
4,1468833927,Tue Apr 07 03:58:41 PDT 2009,NO_QUERY,swimmingfishy,Going to school and enjoying my last day as a 16 year old  but  too
4,1468992236,Tue Apr 07 04:44:49 PDT 2009,NO_QUERY,tuxetuxe,humm no support for remote cvs history in opengrok 0.7 ...  guest i have to wait for 0.8!! 
4,1469011145,Tue Apr 07 04:49:48 PDT 2009,NO_QUERY,SorenLorensen,"@hollyalyxfinch Oh, Holly!  Take no notice of these morons - we think you're wonderful and very talented "
4,1469267615,Tue Apr 07 05:49:29 PDT 2009,NO_QUERY,davideggleton,"Today is very cold, so cold I may have to start wearing my jeans again  yesterday was raining but I did get some good shots of ducks "
4,1469531660,Tue Apr 07 06:39:53 PDT 2009,NO_QUERY,appleaddicto,Company blocked Twitter today  oh well i still have it on mobile 
4,1469618724,Tue Apr 07 06:55:21 PDT 2009,NO_QUERY,CoopieCoop27,is loving the sun  but is upset she cant make the picnic thurs 
4,1469702025,Tue Apr 07 07:10:03 PDT 2009,NO_QUERY,MVPSusi,@halosecretarial There is a hashtag #IVAA09 for the Summit  I'm not cool either   Couldn't go.
4,1470013783,Tue Apr 07 08:05:26 PDT 2009,NO_QUERY,jreycruz32,@RachelStarrxxx I hope you get better soon  just make sure you have alot of fluids 
4,1470014082,Tue Apr 07 08:05:29 PDT 2009,NO_QUERY,emmatucker07,woken up v early by a big pair of brown eyes. unfortunately they don't belong to a puppy...   but they do belong to an evil mayan 
4,1548641597,Fri Apr 17 21:32:02 PDT 2009,NO_QUERY,MissLaura317,"@xoh_snap June 16th!  So far away. I'm excited! BUT I might go alone, even though I bought two tix. Sadness. "
4,1550876592,Sat Apr 18 07:31:02 PDT 2009,NO_QUERY,chickens4mmich,back home from a longgg day! today = party time!  too bad i'm missing someone that's pretty darn special  &lt;3
4,1551209524,Sat Apr 18 08:26:27 PDT 2009,NO_QUERY,taralou88,Back in Stoke on my lonesome  Only two weeks to go though. And then I shall be freeeeeeeeee 
4,1551301964,Sat Apr 18 08:41:33 PDT 2009,NO_QUERY,WHEREtheFsCHRIS,Last day at MV Apple  Thank god I dont gotta hang out with joesoliman anymore 
4,1551303800,Sat Apr 18 08:41:52 PDT 2009,NO_QUERY,amandabfc,Tried to have my picture taken with @jimmycarr but got turned away  @rustyrockets was great though 
4,1551586713,Sat Apr 18 09:26:59 PDT 2009,NO_QUERY,lucasfan4life,Tennis pratice today  but i dont have to stay 4 the whole thing yay  lol
4,1551844969,Sat Apr 18 10:07:14 PDT 2009,NO_QUERY,gpan,Sick  Good thing its the weekend 
4,1551973433,Sat Apr 18 10:27:21 PDT 2009,NO_QUERY,jemjem1983,"@_ophelia danny wasn't there  just angela, craig and Robert!! Was a great day though "
4,1553081487,Sat Apr 18 13:19:29 PDT 2009,NO_QUERY,JenJoyner,"@MissNixs I know, right? He's a serial monogamist  Did I mention I left home at a young age, LOL? "
4,1553271490,Sat Apr 18 13:49:29 PDT 2009,NO_QUERY,TheBubbleGum,"Ugh.. Im tired but i don't wanna go to bed  btw, 17 Again was AWESOME!  Uh.. im so bored.  Well well, i always find something to do.. XD"
4,1554464251,Sat Apr 18 17:04:01 PDT 2009,NO_QUERY,lonemat,"@PandaDementia Aww  I just seem to be getting worse  Stupid doctor wont do anything till I see specialist, which is a month away =("
4,1554526300,Sat Apr 18 17:14:13 PDT 2009,NO_QUERY,mikeconaty,@NancySeeger 1 hour(53 minutes actually) from 85th to 33rd  ah well it's only Sat nite... Crushed the mtg 
4,1555986867,Sat Apr 18 21:17:07 PDT 2009,NO_QUERY,SRJoslin,"sick again...    Quote:&quot;I'm sick Sophie!!!...make me feel better! now, or I'll bite you&quot;-nick Jonas everyone  "
4,1556013984,Sat Apr 18 21:22:13 PDT 2009,NO_QUERY,pcp071098,@mobilebitch  Ooops.. I had a bug   But I fixed it..    Try that tiny URL again..
4,1556014795,Sat Apr 18 21:22:23 PDT 2009,NO_QUERY,pcp071098,@Rahellah  Ooops.. I had a bug   But I fixed it..    Try that tiny URL again..
4,1556015692,Sat Apr 18 21:22:34 PDT 2009,NO_QUERY,pcp071098,@BigChat  Ooops.. I had a bug   But I fixed it..    Try that tiny URL again..
4,1556216410,Sat Apr 18 22:01:59 PDT 2009,NO_QUERY,geeisthenewcool,@mcrfash1  but its okay cuz i can get it at wal mart 
4,1556265511,Sat Apr 18 22:12:05 PDT 2009,NO_QUERY,prixchk280,went to the mall and had dinner out yay  tori-sorry vegas is hating you  it hates me too. laur-ooh smoothie sounds good ;D
4,1556266702,Sat Apr 18 22:12:19 PDT 2009,NO_QUERY,Camera_shy89,Sry i have neglected Twitter  i feel bad! works been crazy but im on now 
4,1556267135,Sat Apr 18 22:12:27 PDT 2009,NO_QUERY,banerch,@meladiaz HAHAHAHAHA! ) i miss you toooooo!  i have kwentooo!  i'll tell you next time we see each other. :&gt;
4,1556402800,Sat Apr 18 22:42:07 PDT 2009,NO_QUERY,StormClaudi,"@IzzyJ_Is_Here haha yayyy! aw, lady i really hope you're not sad. that's no fun  just listen to calle ocho and dance dance dance! "
4,1556571114,Sat Apr 18 23:22:47 PDT 2009,NO_QUERY,Kikirowr,This little tree is tiiiiired  25's (and dealing with stupid people) tomorrow and then finishing 10s monday! Raiding every nice 
4,1556627859,Sat Apr 18 23:37:35 PDT 2009,NO_QUERY,emily_jeanne,is super worn out! but had an amazing time!!  i'm really sad it's over. 
4,1556859683,Sun Apr 19 00:42:19 PDT 2009,NO_QUERY,iVAcash,"@badassyella u kno how yu b 4getn bot a nigga an shit  don't worry tho,yu gon see a whollleee lot of me soon "
4,1556895532,Sun Apr 19 00:53:24 PDT 2009,NO_QUERY,SweetestSin_S,goodmorning everyone.. jeeej  my granny is coming from surinam after 5 months.. missed her 
4,1556925184,Sun Apr 19 01:02:39 PDT 2009,NO_QUERY,KahniCupcake,just woke up. about to go see my friends play a football game (soccer)  it's early 
4,1556925344,Sun Apr 19 01:02:42 PDT 2009,NO_QUERY,Spitphyre,@LimeIce i told yoooo... and i asked you for ur number as well  but pictures comminup this week 
4,1557063069,Sun Apr 19 01:48:29 PDT 2009,NO_QUERY,HannahTheresa,Urgh moaning at ma as she woke me up early again  so tired but tellison were fantastic  I wish alex was there though.
4,1557203543,Sun Apr 19 02:37:45 PDT 2009,NO_QUERY,fjkeogh,@MANDY_EMMERSON me to but cannot anymore  have a good one 
4,1557219760,Sun Apr 19 02:43:50 PDT 2009,NO_QUERY,fjkeogh,@marginatasnaily is that yeah right good idea  or yeah rite   ?
4,1557255373,Sun Apr 19 02:57:41 PDT 2009,NO_QUERY,Greg4271,Sunny Day  ...and back to work tomorrow 
4,1557272011,Sun Apr 19 03:03:47 PDT 2009,NO_QUERY,Meryl_F,Portable cd player decided to give up the ghost just days before our holiday  Frantic search on amazon last night for replacement 
4,1557323481,Sun Apr 19 03:23:55 PDT 2009,NO_QUERY,div2994,"@30STMWithJared ah that sucks  just going out now, I'll be on in a bit  x"
4,1557334906,Sun Apr 19 03:28:19 PDT 2009,NO_QUERY,clarexsaula,@ItsAnitaBitch Hahah aww!  i have to buy some new winter pjs soon.. i was looking at some today from Target 
4,1557375700,Sun Apr 19 03:43:55 PDT 2009,NO_QUERY,jasminekpk,Just got my laptop!  But I have to re-install EVERYTHING back  Gonna take a while.
4,1557697500,Sun Apr 19 05:33:55 PDT 2009,NO_QUERY,Dee_Staack,"@Iwillbot You're so cute  I love you, i tried to learn piano because i was inspired by you, but i gave up  but i now play guitar .Yay "
4,1557746288,Sun Apr 19 05:48:34 PDT 2009,NO_QUERY,Jayy008,Has just woke up and come straight on here Lol  Got alot to do today before I go back to college tomorrow  xxxxxxx
4,1557859971,Sun Apr 19 06:19:30 PDT 2009,NO_QUERY,GodsGrrrl777,Woke up late  dnt think i will make it to sunday school...but last nite was amazin  i gotta t shirt 
4,1557900172,Sun Apr 19 06:29:40 PDT 2009,NO_QUERY,Charlotte_H_,I wish 16-year-olds could legally drive in Germany  I really could use that right now! Doing some Math in my bed 
4,1557981056,Sun Apr 19 06:49:18 PDT 2009,NO_QUERY,gossipgirl80,@Zofia_C  total sham if you ask me.. the whole race  Am gitted by the result 
4,1558705370,Sun Apr 19 09:10:01 PDT 2009,NO_QUERY,edson_v,At work.   But at least Shogun won  
4,1558706926,Sun Apr 19 09:10:16 PDT 2009,NO_QUERY,HEYtasha,watching law &amp; order c.i marathon. i woke up at 9am to a yummy bagel.  movies later. school tomorrow 
4,1558707006,Sun Apr 19 09:10:17 PDT 2009,NO_QUERY,AmberLovesNKOTB,"@AishaNH Yea kinda, its just a 102 fever headache stomachache thing  but it seems to only last 24 hours  They are both better now."
4,1558822301,Sun Apr 19 09:29:58 PDT 2009,NO_QUERY,shezaw16,is really fed up of her awful skin now...i hate eczema  but looking very forward to Alton Towers tomorow!!! 
4,1558883884,Sun Apr 19 09:40:09 PDT 2009,NO_QUERY,Ielsieh,"finished dinner, dude i have 1 poem to make  i cant do that. 0.o help me? "
4,1559258150,Sun Apr 19 10:40:33 PDT 2009,NO_QUERY,mareenshere,@MussoMitchel i know you're busy replying.. but I wrote to you the last few days and you never once answered me  don't ya like me? 
4,1559386978,Sun Apr 19 11:00:24 PDT 2009,NO_QUERY,pratik_shah,@mayureshnirhali for personal use I always use safari  but our product supports only IE 
4,1559387637,Sun Apr 19 11:00:29 PDT 2009,NO_QUERY,Helen_hsd,I am actually good at cooking pancakes!  I think I should be a chef ;] (N) School tomorrow...it's going to be seriously boring 
4,1559482691,Sun Apr 19 11:15:27 PDT 2009,NO_QUERY,moxmallow,"Last day of spring break   Heading off to Venice Beach around 2:00, though, which should be fun! "
4,1559677867,Sun Apr 19 11:46:06 PDT 2009,NO_QUERY,Bee_Runs,"@fashionrunner Me, me  I did 6.5 miles this morning, and what's new? the wind is back  so I just ran a bit slower today."
4,1559842829,Sun Apr 19 12:11:17 PDT 2009,NO_QUERY,DaphneDuck14,school sucks!!  feels great to return to volleyball practice  GILAD IS STILL ALIVE!!! 1029 DAYS HE'S NOT HOME!!!
4,1559940257,Sun Apr 19 12:26:19 PDT 2009,NO_QUERY,Carebear957,I had nachos for lunch! Bought some songs from Hannah Montana soundtrack and Jennette's single. Rocking out!  Then back to homework. 
4,1559972547,Sun Apr 19 12:31:13 PDT 2009,NO_QUERY,butterflymind,Just bopping in the kitchen to Human League's Greatest Hits on the iPod. I almost feel young again  Kids thought I was having a fit 
4,1563447170,Sun Apr 19 22:52:30 PDT 2009,NO_QUERY,PresleyKristen,I want to be on vacation so bad  Bring on the sun &amp; the beachhhh! 
4,1563536334,Sun Apr 19 23:12:52 PDT 2009,NO_QUERY,Chpood,"School  I'm too tired and I've got work to do for drama like making programmes which should have aready been done, oops "
4,1563537620,Sun Apr 19 23:13:09 PDT 2009,NO_QUERY,KelzzzD,Obsessed with Chelsea Lately !!    &amp;&amp; i cant upload a pic 
4,1563598692,Sun Apr 19 23:27:51 PDT 2009,NO_QUERY,AssetsHKG,done nooo work  not good...maybe tomorrow 
4,1563620966,Sun Apr 19 23:33:08 PDT 2009,NO_QUERY,HildeM_EN,"@marsgirl86 Nope hun, can't make it    Have to be at work Monday morning, oh well, maybe a trip to the US later this year ;)  have fun "
4,1563681287,Sun Apr 19 23:48:12 PDT 2009,NO_QUERY,deeplove1990,RIP granny  and i work today 
4,1563756894,Mon Apr 20 00:07:50 PDT 2009,NO_QUERY,SuButcher,Morning  Bus replacement services today 
4,1563849293,Mon Apr 20 00:32:53 PDT 2009,NO_QUERY,Hujamajahaja,@tommcfly Back to the future!!  And have a great tour! Shame I can't come see you. 
4,1563883273,Mon Apr 20 00:42:27 PDT 2009,NO_QUERY,raquelramosx,On my way to school in about less than and hour  i don;t like school seein' as i dint do my coursework mwahahahahha! 
4,1563902822,Mon Apr 20 00:47:57 PDT 2009,NO_QUERY,saaam_,"@Emzy_Chica ohh thank you (: i know she is defo there on thursday, shes playing in the apple store, but i can't go that day  lol thanks "
4,1564007269,Mon Apr 20 01:18:05 PDT 2009,NO_QUERY,Roebaggs,@WildPaw Morning  on BGT this guy was doing a handstand push up while doing an inverse sword swallowing trick and he seemed to slip 
4,1564057205,Mon Apr 20 01:33:02 PDT 2009,NO_QUERY,RobinMLC,omg I love my new car - wish I could keep my old one too   The driveway looks awesome with 2 E30's parked on it! 
4,1564137233,Mon Apr 20 01:58:02 PDT 2009,NO_QUERY,Pablo_1994,is in school  But they haven't blocked twitter yet ;) ;p he he Can't wait for Diana's album!! 
4,1564171254,Mon Apr 20 02:08:19 PDT 2009,NO_QUERY,browneyedliz,"@LegoYoda Nope, got to 81, the progress is slow  but it's totally addictive &amp; I love it "
4,1564185092,Mon Apr 20 02:12:32 PDT 2009,NO_QUERY,RascalMurray,I love rolling in fax poo !   Don't think Daddy was too impressed though 
4,1564349554,Mon Apr 20 03:03:12 PDT 2009,NO_QUERY,leewaters,"@monkeysean89 @qmuser You guys are too nice.  If I could justify @AngryPuppy, I'd reactivate, but I don't want to put out more noise. "
4,1564351383,Mon Apr 20 03:03:47 PDT 2009,NO_QUERY,jaydriscoll88,"What a lovely day!! Shame I'm stuck inside working  on the up side, Sam's back today "
4,1564351504,Mon Apr 20 03:03:49 PDT 2009,NO_QUERY,HayleyBee1,Hey! Last long lie till sunday  lol.  Revision today since ive not done any yet and my first prelim is in 15 days :S :O. Lmao 
4,1564416992,Mon Apr 20 03:23:32 PDT 2009,NO_QUERY,Paul_Berney,"Throwing up all night, dammitt  Feeling good now though  How about those sucky soap awards? Nobody who deserves to win ever does "
4,1564469124,Mon Apr 20 03:38:22 PDT 2009,NO_QUERY,soniaahlu,watching my favorite movie- the prince of egypt  and studying microbio 
4,1564471002,Mon Apr 20 03:38:55 PDT 2009,NO_QUERY,soniaahlu,watching the prince of egypt  and studying microbio 
4,1564543229,Mon Apr 20 03:58:43 PDT 2009,NO_QUERY,JoceyyBee,@kaliie you sure? I can if you want to  BECAUSE I WANT TO. and lol fish? fish it actually really healthy silly  its good for you so eat
4,1564585618,Mon Apr 20 04:09:14 PDT 2009,NO_QUERY,SeeTheSunInMe,"Hmm , .. the singing practise was canceled today  . But i got home earlier !  . Also , gonna get a bad bad grade on the math test..:/"
4,1564622764,Mon Apr 20 04:18:29 PDT 2009,NO_QUERY,MichaelBarley,@Dunkndisorderly nope  you are just a Twitter magnet 
4,1564756850,Mon Apr 20 04:48:59 PDT 2009,NO_QUERY,Ems92,@McKatrine cool  send me a message   well i g2g now xD leaving my mac now   we can text instead xD
4,1564856845,Mon Apr 20 05:09:31 PDT 2009,NO_QUERY,SophhBabe,is home from school ... ill                       very'bored'to'be'honest'' :@ someonee signn up for thiis plz !! 
4,1564961335,Mon Apr 20 05:29:31 PDT 2009,NO_QUERY,MichaelSloger,Counting down the days left of high school.  11.5 to go.  not sure if  or 
4,1565166320,Mon Apr 20 06:04:33 PDT 2009,NO_QUERY,jtjazz,@goodenufmother  Oh yeah and they found it two days after my jazz show.  Ticked me off!!!    But I'm okay now   Good luck!
4,1565465591,Mon Apr 20 06:49:24 PDT 2009,NO_QUERY,xedays,"@jeorgina Whoops, hit ENTER. Hating the fact I'm going to have a check-up on my bloody fingers later.  They are alive. "
4,1565502342,Mon Apr 20 06:54:40 PDT 2009,NO_QUERY,dancing_echoes,"@antheia awesome! unfortunately i can't even watch game 4.   so, keep me in the loop for game 5 or round 2! "
4,1565799070,Mon Apr 20 07:34:42 PDT 2009,NO_QUERY,rdawkins,Finally awake. Gotta work 2:30-7:30  Happy 4/20 
4,1565800912,Mon Apr 20 07:34:55 PDT 2009,NO_QUERY,danjordan,@strange_idol Can't make Leicester one  Seeing them in Brighton instead  Gonna try to catch a few others too...
4,1572982605,Mon Apr 20 23:15:36 PDT 2009,NO_QUERY,Luluthi,"is going to grab a nice, hot cup of coffee  Unfortunately, I have to go out in the cold to get it "
4,1573211875,Tue Apr 21 00:10:20 PDT 2009,NO_QUERY,kimmywhite,@spoiled_127 aww I'm sorry   that sucks...at least you got to see him 
4,1573292577,Tue Apr 21 00:31:01 PDT 2009,NO_QUERY,Krissy_xx,So sleepy! It's gonna be a long day today aswell  oh well nearly the weekend 
4,1573328877,Tue Apr 21 00:40:39 PDT 2009,NO_QUERY,luvdopeish,perfectly blind.. perfectly bliiiind. this song is stuck n my head  side note insomnia is a bitch  i got class n the morning
4,1573458997,Tue Apr 21 01:16:04 PDT 2009,NO_QUERY,Caity2709,i have nothing to twitter about  listening to Taylor Swift  xx
4,1573751209,Tue Apr 21 02:41:06 PDT 2009,NO_QUERY,keanalois,I'm learning to love this summer. Haha  And I'm afraid it's going to end in a snap 
4,1573912607,Tue Apr 21 03:26:39 PDT 2009,NO_QUERY,ellie_nor,"Bella has squits again   Weather, however, is lovely "
4,1573968088,Tue Apr 21 03:41:46 PDT 2009,NO_QUERY,garry1bowie,@Karen230683 That's a pity  I'll try &amp; send you a wee photo to cheer you up 
4,1574047516,Tue Apr 21 04:01:59 PDT 2009,NO_QUERY,amanduhhL,"Oh man, what a day. Fighting w/ your boyfriend isn't fun  But it's all good now. "
4,1676031478,Fri May 01 20:55:28 PDT 2009,NO_QUERY,marshymiffy,@teamdangerrr DANG! I WOULD FORGET TO COME ON TWITTER EVERDAY  i should make twitter my home page  LOL!
4,1676160753,Fri May 01 21:15:30 PDT 2009,NO_QUERY,littletigr,@aneetasee no not after that plane ticket  BUT I'm super excited to see the fam after three years 
4,1676194202,Fri May 01 21:20:56 PDT 2009,NO_QUERY,Taylor13Fan,@ddlovato haha that pic u drew was AWESOME! I would be scared about the flu too  b careful! Stay healthy...I love ur music  Thx so much
4,1676311044,Fri May 01 21:40:34 PDT 2009,NO_QUERY,shaetia,"Sometimes I miss being in musicals  Grease is on VH1, made me reminiscent of when I was Rizzo "
4,1676399468,Fri May 01 21:56:06 PDT 2009,NO_QUERY,ForFun808,"So the ClipCritics made a video response to my impressions video   But its on private, I heard their video got flagged "
4,1676738793,Fri May 01 23:01:23 PDT 2009,NO_QUERY,kec1184,I'm missing my babycakes   I'm off to bed.  Can't wait for him to call me in 5 hours to wake me up so we can talk before i go to work! 
4,1676912863,Fri May 01 23:41:09 PDT 2009,NO_QUERY,TheMarsFactory,"@TomosBeard Yeah, you're right. Poor you  But we'll start an army to protect you!  - btw, you forgot the &quot;@&quot;"
4,1676971731,Fri May 01 23:55:44 PDT 2009,NO_QUERY,OscarDelaHopia,"@marklaguna I'm a Kapuso, so I kinda know what it is, though i'm not sure. But I think I'm right.  you didn't played my request kanina "
4,1677150295,Sat May 02 00:40:45 PDT 2009,NO_QUERY,janetfdrake,"Another fab day   Looking forward to meeting up with the Wadhurst Runners tonight, their annual dinner - I miss the club "
4,1677394900,Sat May 02 01:51:21 PDT 2009,NO_QUERY,Laraine09,@tommcfly Mmmm im starving and stuck at work   if Tom tour man is with you i have just text him say hi to him it will be so funny  x
4,1677444411,Sat May 02 02:06:29 PDT 2009,NO_QUERY,kasey79,"@DannyGirlAlways Ok I still feel kind of bad though  I will make it up to you later on, on here  I promise!!"
4,1677474818,Sat May 02 02:16:14 PDT 2009,NO_QUERY,JamesRaee,watching MTV I'm so bored nothing goods coming on  ohh wait poker face just came on  wooow what's is everyone doingg ?
4,1677505048,Sat May 02 02:26:14 PDT 2009,NO_QUERY,Bruno108,@Sar76 i know!  did u watch the pics i posted yesterday?i went 2 the beach 
4,1677550509,Sat May 02 02:41:14 PDT 2009,NO_QUERY,vonniex0x0,about to watch dont mess with zohan  i cant sleep 
4,1677642549,Sat May 02 03:11:33 PDT 2009,NO_QUERY,torilovesbradie,@charlii1 awwww they are lovely  i wish i had an older brother  anyways...mum liked my skirt! haha xx
4,1677644051,Sat May 02 03:12:03 PDT 2009,NO_QUERY,JAYv2,Morning all. Just out of the shower having coffee! Am on call this morning so have really been awake since 8am  Nice day tho 
4,1677844398,Sat May 02 04:17:26 PDT 2009,NO_QUERY,Nienerd,"Where did the sun go?  Oh well, it's still nice outside! "
4,1677906870,Sat May 02 04:36:40 PDT 2009,NO_QUERY,CallieD,Last football match of the season  but we did the whole spray champagne thing which was cool 
4,1677958804,Sat May 02 04:52:06 PDT 2009,NO_QUERY,_maisy,@lil_stephanie coz im sad  WHOS THE GUY YOU MIGHT FALL IN LOVE WITH? 
4,1678051317,Sat May 02 05:16:59 PDT 2009,NO_QUERY,CialT90,@ailberry Uni year one nearly up?  just othello essay to do..al nighter for the crack this week? xoxo 
4,1678216096,Sat May 02 05:57:07 PDT 2009,NO_QUERY,DLDAVID,@Anne_A4L @nesquicus @annyo84 awesome! ramble tweeting lol   n yup i bet jeff was the next best thing. bummed i din meet him 
4,1678361346,Sat May 02 06:27:28 PDT 2009,NO_QUERY,5freakinfriends,bout to upload Saturdays vid  ...btw it sucks... 
4,1678361413,Sat May 02 06:27:28 PDT 2009,NO_QUERY,woosang,@wyvernfriend its it though.....  My work bans everything. 
4,1678465176,Sat May 02 06:47:42 PDT 2009,NO_QUERY,MamaAsh,Feeling so unmotivated today  need some art in my life. . . Artomatic after my house work is done  yay
4,1678575240,Sat May 02 07:07:50 PDT 2009,NO_QUERY,Imjoan,Miss my frds  Thus just sent msg to them to express my love  xx
4,1678693526,Sat May 02 07:28:10 PDT 2009,NO_QUERY,emy_lee,getting ready to go to bush gardens. and its suppose to rain today  oh well. live life to the fullest 
4,1678755771,Sat May 02 07:38:09 PDT 2009,NO_QUERY,mcdlyse,@KrisAllenmusic Vienna has love for you and I would vote for you if I had access. As it is I can't watch it live.  love your voice. 
4,1678787038,Sat May 02 07:43:14 PDT 2009,NO_QUERY,billt,"Off to see Coraline  at a Cineworld   hey ho, once you're inside it's less horrible."
4,1679244068,Sat May 02 08:53:22 PDT 2009,NO_QUERY,Belongwithme,Have to stay inside  yay how fun 
4,1679949786,Sat May 02 10:33:16 PDT 2009,NO_QUERY,shaunarawrr_x,@Jonasbrothers i can't watch JONAS 'cause im in ireland  give me an early birthay shout out please? 
4,1679950779,Sat May 02 10:33:24 PDT 2009,NO_QUERY,MiSS_BRiTT87,Gonna go SHOPPING  the weather SUCKS today 
4,1679985789,Sat May 02 10:38:18 PDT 2009,NO_QUERY,AjGaunt,"@yjlovesjj I dno diff release dates in the U.K i thinks,i'll just have to wait a little longer  and thnx, you toooo "
4,1680348673,Sat May 02 11:28:32 PDT 2009,NO_QUERY,JamesProps,I'm off to Vancouver to hang out while my better half works.  I'll make the best of it. 
4,1680738980,Sat May 02 12:22:56 PDT 2009,NO_QUERY,JessEddiewards,watching britains got talent  i wanna be on there 
4,1680883599,Sat May 02 12:43:04 PDT 2009,NO_QUERY,qostid92,got ma internet bak  but dobbs has apparently signed for swansea  and we got humped so an inbetween day
4,1684849365,Sat May 02 22:14:12 PDT 2009,NO_QUERY,thebruce0,"Man... seeing all these tweets from everyone at @dasro_kast's wedding... while the occasion is  I'm all   I'm there in spirit, really!"
4,1685080502,Sat May 02 22:59:53 PDT 2009,NO_QUERY,michiepants,"@simplychaoticxx: Bummer.   Well, let me know your schedule when you can. I'm free pretty much all the time for the next little while "
4,1685173430,Sat May 02 23:19:37 PDT 2009,NO_QUERY,ninz_0214,"is home na  whew, Subic was fun (lol) wasn't to able to go to the beach though..  http://plurk.com/p/rhmao"
4,1685304801,Sat May 02 23:50:07 PDT 2009,NO_QUERY,lizwoolly,time to go to work  but day off tomorow 
4,1685326375,Sat May 02 23:55:17 PDT 2009,NO_QUERY,MiDesfileNegro,@emoisforluvers whole shelf!  oh and blood starts after 90 seconds. Fast forward to it 
4,1685502710,Sun May 03 00:40:47 PDT 2009,NO_QUERY,attilafarkas1,got up. Hey everyone! Whats up? I wanna go to amusement park!!!   niceday
4,1685591437,Sun May 03 01:05:53 PDT 2009,NO_QUERY,actuaria,@monkeymagicstu I can't seem to reply directly to direct messages  I fly from Stapleford.  Back again today 
4,1685678230,Sun May 03 01:31:19 PDT 2009,NO_QUERY,LAURENpoynter,"@tommcfly Ahhh, I tried. But it didn't work..  I'm knackered... but I'm seeing you guys on Tuesday, so I'm HAPPY HAPPY HAPPY  xxx"
4,1685709994,Sun May 03 01:40:54 PDT 2009,NO_QUERY,evAllTimeLow,"Wow, we have a familyof touch screens at home now =P Im getting my nano back  but I won't have the itouch nemore "
4,1685822901,Sun May 03 02:15:58 PDT 2009,NO_QUERY,Ahsoka82,trying to get along with Twitter  why I'm doing this? 
4,1685873111,Sun May 03 02:32:02 PDT 2009,NO_QUERY,Graham_Brown_,@FionaKyle  Tom sauce for me  The whole salt thing must be minefield for you 
4,1685889329,Sun May 03 02:37:08 PDT 2009,NO_QUERY,Leooniex3,sitting at home the whole morning  but i'll go for a walk with my best friend and her dogs later 
4,1685904327,Sun May 03 02:42:04 PDT 2009,NO_QUERY,Sandypop,@gillianre shoppings good though isn't it??? I'm planning on mowing the lawn  oh and buying some fish for my little pond. 
4,1686011814,Sun May 03 03:16:50 PDT 2009,NO_QUERY,FletcherXo,Watching T4  missed some of it stupid alarm didnt fo off 
4,1686057567,Sun May 03 03:31:58 PDT 2009,NO_QUERY,xoxmillyxox,@shaundiviney i won't b able to see it till tomorrow! gah!  pleeeeeaaaseeee tell!! i'll keep it a secret! 
4,1686075476,Sun May 03 03:37:36 PDT 2009,NO_QUERY,PsychedelicBabe,@rdelizo35 i misplaced the link  hit it past me again and ill go and look 
4,1686136877,Sun May 03 03:57:23 PDT 2009,NO_QUERY,FABFLAV,@iPenginBrijhe I thought I replied  booo me!!!! U come here to visit me and I will visit u there ;) 
4,1686168776,Sun May 03 04:07:27 PDT 2009,NO_QUERY,ilanacharnelle,Long walk home in the dark  remedied by the making of a double batch of chocolate brownies 
4,1686187124,Sun May 03 04:13:16 PDT 2009,NO_QUERY,rowan__,"@Mrs_Trace_Cyrus im okay sore belly  , yeah ive done my hair and make-up but still in my jammies to lol  xxx been uptoo much ?"
4,1686202212,Sun May 03 04:18:04 PDT 2009,NO_QUERY,absolut_tommy,merlin isnt as good as everyone wanted it to be  but maybe the second ep will do it justice 
4,1686371908,Sun May 03 05:08:04 PDT 2009,NO_QUERY,Kaycheer27,cheerleading competition on saturday  i have bad back pain 
4,1686488984,Sun May 03 05:39:01 PDT 2009,NO_QUERY,xrudyx,Is hopeing some of his friends get him cool shirts since he couldnt #bamboozle it like all them  ps fob. Nfg. tc!Tbs. Allong them lines 
4,1686510726,Sun May 03 05:44:16 PDT 2009,NO_QUERY,stephanie_008,@emmaclairesmyth aww i'm sure your going to miss them  Good excuse for you to go on another holiday over to New York though 
4,1686528386,Sun May 03 05:48:37 PDT 2009,NO_QUERY,adyota,"had a beauty sleep day  ugh tomorrows monday, so not ready "
4,1686549205,Sun May 03 05:53:33 PDT 2009,NO_QUERY,yellowsmoke,"not getting laptop today  however just bought it one amazon instead, and daddy bought me 3 books as well to compensate "
4,1686572934,Sun May 03 05:59:14 PDT 2009,NO_QUERY,BlazingAmy,oh and i cant wait for friday  hope i get there in time to atleast get nearish the front.  we'll bound to be near the back though 
4,1686827603,Sun May 03 06:54:40 PDT 2009,NO_QUERY,kellynnchan,"@toeslaughter is busy studying and she can't chat with me  It's alright since she's studying. All the best, bitch!  You can do it!"
4,1686851523,Sun May 03 06:59:33 PDT 2009,NO_QUERY,StiligeCecilie,Tummy hurts  Good thing mom's cooking today! 
4,1686879242,Sun May 03 07:04:58 PDT 2009,NO_QUERY,hughurl,the p-a-r-t-y is finish  NO! yet it was fun 
4,1687043088,Sun May 03 07:35:40 PDT 2009,NO_QUERY,maddisondesigns,"@Ottimisvico Nuts!!  ...and unfortunately, it's usually too hard to hide because of the smell   Ah well, there's always chocolate "
4,1687630113,Sun May 03 09:11:42 PDT 2009,NO_QUERY,raeraeverret,"Shreveport this week for 311, NOLA next week for Wills wedding...ahhh, time away from manager mode!  now off to manager mode "
4,1687936214,Sun May 03 09:57:13 PDT 2009,NO_QUERY,BellaBeautii,&amp;&amp; my throat hurts ehh :-/... I dnt want to be sick  ... Excited about tonite.. Much needed... 
4,1687973600,Sun May 03 10:02:26 PDT 2009,NO_QUERY,thepurplehawk,@boxOFjuice yeah.  Oh going to sleep liao? Night night. 
4,1688009765,Sun May 03 10:07:32 PDT 2009,NO_QUERY,AceMas21,@Emma300 I haven't  Thanks for the offer tho  I will check Amazon they are usually really good for old films
4,1688042059,Sun May 03 10:12:09 PDT 2009,NO_QUERY,DemiCO90,"Just finished work, going home to get ready to hit the town with uni mates  we've not been out together in ages "
4,1688078256,Sun May 03 10:17:16 PDT 2009,NO_QUERY,Mia_xO,Shopping Againn  Got Rong Size Shoes Tho  Goin 2 Cinrema Wit my Niece 4 HM ... Ttyl xxx
4,1690832844,Sun May 03 16:28:59 PDT 2009,NO_QUERY,EricWelander,work work work  and procrastinating with twitter 
4,1690908358,Sun May 03 16:39:18 PDT 2009,NO_QUERY,Joeysmiles,@ilyriley no school either today  Except I feel sickies 
4,1690943735,Sun May 03 16:44:10 PDT 2009,NO_QUERY,Twinzcuties1992,@kend_ohh  okay  that's good! oh and you missed an AMAZING concert last night. i wish you were with us 
4,1691743313,Sun May 03 18:31:01 PDT 2009,NO_QUERY,Lynn330,@niallok yep  but time for rounds now 
4,1691784756,Sun May 03 18:36:12 PDT 2009,NO_QUERY,_Sandra_Miller_,Finishing up a quick break-a-roo  Hyper from cold meds -  - Means no decent sleep tonight as it is bed-time now!  LOL!
4,1692097242,Sun May 03 19:16:13 PDT 2009,NO_QUERY,sebby_peek,"@amazingphoebe i emailed you baby  eeek, i'll call you tonight yes "
4,1692333211,Sun May 03 19:46:14 PDT 2009,NO_QUERY,eightbitss,"@panacea81 ohh, nice  i'm cuorious. now it's time for me to sleep, school in 8 hours  nighy nigh, talk 2 you soon "
4,1692958043,Sun May 03 21:11:51 PDT 2009,NO_QUERY,HeyCameron,"@despairxfactor He's my newest one  The other two are rescues, they're previous owner beat them  (Dum Dum is only 3 months in that pic)"
4,1693178113,Sun May 03 21:46:51 PDT 2009,NO_QUERY,TwilightilDawn,@meghannian  Sorry yes I was a little frustrated for being blocked  oh well tomorrow will be a better day  Good night
4,1693267481,Sun May 03 22:02:00 PDT 2009,NO_QUERY,khouryrt,"@sloanb all's fine in Dotsisx-land  Lab, lab, lab. Some blogging, some sleep, some food. My ankle is hurting though now "
4,1693296416,Sun May 03 22:07:07 PDT 2009,NO_QUERY,MizzSnickerzxo,I Am The Biggest Idiot EVAH. It Was Under MY Butt. Kennedy Is Laughing Her Ass Off  Jk.  Meh Feels In The Mood To Read&amp;Write.Peaceee. 
4,1693559513,Sun May 03 22:57:15 PDT 2009,NO_QUERY,_Unica_,Sweeeet Sunday..nighty night  ohh and uh no $$ left. 
4,1693653575,Sun May 03 23:16:58 PDT 2009,NO_QUERY,qiqi_chan,"Headache too. Plus the renovation noises upstairs is killing me  Anyway, Bali pictures are all uploaded to Facebook. Total of 355 pics "
4,1693676870,Sun May 03 23:22:07 PDT 2009,NO_QUERY,meldrum83,@happyhammer66  yip!! typical bank holiday weather lol alright for some getting to sneak off early  at least i get [aid alot today 
4,1693896863,Mon May 04 00:12:34 PDT 2009,NO_QUERY,butterfly4756,Is finally in bed hair looks amazing gotta look good for my dreams ;) never know who will be in them  Jermy on one knee...ok maybe not 
4,1693937588,Mon May 04 00:22:41 PDT 2009,NO_QUERY,franzne,@DavidArchie please make my day..  hope you could reply just a simple &quot;hi&quot;. i would totally be happy for the rest of the year. 
4,1694107135,Mon May 04 01:06:58 PDT 2009,NO_QUERY,26Neil,: I love camp fires  I just wish the kids would try a bit harder to sing along 
4,1694108124,Mon May 04 01:07:14 PDT 2009,NO_QUERY,eBlondie,"it's raining here  i'm stuck inside working today so i'd probably be peed off if it was sunny outside, i'm now ok with the rain "
4,1694145120,Mon May 04 01:17:26 PDT 2009,NO_QUERY,vas_popovski,Well. . . the beginning of a new week and guess where I am. . . at the office  4more days till Friday. . .    
4,1694162390,Mon May 04 01:21:59 PDT 2009,NO_QUERY,vickytnz,"OK, a few days old, but I love @armarno's diagram of the mainstream adoption curve http://is.gd/ufIg . &quot;Everyone is doing it&quot;   ...  !"
4,1694163210,Mon May 04 01:22:12 PDT 2009,NO_QUERY,atomicgirl,And the sun is back up again.  Could we have more of the kind of weather we had last January and February? I like jackets. 
4,1694200876,Mon May 04 01:32:11 PDT 2009,NO_QUERY,miss_mallinson,"me 10 - 630, andrew 8 - 4. No idea about the rest, I think it was Ben and Princeton which could be fun  lol I'm going to be late "
4,1694294199,Mon May 04 01:58:11 PDT 2009,NO_QUERY,JODPOD,Great long-weekend so far   Going for a run now - no Judo tonight  Then off to Blue Water for some &quot;Retail Therapy&quot;
4,1694311534,Mon May 04 02:02:41 PDT 2009,NO_QUERY,MattJarryAstley,"Its a real shame that its not nice and sunny outside, it would of been nice to have another BBQ  NVM.... "
4,1694400230,Mon May 04 02:27:23 PDT 2009,NO_QUERY,unwritten_99,@RubyRose1 you must love sydney more  dont leave us sydney kids  xx
4,1694473633,Mon May 04 02:47:25 PDT 2009,NO_QUERY,ithappenedin91,@david_henrie http://twitpic.com/4jbsq - looks so good!!  i want one!! 
4,1694552475,Mon May 04 03:08:26 PDT 2009,NO_QUERY,Roxanne1977,"@alandavies1 Raining in Belfast too - and I promised myself I would clean my windows today.  Back to bed, then! "
4,1694607515,Mon May 04 03:23:09 PDT 2009,NO_QUERY,measured,"@patently and yes, I have seen your comment and yes, I did have the right answer.  I'll get over it. "
4,1694628019,Mon May 04 03:28:25 PDT 2009,NO_QUERY,Piewacket1,@Vixster25 Internet 1 drawing 0 ....damn I'm backing up blackberry files which could take hours  then to the drawing preps done 
4,1694859674,Mon May 04 04:23:42 PDT 2009,NO_QUERY,dontknowaskjoe,@Ashika_Sunshine  I figured that... But I ended up taking my cousin to work in the Rain anyway...    But hit me up 
4,1695001901,Mon May 04 04:53:16 PDT 2009,NO_QUERY,Meliciousx3,got an A in english again  yay..  but a D- in maths 
4,1695054186,Mon May 04 05:03:19 PDT 2009,NO_QUERY,Amyoleary1,@Rhonddalad yeah hun it was a good night  my ankile is even more fucked now tho 
4,1695376423,Mon May 04 05:58:58 PDT 2009,NO_QUERY,weecoco,Oh joy I've to open the changing rooms tomorow  well maybe it will let me catch up on my Reading at least 
4,1695580282,Mon May 04 06:28:48 PDT 2009,NO_QUERY,iAmMouse,"Just got out the shower, Sitting on my towel  I Hate TwitterBerry I Can't Reply To Tweets "
4,1695803324,Mon May 04 06:59:01 PDT 2009,NO_QUERY,raihanamcfly,@DavidArchie MCFLY?!!  Aren't they the best band ever? I wish I were there to watch the concert. Singapore isn't a place they'd tour. 
4,1695884585,Mon May 04 07:09:34 PDT 2009,NO_QUERY,PaulHarriott,"@mcherrywv Yes I know  as my school reports would say 'must do much better' Ah well, just in time huh  http://myloc.me/tHq"
4,1695924879,Mon May 04 07:14:47 PDT 2009,NO_QUERY,nisaho,"@raihanamcfly LOL! salivary gland?? frm those little flies?? no way!  alison=drama queen  oh no, ur brain hurts? a new brain is growing!"
4,1695964314,Mon May 04 07:19:44 PDT 2009,NO_QUERY,svanakei,@mileycyrus http://twitpic.com/4fzo7 - you both have so beatiful eyes  i wanna have them 
4,1751919256,Sat May 09 20:36:06 PDT 2009,NO_QUERY,bakerboy864,whoops...  not  in my last tweet
4,1752322414,Sat May 09 21:36:37 PDT 2009,NO_QUERY,mytimeishere,@TheWayIRoll HIII!!!!  i've missed you  just bored....what about u?
4,1752322579,Sat May 09 21:36:39 PDT 2009,NO_QUERY,brantim,@rustycoon Edgefest!  or maybe  since you're driving...
4,1752382859,Sat May 09 21:46:22 PDT 2009,NO_QUERY,nabejero,@AlohaZen do u hav a garden? bunny probs r decidedly uncool.   thanks 4d link! 
4,1752414405,Sat May 09 21:51:34 PDT 2009,NO_QUERY,chloeyeh27,"tired and didn't really have an exciting Saturday.  oh well, hope it's better tomorrow.  "
4,1752800292,Sat May 09 23:02:01 PDT 2009,NO_QUERY,Claire_inLaPush,@Bella_in_Forks ::static:: I know! I've barely seen anyone since I got into Paris yesterday.  I've just been walking around.  ::static::
4,1753050282,Sat May 09 23:56:35 PDT 2009,NO_QUERY,droidgeek,"ok twitter fam.. my mom has plans for tmrw that dont include me  but i still have errands to run in the early morn, so nighty nite all "
4,1753178722,Sun May 10 00:27:20 PDT 2009,NO_QUERY,tikitik,"@disang iya, nyokap gue pernah berkata demikian  :-|  and it's so hard to share what we have"
4,1753254833,Sun May 10 00:46:52 PDT 2009,NO_QUERY,urbanfly,@shaki_sm I'll have a look. Do you live in the centre of Glasgow? I was born on Bellshill &amp; grew up in Bothwell. I miss Tunnocks pies  
4,1753257239,Sun May 10 00:47:31 PDT 2009,NO_QUERY,caityyyyyy,@anieszkaa haha i did a ltiitle bit yesterday and ive been out all day  so i think ima chick an allnighter  hahaha NOT COOL
4,1753467006,Sun May 10 01:47:01 PDT 2009,NO_QUERY,Ask_About_Brie,phone was acting crazy today so i missed all my tweeties' updates  but i fixed it 
4,1753467748,Sun May 10 01:47:15 PDT 2009,NO_QUERY,Genever,Ed is off to Cornwall with school for a week confused   + 
4,1753484725,Sun May 10 01:52:26 PDT 2009,NO_QUERY,AlexRoseDavis,Why do people have 2 be so deceitful and unreal?  But my love for Steve Jones and Channing Tatum has been renewed lol...their soo nice 
4,1753500255,Sun May 10 01:57:22 PDT 2009,NO_QUERY,ThinCasey12,@djmoonlight Yay! I dont have one  lol All of my clothes go in draws... I dont have many and I need a place for my high heel shoes 
4,1753567260,Sun May 10 02:17:15 PDT 2009,NO_QUERY,brightondoll,"sorry to hear that  It's going okay, just tweeting away  @ashleylovegood"
4,1753647102,Sun May 10 02:41:57 PDT 2009,NO_QUERY,ficklampa,"@wendy_fred6 It's REALLY cool! No, I'm on a PC now, I don't have a Mac  well I do but it's ooooooooold  I do have an iphone tho "
4,1753665900,Sun May 10 02:47:53 PDT 2009,NO_QUERY,oOclairebearOo,...and a big bag to take up as well as a rain coat. This is the bad part about having to places to live  Twitter Later  xxx
4,1753678185,Sun May 10 02:51:55 PDT 2009,NO_QUERY,BoydyxO,sunnn finnalllyyy!!  aint slept :| need some sleep 
4,1753885287,Sun May 10 03:57:33 PDT 2009,NO_QUERY,khierah,"Happy mothers day  ugh sick...school tomorrow  watched E!News, keeping up with the kardashians and dreamgirls "
4,1753919190,Sun May 10 04:07:37 PDT 2009,NO_QUERY,PoynterJones,@Tiffanta I already did that this morning   McFLY have no chance to win though 
4,1753953808,Sun May 10 04:17:39 PDT 2009,NO_QUERY,catiams,@sharlynnx me too! but i guess it wont arrive before two-five weeks  have you ordered yours? 
4,1753972152,Sun May 10 04:22:58 PDT 2009,NO_QUERY,Rachel_Jade,@thegrates How did yous like maitland? lol. I loved ur set  but i lost my necklace that my bf gave me for valentines during  take care x
4,1754079802,Sun May 10 04:53:10 PDT 2009,NO_QUERY,elenaaaaaaa,i'm dreading tomorrow. tests all day for 5 hours  hopefully my mcfly dvd will come so i can watch it after school 
4,1754137296,Sun May 10 05:07:52 PDT 2009,NO_QUERY,iterations,@tvtongeren Welcome to the club of 30somethings  to which I unfortunately don't belong any more ... 
4,1754138159,Sun May 10 05:08:05 PDT 2009,NO_QUERY,sudarvizhi,the day went  boring so far ....  i think i need a vacation again  
4,1754159542,Sun May 10 05:13:22 PDT 2009,NO_QUERY,Sheenagerrard,"@IrishLad585 Yeah going home for Summer on Thursday, need to get a job and make some money!  Enjoy your day! "
4,1754181103,Sun May 10 05:18:40 PDT 2009,NO_QUERY,little_Stargirl,@steveappleton Steeeve xD Just found out you were on german TV x) And i missed it  You gotta come back 
4,1754201012,Sun May 10 05:23:29 PDT 2009,NO_QUERY,MandyVu,"@Kryzelle15: no, i am the one who have to sorry!!    can i have ur Y!M?? so we can chat easier! "
4,1754402606,Sun May 10 06:08:48 PDT 2009,NO_QUERY,Angelicajoy,"im not jst tan ryt now..eiw..m dark &amp; my back s swollen,myt b bcuz of d salt sea water or myt b d chlorine of d pool  bt stil its FUN! "
4,1754498410,Sun May 10 06:28:45 PDT 2009,NO_QUERY,KimmiMcfly,"@jamiemcflyx no.  if they're doing arena tours in november, then I'm going! no doubt about it  you? xx"
4,1754653249,Sun May 10 06:58:39 PDT 2009,NO_QUERY,VixieManic,Hopes you feel better soon ...   You need a sexy nurse ot make you all well again....*looking for nurses outfit*.. 
4,1754909625,Sun May 10 07:44:13 PDT 2009,NO_QUERY,acousticjam1,I have a twitter account!   i have no friends though 
4,1754935972,Sun May 10 07:48:42 PDT 2009,NO_QUERY,pinkamech,Good night earthlings. Happy Mother's Day!  Its monday tommorrow &amp; school 
4,1754938910,Sun May 10 07:49:13 PDT 2009,NO_QUERY,nesquicus,"@Anne_A4L  yeah I had to see my parents  they made a sunday roast, haha..  i spent the morning with annie in cafe Nero all is well "
4,1755091325,Sun May 10 08:14:00 PDT 2009,NO_QUERY,stephanielily,"@sandyhc83   It'll be a beautiful wedding though, indoors or out, rain or no rain, because of all the love and happiness!! "
4,1755092327,Sun May 10 08:14:09 PDT 2009,NO_QUERY,ladyn307,Just ate my tasty dinner  Trying to upload a pic on this twit but keeps sayin it too big 
4,1755124712,Sun May 10 08:19:24 PDT 2009,NO_QUERY,lonemat,"@hanaames I'd like to be lazy but they keep on making me wake up at 7am  But I do get two afternoons off a week, so not quite a job "
4,1755314094,Sun May 10 08:49:13 PDT 2009,NO_QUERY,durangodawg13,@Jazzled4life whaaaat!   This is why next time I have to be there too so you both will be forced to take crazy pics.  
4,1755413167,Sun May 10 09:04:34 PDT 2009,NO_QUERY,AaronTheKaiser,is going for a run  before work! 
4,1755575461,Sun May 10 09:29:29 PDT 2009,NO_QUERY,laurennwells,sickk workk.  then grammas with the fam [including carsonn] greatt.  but happy mothers dayy 
4,1755608533,Sun May 10 09:34:25 PDT 2009,NO_QUERY,KelsiRose,@jeweljk  The Roxy...I wish!!!!!       Have fun!  
4,1755673532,Sun May 10 09:44:17 PDT 2009,NO_QUERY,RowanHeaphy,"@indiechiq ya it is! u'll turn into some celeb stalker tho! restraining order like, haha.. exams are ok, awful one 2moro  out tuesday?? "
4,1755772306,Sun May 10 09:59:21 PDT 2009,NO_QUERY,oh_btw_porscha,bleh i feel like shit again  stupid sinuses! but leaving for brunch soon with mommy and my brother yay 
4,1759125402,Sun May 10 18:31:06 PDT 2009,NO_QUERY,Tayzor,Heading back to LA from Santa Cruz!  But looking forward to Vegas next weekend! 
4,1759200224,Sun May 10 18:41:13 PDT 2009,NO_QUERY,Glossophobia,"@mclamb4life2 I went there for work experience, LOL. Well it was lovely talking to you ;) I have school soon  I hope we can talk later! "
4,1759274147,Sun May 10 18:51:11 PDT 2009,NO_QUERY,purepulse64,Up in NorCal  Bye SoCal 
4,1759348120,Sun May 10 19:01:03 PDT 2009,NO_QUERY,rachellllx,great weekend! again!  school tomorrow though 
4,1759465607,Sun May 10 19:16:20 PDT 2009,NO_QUERY,Asheyna,"@nickb Thanks for the link, sorry to hear ya feel yucky   Grats on the @alltop thing "
4,1759538921,Sun May 10 19:26:11 PDT 2009,NO_QUERY,canskates,hey!!!!  lol i dont want to go to school tomorrow!  but...... i get to wear my new clothes!!! yay!!! 
4,1759542071,Sun May 10 19:26:37 PDT 2009,NO_QUERY,wayneswan,"Well, looks like I got the numbers all wrong... again  BUT (drumroll) there's actually an extra 250 Billion to be spent before July! "
4,1759856547,Sun May 10 20:06:48 PDT 2009,NO_QUERY,Britta2,@righteousjorge i moved to lancaster  i kow far. but i like it. nothing to complain about 
4,1759967171,Sun May 10 20:21:27 PDT 2009,NO_QUERY,shainajohnson,Sitting here feeling slightly lonely ...    But talking to @SuperDuperShort !!   &lt;3
4,1770651616,Mon May 11 21:53:14 PDT 2009,NO_QUERY,xxshannen,"i didnt go to abbis dinner, i sleep all afternoon and wake up too late to go  But i did go to samanthas birthday lunch, was good though "
4,1771233276,Mon May 11 23:38:26 PDT 2009,NO_QUERY,iAM_AshleyMarie,So I was kinda feeling  but realized its all a state of mind &amp; I took @iamwaveyk advice: turn ur frown upside down! I am greaT 
4,1791602739,Wed May 13 20:35:05 PDT 2009,NO_QUERY,roughlyfamous,"Revising for Veterinary A + P exam friday  I hate exams, I love animals "
4,1791741221,Wed May 13 20:58:14 PDT 2009,NO_QUERY,twi_obsessed_xo,"#Rpattz aw, in canada.. rob's birthday is about 2 end in 3 mins  NOOOOOOOO. Well Nikki's birthday is this sunday ! "
4,1792325742,Wed May 13 22:48:44 PDT 2009,NO_QUERY,ShanaraLee,im making baked potato for tea  after i do my dishes 
4,1792769607,Thu May 14 00:11:04 PDT 2009,NO_QUERY,lucyyvan,Really bad cold  I get a day off school thou 
4,1792892190,Thu May 14 00:36:26 PDT 2009,NO_QUERY,berryfudge,@DavidArchie Why do u feel dumb?   You're the best singer out there ya know! 
4,1792961583,Thu May 14 00:51:25 PDT 2009,NO_QUERY,missmonica92,@UseTrojan aww man i heard! you guys suck for going all late  &amp;&amp; no she didnt but i heard about it lol go tomorrow i work with april 
4,1792984597,Thu May 14 00:56:32 PDT 2009,NO_QUERY,its_Dani_x,damn i woke up too late now i have 5 mins for coffee  but its my birthday tomorrow  #mcfly
4,1793140987,Thu May 14 01:31:50 PDT 2009,NO_QUERY,StampfliTurci,@billingtonart I felt the same way as the weather is the same here  
4,1793159537,Thu May 14 01:36:14 PDT 2009,NO_QUERY,Nika_woop,YAY! RETURNED FROM SICKNESS!  I was out of school for 3 days. Missed Chloe. 
4,1793225984,Thu May 14 01:51:58 PDT 2009,NO_QUERY,Danishbrunette,"@gfalcone601 I missed the party  all the fun I missed out on. Bummer. But at least, no hangover  haha"
4,1793290655,Thu May 14 02:07:04 PDT 2009,NO_QUERY,boardyuk,"@Jefner Thanks for the welcome  I hope it does too, it should be fine but I gotta speak on it too "
4,1793374793,Thu May 14 02:27:01 PDT 2009,NO_QUERY,ochanya,@babysaffy boo  well its nearly the wkend! 
4,1793459331,Thu May 14 02:46:37 PDT 2009,NO_QUERY,anna_bananaxx,@jamesmiller123 its friday tomorrow  yesssss! got a science project due though  gay! how r u? xxx
4,1793481936,Thu May 14 02:51:50 PDT 2009,NO_QUERY,Tasha_MCFLY,"@tommcfly Arwhh, feel better soon (Y) JLC wont be the same tonight though  I am in food tech atm ;) weeeheeyy  have a lovely walk. x x x"
4,1793503651,Thu May 14 02:56:54 PDT 2009,NO_QUERY,Jenarooo,@mileycyrus theres such thing as chocolate covered skittles? :-o how cool.why doesn't ireland have them.  your amazing btw.  love jen. x
4,1793569948,Thu May 14 03:11:49 PDT 2009,NO_QUERY,aashna14,"@ddlovato hey, how are u? the last days of school are coming up.  then the exams :S and then summer "
4,1793571446,Thu May 14 03:12:10 PDT 2009,NO_QUERY,georgyy,"i have a very lonely life and search desperately for friends  ahh i kid, i just get bored easily  #WhyITweet"
4,1793613909,Thu May 14 03:21:52 PDT 2009,NO_QUERY,DjTad,"Just found out that I got exams in History n Philosophy, n Politics n Human rights... Sort of sad  But also sort of glad "
4,1793752966,Thu May 14 03:52:18 PDT 2009,NO_QUERY,inlovewithsteff,"@mandeev I can't go today.  Give them my love, I'll see you guys soon.  Ily!"
4,1793828618,Thu May 14 04:07:32 PDT 2009,NO_QUERY,Sikita,Is SO GLAD that Pau's operation went well!  my poor little boy 
4,1793933260,Thu May 14 04:27:35 PDT 2009,NO_QUERY,slmc17,@lrlee But I want to flaunt it. It makes me feel superior... and I like that!  besides I already have it on stanza. Can't get into it 
4,1793959439,Thu May 14 04:32:26 PDT 2009,NO_QUERY,Amme14,bored bored bored  what can I do???  later:soccer time  but now bored 
4,1793985425,Thu May 14 04:37:11 PDT 2009,NO_QUERY,lynokelly,"@fatbottomed Y  I'm picking it up tomorrow though, hopefully "
4,1794160128,Thu May 14 05:07:07 PDT 2009,NO_QUERY,moniters,says it's a roller coaster ride...  and  http://plurk.com/p/tr7m4
4,1794542414,Thu May 14 06:02:47 PDT 2009,NO_QUERY,cnansen,@BernajeanPorter But our Supt won't let us bring laptops to admin meetings anymore  (Talking about when time moves VERY slowly...) 
4,1794661506,Thu May 14 06:18:04 PDT 2009,NO_QUERY,jenxer,@clickwindrepeat she has a bald spot on her back that she won't leave alone.    @ChiefDork whipped up the piece of couture.  
4,1794782830,Thu May 14 06:33:00 PDT 2009,NO_QUERY,zoezf,@enzopilarta kakaasar kasi eh! puro cliffhangers  ok lang yan... I have one more finale to look forward to! GOSSIP GIRL! 
4,1794783941,Thu May 14 06:33:08 PDT 2009,NO_QUERY,DecreeNisi,"@kimberley_ You're welcom  I'm off to bed, feel dead "
4,1794908642,Thu May 14 06:47:50 PDT 2009,NO_QUERY,ChaosAD,@kittenmeow Awwww  *hugs* At least you've got Monkey to look after you! 
4,1795316471,Thu May 14 07:33:19 PDT 2009,NO_QUERY,lauradawg,"@Lynne90 aw you should!  I'm so annoyed though, Tyra is always so biased &amp; I've hated all the winners apart from cycles 3, 5, 6 and 7 "
4,1795505603,Thu May 14 07:53:26 PDT 2009,NO_QUERY,paramountcoffee,My coffee got cold before I could drink it  I bet I can find more though!! 
4,1795603452,Thu May 14 08:03:29 PDT 2009,NO_QUERY,BeebeONE,"@AmandaSueki I totally lost the bet, and to make it worse he called to gloat  I think Kris has it in the bag "
4,1822323038,Sat May 16 19:18:34 PDT 2009,NO_QUERY,singstar33,@ladybug_155 It's the best..no real ONE meaning..punctuation makes it different! i.e. Booga?  BOOGA!   Booga!   BOOGA?! o_O
4,1823049112,Sat May 16 20:59:50 PDT 2009,NO_QUERY,gabbyirl,Star trek with oats. Yessss  not empty 
4,1823188277,Sat May 16 21:19:43 PDT 2009,NO_QUERY,guiltfeeder,@Keinessish Yeah but I kind of forgot about it. ._. *fail* Can you explain it to me again?  Please? 
4,1823383755,Sat May 16 21:49:42 PDT 2009,NO_QUERY,MichaelSeriosa,Who's all going 2 EDGE with me 2nite?  maybe next time cuz my guestlist is full  RSVP next week ;D
4,1823386804,Sat May 16 21:50:10 PDT 2009,NO_QUERY,Yushimi,@KraseyBeauty omg. Lucky bum  Canada always miss out awesome events like those. Lolz keep us up to date tmr 
4,1823417596,Sat May 16 21:55:08 PDT 2009,NO_QUERY,YarielaNolasco,Haha scary movie is on mtv  but I can't watch it gotta wake up early tomorrow 
4,1823737419,Sat May 16 22:49:49 PDT 2009,NO_QUERY,pickleling,whooooooa.. i just got one  this is weird! :] i kinda like it  studying for finallsl... 
4,1823843779,Sat May 16 23:09:59 PDT 2009,NO_QUERY,Esiya_ceecee,saw moraa!  but is dreading a study filld term 
4,1823846837,Sat May 16 23:10:33 PDT 2009,NO_QUERY,kayfras,"Soooo, song of my night - beep  by bobby v.  I miss my mommy.  . But i will be w/ her in the a.m . Jimboy's was on hit tonight !"
4,1823872330,Sat May 16 23:15:36 PDT 2009,NO_QUERY,mbn333,so ya i try to get every thing i can in every game  me no life but i like playing 
4,1824066111,Sat May 16 23:55:32 PDT 2009,NO_QUERY,i3layne,no lake today.  how sad. graduation tomorrow... picking out paint colors on Monday!!! 
4,1824090227,Sun May 17 00:00:39 PDT 2009,NO_QUERY,LoonyBookworm,"good morning  I love sundays, but there is one thing about them I don't like.. Sunday... just one day away from monday "
4,1824110620,Sun May 17 00:04:55 PDT 2009,NO_QUERY,mallyvu,My internet's not working!  text me 
4,1824222846,Sun May 17 00:30:06 PDT 2009,NO_QUERY,laurenlivesloud,"mi chico de casa es alive, i feel better now about not being able to sleep  @expressjam, thanks for falling asleep on me buddy "
4,1824245509,Sun May 17 00:35:12 PDT 2009,NO_QUERY,lalaATROPHY,w00t I got a 94   the teacher liked what I said in the forum but scolded me for slacking on the subject   I need to step it up 
4,1824267478,Sun May 17 00:40:24 PDT 2009,NO_QUERY,braddunc,@amandapalmer shame you don't have any XXL sizes. my gut is regretably a bit bigger than it should be  but I love you anyways 
4,1824307519,Sun May 17 00:50:05 PDT 2009,NO_QUERY,Stylist2U,@Duckie_Brown Whyyy you leavvvinng mii Rubbie Duckie?  kk If you must go nite nite luv muffin don't let the bed bugs bite 
4,1824389037,Sun May 17 01:10:16 PDT 2009,NO_QUERY,MsKelz7,"@RunwayJ I definitely wanted to go to the beach today, but had to check out my residents and finish editing  Maybe next week "
4,1824390290,Sun May 17 01:10:35 PDT 2009,NO_QUERY,kasey79,"@InLuvwithJON LOL, yah we don't need you orange for Tinley  You are lucky that you are able to tan, it sucks being as pale as we are "
4,1824466882,Sun May 17 01:30:28 PDT 2009,NO_QUERY,Helenvking,"Oh dear, hangover time, far too much to drink of everything last night  Was a good night though "
4,1824582042,Sun May 17 02:00:48 PDT 2009,NO_QUERY,orange_unicorn,Aw  can't believe I actually missed eurovision. And the UK done better than the tragic last couple of years! Yey 
4,1824583183,Sun May 17 02:01:06 PDT 2009,NO_QUERY,MiraCraigFan,"Goooood morning! hahahaha  Just woke up!  I have such an ache in my throat...!  hahahah, well hope it gets better..! Whatsup!? "
4,1824694070,Sun May 17 02:30:52 PDT 2009,NO_QUERY,Geoff_Itz,Amazing night with amazing friends. I already miss last night.  Congrats Colleen and Eric. Love you all!  Now to pass out... ZzzZzz :]
4,1824714457,Sun May 17 02:36:20 PDT 2009,NO_QUERY,Anna_McB,Still sick...i've no voice  quite enjoyed eurovision last nite...and UK did well  best bit was natalie and aiden from BGT though....
4,1824733825,Sun May 17 02:41:25 PDT 2009,NO_QUERY,roo_roo,eurovision time  too bad its been spoilt for me 
4,1824768486,Sun May 17 02:50:51 PDT 2009,NO_QUERY,Jessomething,@DebbieFletcher Good Morning  How r u today?lol i want bac to brasil but i can not 
4,1824806576,Sun May 17 03:01:06 PDT 2009,NO_QUERY,molly_mcinnes,"@vickicla They were all gone before I read it  , getting the recipe back though "
4,1824843992,Sun May 17 03:11:16 PDT 2009,NO_QUERY,FranKane,Just Finished Sunday Poptart  Going For Shower - Got Dancing Later And I Really Can't Be Bothered - Picturesss 
4,1824881780,Sun May 17 03:21:18 PDT 2009,NO_QUERY,Ashleighh12,Heyyyyy Guys  bit of a hangover   but a actually feel quite energetic lol WEIRD! x
4,1824881824,Sun May 17 03:21:18 PDT 2009,NO_QUERY,faiznurdavid,@chevale hell yeahh! hahaha! oh really?  be strong girlll! haha. enjoy urself! so whats for dinner? 
4,1824900846,Sun May 17 03:26:40 PDT 2009,NO_QUERY,annasf94,Eurovision....  Spain very bad song..... Andthe winner is....NORWAY!!! 
4,1824936900,Sun May 17 03:36:18 PDT 2009,NO_QUERY,gche101,I'm bored.  What are you guys doing? 
4,1825044838,Sun May 17 04:05:49 PDT 2009,NO_QUERY,staffordbestbuy,Softball game tonight cancelled...  To many stores have RZ events. Mark that up as another &quot;W&quot; for us! 
4,1825239963,Sun May 17 04:56:30 PDT 2009,NO_QUERY,Chibi_DaniDeath,@becky_mcr_ninja same same  are u keeping the cliffhanger ending? 
4,1825305417,Sun May 17 05:11:53 PDT 2009,NO_QUERY,jennifer_rose1,going to work soon  but off at two!! then nappp!!  BF coming over tonight  &lt;3!! xox
4,1825367967,Sun May 17 05:26:24 PDT 2009,NO_QUERY,Schattenwolf,"@suzziequeue hey, cool  but they havent got much songs from my favorite band "
4,1825585274,Sun May 17 06:12:21 PDT 2009,NO_QUERY,Angel_Christine,@thomasfiss what what  i feel dumb now 
4,1826004739,Sun May 17 07:27:28 PDT 2009,NO_QUERY,Jebatron,@kimberley_ was a good dream  then got woken up by phone  dammit.
4,1826005412,Sun May 17 07:27:35 PDT 2009,NO_QUERY,loladawny,has hanami with japanese class today  is said because maia's not gonna be there 
4,1826035674,Sun May 17 07:32:22 PDT 2009,NO_QUERY,BlondieinBlue,"@SlateinGray O.O... Bunnies?!?  I love bunnies! Can I have a bunny? Can I? I'm allergic to dogs, so I can't have a puppy. "
4,1826419452,Sun May 17 08:28:04 PDT 2009,NO_QUERY,taluta,"@PsychicVeg He is fine thx  Weather bn really hot &amp; weird last couple of days, but a nice cold wind has broken that. Humidity will suck "
4,1827124307,Sun May 17 10:02:38 PDT 2009,NO_QUERY,MiraCraigFan,I am boored!  I want to do something hahahah 
4,1827407564,Sun May 17 10:38:46 PDT 2009,NO_QUERY,Miriam70,"And I missed my fave singer B. Adams in Hamburg this Thursday, tears. Read to late about the gala in Hamburg  hope for a new show soon "
4,1827542596,Sun May 17 10:56:02 PDT 2009,NO_QUERY,limeice,"@Spitphyre I totally lurve them myself Ree, though they're a bit snug around my waist  Thanks for the dose of enthu! "
4,1827600064,Sun May 17 11:03:08 PDT 2009,NO_QUERY,chelseasmile__,@iamtherumour_ annnie babes!  i have to revise for busman  give me sympathy. hahaha
4,1827601176,Sun May 17 11:03:15 PDT 2009,NO_QUERY,courtSchenkl,@pepperlive...must have been a gnarly ny show....no tweets from you guys this morning  hahaha....have a blasty blast tongiht 
4,1827690242,Sun May 17 11:14:34 PDT 2009,NO_QUERY,AnoukAgterberg,bonjour mes petites ami(e)s  je ne suis pas libre ce soir  okay what i'm tryin to say is that i have to learn french for tomorrow xD
4,1827722213,Sun May 17 11:18:33 PDT 2009,NO_QUERY,christinaax0,is out  then work 
4,1827787287,Sun May 17 11:26:47 PDT 2009,NO_QUERY,kajsastaaf,School tomorrow  But only 3 days of school this week 
4,1827819716,Sun May 17 11:30:49 PDT 2009,NO_QUERY,meganfrielx,tired  but i cant miss lost.... coffeeeeeeeeeee!  xo
4,1827871029,Sun May 17 11:37:14 PDT 2009,NO_QUERY,mckyliecooper, Uhm.. science! -.- Verrrry boring and LONG  Grrr.
4,1827878694,Sun May 17 11:38:12 PDT 2009,NO_QUERY,mckyliecooper,@rileykendrick  Uhm.... science! Verrry boring and LONG  Grawrrrr.
4,1828002941,Sun May 17 11:53:30 PDT 2009,NO_QUERY,stephanne730,is studying!!  but only three more half days of school!! 
4,1828053716,Sun May 17 11:59:50 PDT 2009,NO_QUERY,DannieLovesYou,"@jojo_ponedandco ooh, yay!  It's not terrble?  lol"
4,1832351836,Sun May 17 20:40:24 PDT 2009,NO_QUERY,bartelbee,watching zathura  then gonna do some math homework 
4,1832355433,Sun May 17 20:40:42 PDT 2009,NO_QUERY,norys,"Had a great time at BQ at Jeff's new house in Gilroy! Beautiful home but it sure was a HOT, HOT, HOT, day!  I am still sweating. "
4,1833545853,Sun May 17 23:38:11 PDT 2009,NO_QUERY,TynzBoomPow,"Cried in school just now cos of Math results  Hate crying in public. Got 1st in class for English, though "
4,1833627011,Sun May 17 23:54:36 PDT 2009,NO_QUERY,Brenna_Bee,off home no where i shall go straight bak to bed  i feel icky 
4,1833645116,Sun May 17 23:58:18 PDT 2009,NO_QUERY,Houxdomm,should stop waking up at 4  get to see sarah today  i think someones messed the keys up. gonna see who my real friends are today as well
4,1833657762,Mon May 18 00:00:39 PDT 2009,NO_QUERY,karina_rod09,wow I need to update more often I dn't have the net at my place  I'll get it soon 
4,1833765856,Mon May 18 00:22:57 PDT 2009,NO_QUERY,edsouza5,@8leo  There is always a next time 
4,1833772652,Mon May 18 00:24:27 PDT 2009,NO_QUERY,nicwinton,I'm on a bus again!  ohgod I remember why I don't like coming home at this time... cramped friend 
4,1833793889,Mon May 18 00:29:02 PDT 2009,NO_QUERY,rebeccaRAWR,bored  and tired. and ill. and have exams all week. not good  i'm so glad i'm seeing cobra saturday to make up for the shit week  &lt;333
4,1833896333,Mon May 18 00:51:12 PDT 2009,NO_QUERY,mmmitsryan,im all stuffed up!  we should do something tommorow. lets go play frisbee and go on a walk and just relax! i think the answer is yes! 
4,1834000590,Mon May 18 01:14:47 PDT 2009,NO_QUERY,6_natz_9,:-O i cant even get ma ebooks!!! first bebo and now this  college truley is the workst :-| hopefully get this job an then im outta here 
4,1834010883,Mon May 18 01:17:08 PDT 2009,NO_QUERY,Paddiirl,@ErEf Yay for Chuck!  Half boo for Sarah Connor's death 
4,1834029970,Mon May 18 01:21:25 PDT 2009,NO_QUERY,DaveParris,"Monday morning and back to work  Not to worry, bank holiday next Monday and off to Disneyland Paris with the family "
4,1834037728,Mon May 18 01:23:14 PDT 2009,NO_QUERY,EtherGirl,I'm home alone!!!  But I gotta study!  Lets Git it!!
4,1834052289,Mon May 18 01:26:45 PDT 2009,NO_QUERY,LaurenDockrell,@huntermoore  why thank you..idk how to send messages on here 
4,1834088571,Mon May 18 01:35:05 PDT 2009,NO_QUERY,heyimjess,Revising for maths that starts in about 3 hours  Cadburys Hazelnut Brunch Bar 
4,1834124083,Mon May 18 01:43:16 PDT 2009,NO_QUERY,laurax4trees,"I'm going to bed.  It's WAY too late   On the plus side, I got to use The Union in my final paper for Social Ethics "
4,1834174332,Mon May 18 01:55:01 PDT 2009,NO_QUERY,hiway,"@aditya oh, hmm... didn't pay attenshun  thanks @swarooph yes, that too "
4,1834183576,Mon May 18 01:57:13 PDT 2009,NO_QUERY,julieahh,"@xoxonemo i know, i miss you too  when's the next time we can chill? "
4,1834323214,Mon May 18 02:29:47 PDT 2009,NO_QUERY,heymantmalik,@smanjunath @karthikbr can't you see that  face? 
4,1834443009,Mon May 18 02:57:21 PDT 2009,NO_QUERY,urieldavid,i got a nice nap again. dreamt of archey again  always. since after the 16 
4,1834450937,Mon May 18 02:59:21 PDT 2009,NO_QUERY,olivia_15,Dinner Was Good  Dont Wanna Do History Homework 
4,1834455099,Mon May 18 03:00:12 PDT 2009,NO_QUERY,SneddonAu,"Still unhappy at my lack Of Guitar String, I really wanna play,..  Oh well hopefully someone exciting will come on MSN "
4,1834498492,Mon May 18 03:10:00 PDT 2009,NO_QUERY,ellentai,so tired . school was alrights but it went by pretty quick . tennis was fun  gotta study for exams 
4,1834551751,Mon May 18 03:22:05 PDT 2009,NO_QUERY,sara_keele,"Exams this week, tomorrow and wednesday  Looking forward to my weekend break in Newcastle "
4,1834603815,Mon May 18 03:33:48 PDT 2009,NO_QUERY,Sherylpz,I'm so dirty tday   can't wait for fiesta 
4,1834606145,Mon May 18 03:34:20 PDT 2009,NO_QUERY,P0150N0U5F15H,@stickypop  | Wish I was eating dinner whilst watching Dragons Den rather than revising for the maths exam 
4,1834634681,Mon May 18 03:40:35 PDT 2009,NO_QUERY,flexd,"practising for math exam tomorrow, yaaay math!  Atleast i dodged a bullet called Norwegian! "
4,1834726069,Mon May 18 04:00:04 PDT 2009,NO_QUERY,bazilahali,"@IamIli you have to! it gets interesting! hahahaha! just twittering. dang, i have history test tomorrow  let's hope my teacher forgets "
4,1834747131,Mon May 18 04:04:05 PDT 2009,NO_QUERY,53xwz,"Agama exam tomorrow, haven't studied.  ; longest post ever today! :p ; uuuuh, music class tomorrow? ; and i got no idea "
4,1834749421,Mon May 18 04:04:33 PDT 2009,NO_QUERY,snw,@simsslovenija Awww that's too bad  Right now I have comments off because of spammers - will go open again in the Summer 
4,1834768012,Mon May 18 04:08:20 PDT 2009,NO_QUERY,CraftyNikki,@GothixHalo he's not been well  but he's doing dishes and other such. Im just picking up a bit 
4,1834769942,Mon May 18 04:08:43 PDT 2009,NO_QUERY,Ktwht,Had a gr8 day Saturday I won ï¿½10 on lotto yippee spent it now tho  oh well easy come easy go lol  Kt x
4,1834777946,Mon May 18 04:10:16 PDT 2009,NO_QUERY,Natalie__xo,@jolliehaybowes You looked really pretty at soap awards! And your scene was only one tht made everyone laugh! You should have won   x
4,1834788334,Mon May 18 04:12:17 PDT 2009,NO_QUERY,lisy16,. what's everyones up to? really tired! watching depersate housewives  needs a hug!!! 
4,1834820826,Mon May 18 04:18:34 PDT 2009,NO_QUERY,chopstock,@loriannl Meeting dickheads it seems.  Did go through Chelmo on the train though - rad! 
4,1834919672,Mon May 18 04:36:56 PDT 2009,NO_QUERY,VCasambros,"shall be working at Step Ahead as a mentor again  woooo but Em's gone, n his mobile still hasn't turned up "
4,1835034128,Mon May 18 04:57:21 PDT 2009,NO_QUERY,Nic0pic0,"@yoko71 yeah I'm surprised too  @Tisyonk I would love to have the punishment. Ok, back to rehab. My neck hurts so bad "
4,1835106391,Mon May 18 05:09:20 PDT 2009,NO_QUERY,Jennaidh,"I am dying for a Chicken Royale  yumyum, pity the nearest burger king is a bout half an hour away "
4,1835143778,Mon May 18 05:15:25 PDT 2009,NO_QUERY,OConnorOrla,me&amp;nikkihad sum laugh in religon  :L:L &quot;SISTER&quot; &quot;you just...&quot; on my own there  :L:L  lets go G.N.O. wooohooo :L:L:L love you
4,1835205913,Mon May 18 05:25:23 PDT 2009,NO_QUERY,Dilster3000,@LucasCruikshank why Thursday? Fans gotta wait like 3 days  
4,1835231221,Mon May 18 05:29:17 PDT 2009,NO_QUERY,daniesq,"@jayboss  @UberTwitter http://bit.ly/3oLpY but @TweetGenius is a for pay, no trial version, sorry.   UT is my preference anyway. "
4,1835244449,Mon May 18 05:31:12 PDT 2009,NO_QUERY,ambermaishment,lunch time has been jokes  double chemistry next :| fun timesss 
4,1835313294,Mon May 18 05:41:45 PDT 2009,NO_QUERY,jaronmc,Spooks was awesome  very satisfied. Now back to my report 
4,1835313378,Mon May 18 05:41:46 PDT 2009,NO_QUERY,Chocolatedonout,No school until Wednesday!  ..and then exam on Friday 
4,1835324975,Mon May 18 05:43:31 PDT 2009,NO_QUERY,beckettga,@wetheTRAVIS oh no  I hope it doesn't hurt. Get a lollipop! i do everytime i go  yay ruining teeth after they fix them!
4,1835339133,Mon May 18 05:45:39 PDT 2009,NO_QUERY,anilbpai,@skusunam : Thanks  just realized 60 day trail of Flex is over  
4,1835353079,Mon May 18 05:47:38 PDT 2009,NO_QUERY,KimmiMcfly,@cakiiebakiie It would be. That's one of the reasons I want one. I find the touch screen awesome.  Doubt it'll ever happen though 
4,1835382466,Mon May 18 05:51:50 PDT 2009,NO_QUERY,PeteMcQ,@Heidistephens wow Heidi! I've just read the Guardian apology for your blog.  Crazy! We loved it when we read it on Sunday morning! 
4,1835500078,Mon May 18 06:07:59 PDT 2009,NO_QUERY,musey,wow the stuff you can find on youtube  ....and the stuff you can't 
4,1835514302,Mon May 18 06:09:56 PDT 2009,NO_QUERY,alexmotu,Noshit party was great  working in a new track now .... and it's raining in Amsterdam 
4,1835531233,Mon May 18 06:12:08 PDT 2009,NO_QUERY,alexmotu,Noshit party was great !!  Working on a new track now .... and it's raining in Amsterdam 
4,1835609627,Mon May 18 06:22:29 PDT 2009,NO_QUERY,kobo21,gone to lena's  ...how boring...but i may see my favorite aunt and uncle and their chewauhah....  ...
4,1835770323,Mon May 18 06:42:53 PDT 2009,NO_QUERY,ladollyvita,@ImInLoveWithMJ bored  lol how are you today? 
4,1835870889,Mon May 18 06:55:21 PDT 2009,NO_QUERY,lillekerohus,"I'm so nervous about my guitar exam tomorrow.  &amp;I can't believe I got sucked into Twitter-world! Ofc, I pulled @Banaalne into it too "
4,1835989074,Mon May 18 07:09:20 PDT 2009,NO_QUERY,wickedground,"@burnbright well, can't wait  no one on my flist has star trek layout yet, so sad "
4,1836043883,Mon May 18 07:15:43 PDT 2009,NO_QUERY,corewarrior,#Chuck: Renewed!  Rumored to be heading to Friday  Good news: with a ratings boost there is the possibility of a 9 episode pickup!
4,1836079809,Mon May 18 07:19:55 PDT 2009,NO_QUERY,itsMayx3,wish i was in LA  . Writting something sweeet  . 2 Days till birthdDayyyyyy!!
4,1836264018,Mon May 18 07:41:01 PDT 2009,NO_QUERY,xOlivia_,"i now have sky in my room, i love it!    i really do have the cold now "
4,1879932398,Thu May 21 23:34:23 PDT 2009,NO_QUERY,lockerhaxor,TF2 has updated but its way to late to play.  looks like I'll be spying and sniping my heart out tomorrow 
4,1879941003,Thu May 21 23:36:00 PDT 2009,NO_QUERY,007peter,"@NaniWaialeale No, not Keith Olbermann, he annoy me   Anyhow, I'm hitting the hey. We will continue our tweat tmrw.  Sweet Dream "
4,1879994848,Thu May 21 23:46:14 PDT 2009,NO_QUERY,mizz_monica,yay i dont have glandular fever!  but i do have bad tonsilitis...  at least its not a kissing disease! yes tayla i heard u told teachers
4,1880016583,Thu May 21 23:50:25 PDT 2009,NO_QUERY,aaj83,@pursebuzz aawww..!!   oh well...atleast you won't get sad over the fact that you spent more than what it was now 
4,1880071740,Fri May 22 00:00:41 PDT 2009,NO_QUERY,stealthpixie,"@chriswindram rumours are not nice  don't be sad, you are a wonderful person  xxx"
4,1880072308,Fri May 22 00:00:48 PDT 2009,NO_QUERY,senoshi,"@laienne hgskfhkfhk!!! OMG, you look gorgeous in that piratey outfit!    Also, I am so jealous of your pancakes "
4,1880112802,Fri May 22 00:08:21 PDT 2009,NO_QUERY,yhuraddiction,movie time  then sleep mha kiddy jumped out thee windOw  now I have no baby[wTf]:'(
4,1880144611,Fri May 22 00:14:28 PDT 2009,NO_QUERY,mooseboy101,"got some decent sleep! Whoooo! No vocal training today, Kyle's got flu!  Hopefully next week!  Oh, i also got a keyboard!"
4,1880176138,Fri May 22 00:20:39 PDT 2009,NO_QUERY,colbsi,"@aimzsta Glad you found the store  I keep walking past it over the weekend. Everytime I gone past, it been closed  But love the styles"
4,1880194676,Fri May 22 00:24:25 PDT 2009,NO_QUERY,perki,@JoshSemans yup!  you back in the north west by then? i hope its not crap weather! 
4,1880285732,Fri May 22 00:42:37 PDT 2009,NO_QUERY,c_kitty,@LaurenConrad omg Lauren u watch Gossip Girl too?!?! haha! NICE!  Too bad Kris Allen won and not Adam 
4,1880353447,Fri May 22 00:56:41 PDT 2009,NO_QUERY,Batgirlbabs,@Redheadmad Yes! Nighmare! Now I can't sleep  But I'll be fine. 
4,1880412142,Fri May 22 01:08:53 PDT 2009,NO_QUERY,kararitaclarita,"@walkingmushroom sabar  i know how disappointing that is   have fun dong masi ada temen&quot; hohoho have fuun yaaaa , have a nice prom "
4,1880422422,Fri May 22 01:11:04 PDT 2009,NO_QUERY,mattuk,@rishil I think I'm the bigger geek as I found that genuinely amusing  I LOLd 
4,1880439717,Fri May 22 01:14:53 PDT 2009,NO_QUERY,timmmers,@bashywah i soooo wish i was there  lawaaaaaaaaaaaaaaaaa! you guys loooked so fab!  hahaha. who did the make up?
4,1880524625,Fri May 22 01:33:09 PDT 2009,NO_QUERY,teeeeeef,"@chadfu pfft. hes a man, he chould be able to stay awake.  ...i wont be around forever!!! damn it  ( heheh)"
4,1880552600,Fri May 22 01:39:09 PDT 2009,NO_QUERY,ifyoucanmeet,@bia_rf Aww i am so sorry for Maria  Girl your page is great !!! I love Roger too ! Maybe mine shows it too ahah 
4,1880591238,Fri May 22 01:47:20 PDT 2009,NO_QUERY,schuhschuh,"Before I have to check out the new TTR Dave Matthews Band .. just loaded it, but that takes some time  .. ready for the beats now "
4,1880654577,Fri May 22 02:01:03 PDT 2009,NO_QUERY,SytskeK,"Woke up cuz of my back  this is my last day of painkillers tho...but it WILL heal, just cuz JC lives "
4,1880664773,Fri May 22 02:03:13 PDT 2009,NO_QUERY,Danielle86h,@Amanda253 @forcerdj god i know we were on our way this time last fri.  its sad isn't it! yeah cant wait to chill out. 
4,1880666283,Fri May 22 02:03:31 PDT 2009,NO_QUERY,djrickdawson,Jean Michel Jarre concert tomorrow  gotta work 7-3 before though 
4,1880684695,Fri May 22 02:07:34 PDT 2009,NO_QUERY,Olian_V,I love my followers!  But I don't need an D Message from U. I don't like it. Sorry  But thnx for doing it anyway 
4,1880692063,Fri May 22 02:09:13 PDT 2009,NO_QUERY,joannacooperx,having a good weekend so faar  too bad ive gotta start revising for my exams  :\
4,1880771065,Fri May 22 02:26:43 PDT 2009,NO_QUERY,spiderogumi_,"@quinnifer_ I know, makes me miss my chance with the Carter brothers  thanks! "
4,1880811765,Fri May 22 02:35:29 PDT 2009,NO_QUERY,nicodonnell,@GregVann You'll hear me coming ... 'cause I'll be riding with bells on (subject to the weather).  Just got the hump is all. 
4,1880860428,Fri May 22 02:45:43 PDT 2009,NO_QUERY,rooreh,"@brooklyn_lux Somewhere in the world, someone just stubbed their toe  - hang in there Sarah, it sucks now but it'll change! "
4,1880879223,Fri May 22 02:49:47 PDT 2009,NO_QUERY,GemmaSugapop,is in Business Studies  so so so so happy its friday ! yeyyyyyyyyy But not so happy about the terrible rain  x x x x
4,1880946156,Fri May 22 03:03:38 PDT 2009,NO_QUERY,lemongeneration,@iammilky Awww no. PPW only has green tea  But I will find one for youuu 
4,1880953482,Fri May 22 03:05:09 PDT 2009,NO_QUERY,moviegrl32,Ocean Park was great  didnt play Dragon nor the Abyss tho  CRAP. 8 hrs of drama practice tmrw.. 8 hours of sittin there doin nthn..
4,1881003959,Fri May 22 03:15:54 PDT 2009,NO_QUERY,Hyperopia,@BobBergh The weather's not too clever here  hun   How's you today? Just off out to go all gooey over a friend's week old baby 
4,1881098647,Fri May 22 03:35:45 PDT 2009,NO_QUERY,XxSuperHansxX,It's so warm....  I'm not used to it...I don't adjust to climate change very well 
4,1881106680,Fri May 22 03:37:23 PDT 2009,NO_QUERY,arinlove,i actually can kill a human today so dont mess with me....    i'm good though....wake up at 1 o'clock and my tommy aches REALLY BAD.... 
4,1881170628,Fri May 22 03:50:06 PDT 2009,NO_QUERY,JCCub1,@coachbear Not a nice night to be out on the tiles  Drive safely... 
4,1881198465,Fri May 22 03:55:43 PDT 2009,NO_QUERY,nsobe,Wow lots of interesting stuff on twitter and facebook. But gotta do some other work now.... Dull day in Yaxley  but warm 
4,1881218768,Fri May 22 03:59:47 PDT 2009,NO_QUERY,twistingaether,@sarahwong Me too  But I finish work at 11am  which is when i normally get up on saturday... so i don't really lose my day :p
4,1881318484,Fri May 22 04:18:24 PDT 2009,NO_QUERY,alexmcduff,is sick with teh fever.  but im so happy that my baby took care of me yesterday the whole day so i'm feeling so much better 
4,1881405740,Fri May 22 04:34:08 PDT 2009,NO_QUERY,_SarahF_,tonight is gonna to be soooo great!!  we the kings and hey monday!! &lt;3 quite annoyed that i cant stay at rosies house after though 
4,1881603981,Fri May 22 05:06:15 PDT 2009,NO_QUERY,liladyosa,planning on how to spend the last two weeks of my vacation..i don't want the next semester to start yet.  haha. 
4,1881632628,Fri May 22 05:10:40 PDT 2009,NO_QUERY,DCPickleRedBull,@RandomMonkey3 1. UH HUHS SURES X ) 2. HAPPY BDAY TO YOU!! 3. AWWWWWWS   BUT OWELLS!!! 
4,1881633276,Fri May 22 05:10:47 PDT 2009,NO_QUERY,kirstyrawrr,"@SunshineeKiid nawwws  well mine was pretty good, went to the beach, wrote &quot;Kirsty ?'s Shaun Diviney&quot; in the sand and yeah "
4,1881659398,Fri May 22 05:14:50 PDT 2009,NO_QUERY,PenguinRage,Watching the Pokerstars on TV  Strange the odds of winning these tournaments is now almost considered impossible 
4,1881783835,Fri May 22 05:32:59 PDT 2009,NO_QUERY,tom_chow,"@haydo goodnight haydo, going to miss u a LOT, see u fromhot 30 forever  anyway tim and biggzy back YEH lol "
4,1881795552,Fri May 22 05:34:39 PDT 2009,NO_QUERY,karllsleyjnr,#NBA lakers  hopefully game 3 will be good  cleveland  please make me proud.
4,1881916233,Fri May 22 05:50:57 PDT 2009,NO_QUERY,theSuda,#jaljeera can't beat #followfriday  More People know Friday than Jaljeera 
4,1881994356,Fri May 22 06:00:56 PDT 2009,NO_QUERY,kookijhe,@brenda_song whatcha doin'???  OMG! i missed LONDON TIPTON!! 
4,1881996107,Fri May 22 06:01:12 PDT 2009,NO_QUERY,emilymariie,got back from camp today  
4,1882094675,Fri May 22 06:13:12 PDT 2009,NO_QUERY,CranberryBlue,Last day....  and  !!!!!!
4,1882110281,Fri May 22 06:15:07 PDT 2009,NO_QUERY,Gaminegirlie,"http://twitpic.com/5othq - Someone just called me Ma, must be my new cat eye glasses  not funny sha "
4,1882127725,Fri May 22 06:17:09 PDT 2009,NO_QUERY,Carike,has a new haircut. but my fringe is too short  gonna wear a paper bag until its grown out 
4,1882160717,Fri May 22 06:21:03 PDT 2009,NO_QUERY,krapposelli,@agriggs8 Glad I coud entertain u w/ my stupidity.   I had a great time @ my m&amp;g's despite being REALLY nervous. Would luv to do again 
4,1882162648,Fri May 22 06:21:16 PDT 2009,NO_QUERY,sirena_kriser,"is starting school, and her wonderful cousin is somewhere else  come back!! lolz haha "
4,1882265934,Fri May 22 06:33:14 PDT 2009,NO_QUERY,jasmine_pie,@lidles yeahh  all well mum can explain to all of them why and now she owes me like dubble sleep overss hehe 
4,1882678658,Fri May 22 07:17:51 PDT 2009,NO_QUERY,Sarah_Jeffreys,Hmm it's started already!  But I'm spending money so I am calm 
4,1882698781,Fri May 22 07:19:59 PDT 2009,NO_QUERY,alexaNbennett,last day in Florida  outside enjoying the day 
4,1882895655,Fri May 22 07:40:08 PDT 2009,NO_QUERY,Agnie91,everything is just trouble  going to a friend tonight 
4,1883202043,Fri May 22 08:10:21 PDT 2009,NO_QUERY,marylovesnicky,@nickybyrneoffic hiya  nicky      i think  there  is rain  on  the  way   hope  ur well  XxXx
4,1883306365,Fri May 22 08:20:28 PDT 2009,NO_QUERY,kingkoopa21,Chilling in La Puente about 2 get my grub on  But still very depressed that the Lakers got punked last night  tonight go Dodgers .....
4,1883454654,Fri May 22 08:34:40 PDT 2009,NO_QUERY,elliebaaaby,"has officially left school, today was well sad  tonights going to be amazing tho! "
4,1883515036,Fri May 22 08:40:25 PDT 2009,NO_QUERY,KennySummers,"is on my way to Baraboo, WI for everydays  "
4,1883662999,Fri May 22 08:54:42 PDT 2009,NO_QUERY,Kelly9100,"on the wii, playing mario kart  fucking awesome, always come 1st and beat everyone, but i hate it when they push u or throw stuff at u "
4,1932530341,Tue May 26 21:39:25 PDT 2009,NO_QUERY,Racker121,"@mike_chavez waking up early is for old people  wait a minute, I have to get up early too. "
4,1932759107,Tue May 26 22:09:15 PDT 2009,NO_QUERY,sjc_,@megsie04  yeah but it didnt change anything.. por homosexual people  The world will never learn that change is a good thing.
4,1932927471,Tue May 26 22:33:18 PDT 2009,NO_QUERY,a_moller,@tinwithann a chaaaa going to Sydney for sweeties birthday.  sorry @outerpublishing but I might miss it. Viv im sorry 
4,1932996229,Tue May 26 22:43:40 PDT 2009,NO_QUERY,jasonmiller21,"Guess we're going to see the Magic in the Finals instead of Lebron.    Oh well, the Lakers are going to win it anyway.  "
4,1933033405,Tue May 26 22:49:28 PDT 2009,NO_QUERY,mel95,"Good no test today,  but i have one tomorrow and the next day "
4,1933071930,Tue May 26 22:55:28 PDT 2009,NO_QUERY,unaznn,"@suenguyenn pfft, you are funny  ! but oh dang, we're so screwed tomorrow "
4,1933201064,Tue May 26 23:15:38 PDT 2009,NO_QUERY,alicethepoop,@Mr_McFox LOL! I've never heard of that word before. Shows how immigranty i am.  SO SOOO WHERE'D YOU MEET HER!? WHATS HER NAME!?!? 
4,1933235531,Tue May 26 23:21:17 PDT 2009,NO_QUERY,flyinfoxymama,@rapping_fa   sorry to hear...i had my fingers crossed for you the whole time! hope to fly with you one of these days 
4,1936046289,Wed May 27 07:21:25 PDT 2009,NO_QUERY,NOnoemi,@Foxy_Roxy07 i didn't have bbq  but i had cheddars  and this should be your anthem to abby http://bit.ly/AQCnO
4,1936065493,Wed May 27 07:23:33 PDT 2009,NO_QUERY,Liana_J,@Fearnecotton lovin radio 1  I'm bored bivisin  biology gcse tomorrow!!!!  can you play paramore-brighter please?
4,1955814219,Thu May 28 20:40:09 PDT 2009,NO_QUERY,_shannon1234,"@nkotb_Lwood That's good  &amp; aww, miss you too! - 2 weeks apart! "
4,1955871432,Thu May 28 20:46:10 PDT 2009,NO_QUERY,enamoredsoul,"@ebrown2112 ahhh...Heroes reigns supreme,then!  *sigh* why do we have to waittttt???? why cant it play continuously...all yr long? "
4,1955908644,Thu May 28 20:50:12 PDT 2009,NO_QUERY,Stephanie2195,but im going to miss all my friends  but ill see you in 1 year 
4,1956075374,Thu May 28 21:08:28 PDT 2009,NO_QUERY,AaL17,@iLoveNickJ4LIFE the same for you girl!!  but for me wont be the last one 
4,1956091255,Thu May 28 21:10:18 PDT 2009,NO_QUERY,dogmaticwonder,"won't have a working camera for the picnic this weekend  Although, many other people will "
4,1956162149,Thu May 28 21:18:31 PDT 2009,NO_QUERY,Cermaksalot,loves summer bonfires....   but does not love having to be at work by 8am the next morning....  
4,1956260117,Thu May 28 21:30:16 PDT 2009,NO_QUERY,AshyJonas,"@AaL17 Aw, bummer! But at least you can re-watch it  My net disconnected 4 times  I got angry and swore "
4,1956309313,Thu May 28 21:36:21 PDT 2009,NO_QUERY,Jesssel,@Artifis I FKN miss youuuuuuuuuu  16 days 
4,1956633460,Thu May 28 22:18:58 PDT 2009,NO_QUERY,Angel_Eyes57,PrayN 4 my brother.  ILL W/Cancer   PrayN 4 my youngest Grandson (1 1/2 yrs old). ILL~Kidney damaged    Positive energy heals 
4,1956659715,Thu May 28 22:22:41 PDT 2009,NO_QUERY,ciaobella50,Geeze I thought I was all alone on here!  Reset my API wrong....lol no friends at all!..........................    fixed it!  .... 
4,1956811611,Thu May 28 22:45:05 PDT 2009,NO_QUERY,nite__owl,@aidalusion i think im going to go to sleep now.. (so tired  ) .. but i will talk to you tomorrow  .. and im looking 4ward 2 your songs
4,1956824292,Thu May 28 22:47:00 PDT 2009,NO_QUERY,jessesgirl760,I wish I was a guru    I might just ask for a good camera for my grad present!  Goooood  I D E A !
4,1957073668,Thu May 28 23:26:40 PDT 2009,NO_QUERY,kort030,@lilxamyx08 i know ridiculous! we never got to hang out  i love chicago and want to go shopping... so a trip sounds like fun 
4,1957089935,Thu May 28 23:29:26 PDT 2009,NO_QUERY,umi78,Working   But it's Fridaaaayyyyy 
4,1957101953,Thu May 28 23:31:22 PDT 2009,NO_QUERY,_SarahF_,Getting ready for school - second maths test today  also its my last day of 3rd year!! Next week i will officially be in 4th year 
4,1957194329,Thu May 28 23:47:09 PDT 2009,NO_QUERY,tineymarie,@cha_rade oh no the economy gotcha?  sorry but so happy that you got another one in LA!  Enjoy SoCal! Ahahaay! LOL
4,1957251669,Thu May 28 23:57:21 PDT 2009,NO_QUERY,stacespace,so much fun at the beach today!  and delicious dinner at @kimbononowowo's house!! i friggin love Mark and Josh!! I'm gonna miss them!! 
4,1957252101,Thu May 28 23:57:26 PDT 2009,NO_QUERY,kookijhe,just got back from school.  SHEMMS!! Summer class has been officially ended.  http://plurk.com/p/wxsgy
4,1957275711,Fri May 29 00:01:22 PDT 2009,NO_QUERY,abhishek_karna,"Mom asking if I'm feeling better after dargah visit. Dad swears he sees +ve &quot;change&quot;.  I am amused.   But yeah, still depressed "
4,1957311063,Fri May 29 00:07:18 PDT 2009,NO_QUERY,Sini74,Why don't we close the library due to the great weather?  And the ac isn't working  #fb
4,1957359624,Fri May 29 00:15:40 PDT 2009,NO_QUERY,iamjhernandez,I am soo happy! But frustrated at the same time!  :]  :S. Ohh noo!!! Britney is recording her new video for Radar!!!  Sooo ExxCiiTeed!!!
4,1957413593,Fri May 29 00:25:33 PDT 2009,NO_QUERY,lorraincium,"Last Chemistry lesson for this school year!  On a brighter note, my birthday will be sandwiched between two days in chemistry lab! "
4,1957562940,Fri May 29 00:53:38 PDT 2009,NO_QUERY,Avril4everr,I'm not here this weekend...  See you monday twitters 
4,1957692870,Fri May 29 01:18:08 PDT 2009,NO_QUERY,LianneThompson,is house bound with acute mumps  bad times.... whole day ov supernatural me thinks  x
4,1957740028,Fri May 29 01:27:31 PDT 2009,NO_QUERY,hussainhaidry,"@lavsmohan In my case, it's going to be exams showing me a thing or two.  I'm very much hopeful about November '09, though. "
4,1957743749,Fri May 29 01:28:15 PDT 2009,NO_QUERY,primaveron,@LimeIce awww... dangness!  i cant wait to see the picture!  lime green elements...wooot!
4,1958045010,Fri May 29 02:28:29 PDT 2009,NO_QUERY,Chappers67,@Damevegas am alive   but at work   finish at 1300   sun is out 
4,1958067960,Fri May 29 02:33:01 PDT 2009,NO_QUERY,BisexualManiac,@TheSims3 well us Brits have to wait a few more days for it!  I thought it was all gonna realized at once! I guess it's worth the wait! 
4,1958074359,Fri May 29 02:34:21 PDT 2009,NO_QUERY,xarcex,I did not twitt yesterday cause it was a very busy day but I'll be back tomorrow  BTW I can not sleep  I'm like in zombie mode @_@
4,1958086017,Fri May 29 02:36:47 PDT 2009,NO_QUERY,sallyormond,@HospitalityMan  got the laptop but no golden rings  This weekend's job is to get it all set up - oh joy
4,1958086773,Fri May 29 02:36:57 PDT 2009,NO_QUERY,BisexualManiac,well us Brits have to wait a few more days for it!  I thought it was all gonna released at once! I guess it's worth the wait! 
4,1960391282,Fri May 29 07:53:25 PDT 2009,NO_QUERY,haleytibbetts,@LaurenConrad    the hills is gunna be so different!! gl with your designing etc. 
4,1960631989,Fri May 29 08:15:56 PDT 2009,NO_QUERY,gracesmith,"Hey everyone  Bit of a hectic day for me, just back from the vets, @pradasmith has a bad infection &amp; is staying over the wkend "
4,1961268137,Fri May 29 09:14:23 PDT 2009,NO_QUERY,HRx3,I really miss my phone  i cant wait till my new one comes 
4,1961269073,Fri May 29 09:14:28 PDT 2009,NO_QUERY,BrandySanDiego,@socallove yeah  it will get better though  i know it! 
4,1961298167,Fri May 29 09:17:11 PDT 2009,NO_QUERY,skotakiscool,@lanceseabourn I know  but this sub is sooooo good 
4,1961571001,Fri May 29 09:42:31 PDT 2009,NO_QUERY,Gymshoes_,"Today isn't going the way I planned.  Early lunchbreak &amp; I may not be back til Mon. Weekend gonna be fun with friends, tho. "
4,1961656398,Fri May 29 09:50:31 PDT 2009,NO_QUERY,yashesh,@SujataChadha wish I could say the same about the weather in Mumbai. Its hot n horrible  but guess it friday so one reason to be 
4,1961656738,Fri May 29 09:50:33 PDT 2009,NO_QUERY,s0l_uk,@chenks seen that!  hopefully ebay replacement  will work for you!  but take it to bits anyway! lol
4,1962068099,Fri May 29 10:28:27 PDT 2009,NO_QUERY,lilwldchld,"@mikeneumann  You just want to go?? I know the feeling...  I'm ready to head back to the mountains, I won't go back till July "
4,1962137190,Fri May 29 10:34:49 PDT 2009,NO_QUERY,Emmurr,"Goood Dayy  Beeen shopping, didn't get what I wanted though  But my best friend has comeeee homeeee!! XD Ily Shannii x"
4,1962265422,Fri May 29 10:46:48 PDT 2009,NO_QUERY,ribzlike,Oh noes! The TV is broken  No red standby light or anything... checked the plug fuse... now to the inside 
4,1962572113,Fri May 29 11:15:15 PDT 2009,NO_QUERY,Tallis33,"so glad it is friday  two classes, then lazy afternoon. too bad it isnt nice and warm out today "
4,1962665114,Fri May 29 11:25:26 PDT 2009,NO_QUERY,silkexsp,@elisaxx http://twitpic.com/66y00 - Niceee  Hey i never get stickersss 
4,1962665546,Fri May 29 11:25:29 PDT 2009,NO_QUERY,firebuilt,@melii That's true.  It still sucks though 'cause I was all &quot;LOLOL I AM SO ORIGINAL--ohshit&quot; so. But yeah. Thanks! 
4,1962917220,Fri May 29 11:55:18 PDT 2009,NO_QUERY,saujia49,"@Zaidah1 i can't listen to music at work  I probably could try, but then i'll have to start hunting for a new job on monday "
4,1962919197,Fri May 29 11:55:30 PDT 2009,NO_QUERY,amyrod84,@Shan_Shan_West Im so excited to see u!! Its been forever  My lil Shan Shan gettin married!!  PS Did u really get a tattoo?? Lol
4,1962938661,Fri May 29 11:57:21 PDT 2009,NO_QUERY,cynders67,@geeketteFi and I SIT HERE all on my own doing nowt  hmmpfff lol..have a good night 
4,1963465869,Fri May 29 12:45:54 PDT 2009,NO_QUERY,Kirstyy09xX,@carolinejjordan are you on about BGT im not watching it tonight i cba  my mates where on it on tuesday  xx
4,1963482219,Fri May 29 12:47:25 PDT 2009,NO_QUERY,siofraxxx,i didnt get paid this week  roll on tuesday 
4,1963529093,Fri May 29 12:51:39 PDT 2009,NO_QUERY,Lamb_Leanne,BGT!!!!!!! - Will be gutted when it finishes tomorrow  - Stavros Flatley all the way! 
4,1963607255,Fri May 29 12:58:54 PDT 2009,NO_QUERY,DanyelleTauryce,"Its not looking too good outside  if this continues, i feel a movie night coming on... "
4,1963998429,Fri May 29 13:34:11 PDT 2009,NO_QUERY,druzilla47,@bloodyironist that sucks.  But woot for Misha. 
4,1964245422,Fri May 29 13:56:33 PDT 2009,NO_QUERY,archpopoy,@Need4Sheed_com Ohhh got it. It's the 8830 I think  I miss the Pistons  I really hope Joe D cooks up something big!
4,1964504945,Fri May 29 14:20:31 PDT 2009,NO_QUERY,IdaEmilia,EMO moment!!  Just said good bye to my best friends EVER! But we'll meet again for sure! 
4,1964669881,Fri May 29 14:36:37 PDT 2009,NO_QUERY,HolliePhillipsx,http://twitpic.com/67kvt - my bestie leah  havent seen her in so long 
4,1965505585,Fri May 29 16:02:23 PDT 2009,NO_QUERY,dolcelaalaa,@DomCorleone  oh hell yeah lol. im a vegetarian tho but i still cooks the mean =X im a traitor 
4,1965601765,Fri May 29 16:12:36 PDT 2009,NO_QUERY,Fire_at_will_xo,"@hopeless_hearts hey,got your text. cannae hen, family are comin over  i've got nae money to come to livi anyway  xxxx"
4,1965878527,Fri May 29 16:42:40 PDT 2009,NO_QUERY,jessicaconnell,"I love @mitchelmusso very much  I called him, but he was talking to other fans  I love you a lot Mitchel! I'll see u in El Cajon. June 7"
4,1966409513,Fri May 29 17:42:53 PDT 2009,NO_QUERY,sarahdisaster,@xoshattered_  i missed you. today was the greatest day ever. im burnt and shit lmfao. but it will be a nice tan. 11 rides in 6 hrs!  &lt;3
4,1966409627,Fri May 29 17:42:53 PDT 2009,NO_QUERY,Applecored,@ThisStarChild  hope yer ok hunny 
4,1966412243,Fri May 29 17:43:12 PDT 2009,NO_QUERY,WhoahItsTanisha,hanging out wit the family kinda boredd reading eclipse  MISSING MY GODFATHER 
4,1966483802,Fri May 29 17:51:05 PDT 2009,NO_QUERY,suzylily,"@missgiggly Awww we are a quality source of entertainment, huh?  Sorry you feel bleh though  Wish I could cheer you up!"
4,1966557719,Fri May 29 17:59:17 PDT 2009,NO_QUERY,zee_coke100,@GabrielSaporta you don't follow anyone?   // lol there's a party June 13 
4,1966577037,Fri May 29 18:01:18 PDT 2009,NO_QUERY,MarianaOxx,@mileycyrus aww!  but LA is great!  hope u have fun @ hannahs set! xoxo
4,1966636524,Fri May 29 18:07:32 PDT 2009,NO_QUERY,amiewolf,I'm preparing for a day of &quot;girl&quot; shopping. I had to buy foundation garments for my soon to be 8 year-old today  She is excited 
4,1966878300,Fri May 29 18:33:54 PDT 2009,NO_QUERY,Azi227,"@jasmika lol i heard. thats fine, as long as you can make it to the documentary.  i cant wait for chris to come back "
4,1966930373,Fri May 29 18:39:39 PDT 2009,NO_QUERY,velmadaria,@kristycurtis I know!!  tomorrow is the date...you could totally stow away...you AND lil' Beau! 
4,1967024872,Fri May 29 18:50:12 PDT 2009,NO_QUERY,stNERD,Omg. Envelope -- Drag me to hell LOL  Shucks to be Christine  I think she did deserve it.
4,1967078358,Fri May 29 18:56:07 PDT 2009,NO_QUERY,luxeislove,@couture Sorry I don't have any ass dimples.  I have very slight back dimples though! 
4,1967660126,Fri May 29 19:59:19 PDT 2009,NO_QUERY,SerenityWalk,@dee_carney Thanks Dee  It's just coz my boys go stay with their dad &amp; I miss them.  Even if they are obnoxious teens LOL
4,1967735038,Fri May 29 20:07:06 PDT 2009,NO_QUERY,macpoulet67," Raining tomorrow afternoon but its going to be very nice at 5 59! ! Hope it changes, I want it to be nicee in the afternoon&amp;nitee! "
4,1967754428,Fri May 29 20:09:11 PDT 2009,NO_QUERY,sadeqn,????? ???? ????? ??????. ?? ????? ? ???? ? ??????? ???? ???  I miss them in first seconds 
4,1968022520,Fri May 29 20:37:18 PDT 2009,NO_QUERY,mirz112,"@Maggianos Food was great, as usual  The server...notsomuch. He was horrible. "
4,1968115909,Fri May 29 20:47:21 PDT 2009,NO_QUERY,Kelliekk,Hello ALL  How we doin this fine day! its so cold today 
4,1968302063,Fri May 29 21:09:43 PDT 2009,NO_QUERY,mahtissi,@Dannymcfly I MISSING YOURS &quot;TWEET TWEET&quot;  but still love you  haha
4,1968352229,Fri May 29 21:15:36 PDT 2009,NO_QUERY,sydeshow,"Come mister tally man, tally me corona... daylight came and now it goes home  need more drinkies! "
4,1968450968,Fri May 29 21:27:54 PDT 2009,NO_QUERY,sunwrites,@captainblubear some interesting friends you've got.  you must find me so boring in contrast. 
4,1968481121,Fri May 29 21:31:39 PDT 2009,NO_QUERY,Kelliekk,@mandahoofs aww if i had know we could have totally Met up!  never mind. Maybe when im in vegas! 
4,1968589015,Fri May 29 21:45:42 PDT 2009,NO_QUERY,xoch_xoch,@WCGalore finally back on here- theyve blocked this at my work now  Boo. ya id love to go to Disneyland for the first time 
4,1968821692,Fri May 29 22:18:01 PDT 2009,NO_QUERY,amylovatojonas,@ddlovato i'm so happy 4 u &amp; sel!! i can't wait 4 both of ur albums they r gonna be beyond amazing!!  if only my dreams would come true 
4,1968862720,Fri May 29 22:24:12 PDT 2009,NO_QUERY,EarlFace,"@Littlebit323 boooo im sorry i woke you up  we will shop online asap, after i get my money on a card  !!!"
4,1968953276,Fri May 29 22:38:05 PDT 2009,NO_QUERY,turtlebeak,UP! So good!  and sad 
4,1969027751,Fri May 29 22:50:10 PDT 2009,NO_QUERY,shellingfox,#ddth Bï¿½n Host US giï¿½ siï¿½u r?: Host ch?m quï¿½  cï¿½ l? gi? ?i ki?m host Lï¿½o quï¿½  http://tinyurl.com/lmowd4
4,1969114728,Fri May 29 23:04:09 PDT 2009,NO_QUERY,immature,@lookafteryou yw  jk  i love you
4,1969126651,Fri May 29 23:06:03 PDT 2009,NO_QUERY,mrslaurenjonas,Lots o' movies time. Boy in the Striped Pajamas next  / 
4,1969290895,Fri May 29 23:34:46 PDT 2009,NO_QUERY,dtgrants,I'm off to try to catch some zzzz with hiccups!   Have a great evening. 
4,1969342980,Fri May 29 23:44:23 PDT 2009,NO_QUERY,Korumera,No good start the dance!  a Classic if you ask me! @ladypn @ work on the moment so no time to dance  ? http://blip.fm/~7b636
4,1969365678,Fri May 29 23:48:35 PDT 2009,NO_QUERY,ciscomata,Ok my last tweet is right now  Man I CAN'T STOP This I'm ADDICTED To TWITTER ok this is it yanks 
4,1969383342,Fri May 29 23:51:54 PDT 2009,NO_QUERY,iSelah, but then again 
4,1969493846,Sat May 30 00:12:43 PDT 2009,NO_QUERY,JuliaVuACN,@mpagtakhan_ i care  ... it'll get better 
4,1969572468,Sat May 30 00:28:44 PDT 2009,NO_QUERY,CommeDesFilles,ahhhh!!! so short preview of new moon!?!?  http://bit.ly/aYONa  watch this 
4,1969624813,Sat May 30 00:39:06 PDT 2009,NO_QUERY,ElaineToni,http://twitpic.com/68syn - No more food!?  hahaha! 
4,1969632132,Sat May 30 00:40:35 PDT 2009,NO_QUERY,RacheLyn5485,"@Ginger_Swan NO  Aunt FLO showed up 2 weeks late, dang, but we are trying "
4,1969644521,Sat May 30 00:43:11 PDT 2009,NO_QUERY,RebeccaLouiseA,only 3 more days of sunbathing  Going to get dressed to go to the swimming pool now 
4,1969701397,Sat May 30 00:55:10 PDT 2009,NO_QUERY,MsKnitSox,@JonathanRKnight that really was an awful trip!    so glad you made it safely to your place - hope you get that much needed rest.  
4,1969730545,Sat May 30 01:01:14 PDT 2009,NO_QUERY,SharonSmiles,I have been up all night and in tremendous amounts of pain!!  Whine over.  Pleased to see it's another beautiful day 
4,1969737322,Sat May 30 01:02:35 PDT 2009,NO_QUERY,RochelleYap,@AlisonWhee oops. yeah. the phone was engaged because my sister was talking  but its free now!  haha. redial aliballoony!
4,1969741140,Sat May 30 01:03:25 PDT 2009,NO_QUERY,pozicool_raga, yeah i know DC is not there yet...par phir bhi main nachoongi! 
4,1969747778,Sat May 30 01:04:52 PDT 2009,NO_QUERY,CandyCandy_,Going to our summercottage  no internet for 2 days 
4,1969765804,Sat May 30 01:08:46 PDT 2009,NO_QUERY,lillilinchen,@Steffi51290 4 me too  but we have a second chance at the final exams  ok shit.. they will be difficult toooooooooooooooooo 
4,1969800249,Sat May 30 01:16:25 PDT 2009,NO_QUERY,typicaal,"Where's the sun?  Okay so today, gonna try to get the trampolin fixed and then going w/ my best friend to an island nearby "
4,1969837706,Sat May 30 01:25:03 PDT 2009,NO_QUERY,XxPixxieexX,@swiftkaratechop Loll..I was tryin' to stay up all night and failed at about midnight    woke up at 5 for a bit then went back to sleep 
4,1969964899,Sat May 30 01:54:49 PDT 2009,NO_QUERY,Devar,@antzpantz yes you should  oh well 
4,1970084853,Sat May 30 02:23:29 PDT 2009,NO_QUERY,dazzydoo,Morning - going shopping in a little bit  n then I'm off to a sleepover ski doubt I'll be tweeting agen 
4,1970091730,Sat May 30 02:25:11 PDT 2009,NO_QUERY,Isil_Loves_Mcr,"@geesmyangel Hey,Thanks I hope too .Exams were went  lol.Good Morning as well.I hope everything is good  xoxo"
4,1970149123,Sat May 30 02:39:23 PDT 2009,NO_QUERY,IamDoctorIan,@Promo_Princess I can't!   :-D
4,1970174313,Sat May 30 02:45:48 PDT 2009,NO_QUERY,Jessi_w,off out in a min  aww well free lunch 
4,1970178052,Sat May 30 02:46:43 PDT 2009,NO_QUERY,urbanandtrendy,@karla_deras love your purchases! specially the jacket  It's a pity that here where I live we haven't got topshop 
4,1970180640,Sat May 30 02:47:23 PDT 2009,NO_QUERY,scarboy,@Garf87 ROFL i was JUST about to post that  Stupid year to wait 
4,1970203258,Sat May 30 02:52:59 PDT 2009,NO_QUERY,simplysety,I loooooooooove my boyfriend!!!!!!  Annnd: i have to get up in 5 hrs for work  bbooo!
4,1970244943,Sat May 30 03:03:22 PDT 2009,NO_QUERY,rhys_i_baby,@LucyGuy1 indeed  Bye 
4,1970278542,Sat May 30 03:11:44 PDT 2009,NO_QUERY,ANF_x,"Min, am tired still  OOH. the time is 11:11 :o my 16th bday tomorrow! "
4,1970384899,Sat May 30 03:39:08 PDT 2009,NO_QUERY,TehStalker,i got growing pains in my legs which means i am getting taller  but i am losing my huggable size though 
4,1970470308,Sat May 30 04:00:04 PDT 2009,NO_QUERY,imaginemylove,i felt so sorry for that hollie on britains got talent last night  glad she got through 
4,1970495312,Sat May 30 04:05:44 PDT 2009,NO_QUERY,AbiLovesMcFlyx,@tommcfly      We'll make you win tom.!      Wow this feels weird i dont know what to say and i may have wasted your time   But anyway(:
4,1970528479,Sat May 30 04:13:41 PDT 2009,NO_QUERY,katewinney,"errr morning :s nice day  sun is shining i have the entire day and night off  woo, really bad tooth ache from brace  oh well tweet me!"
4,1970621528,Sat May 30 04:35:51 PDT 2009,NO_QUERY,frankie_alba,Just got back home. I watched Terminator.  It was okay.. Hahaha. Nuggets are out.. 
4,1970637122,Sat May 30 04:39:32 PDT 2009,NO_QUERY,jeremi,"If someone does not want his G2phone from google IO, I'm interested  I can't find any android phone in china "
4,1970674353,Sat May 30 04:48:00 PDT 2009,NO_QUERY,Beckylalala,cant sleeep :I hmm in a few hours six flagss wooot  and tomorrow mexico 
4,1970690862,Sat May 30 04:51:41 PDT 2009,NO_QUERY,thebrownbarbie,Shayla is sitting in makeup.......TIRED!!!!      / 
4,1970776775,Sat May 30 05:10:19 PDT 2009,NO_QUERY,Missing_Lyrics,OOooooh Violet Hill is at 42 plays on my itunes   im gonna change that by playing it again 
4,1970944769,Sat May 30 05:44:40 PDT 2009,NO_QUERY,StephEdwards93,@nikrichie aww  why dont you go to bed and just relax if you cant fall asleep  if you can then dream a wonderful dream  x
4,1970972117,Sat May 30 05:49:55 PDT 2009,NO_QUERY,thisisanna,@AlexAllTimeLow I asked Jack but he didnt reply  so I'm gonna ask you. Are you guys gonna have a signing in Melbourne? 
4,1970973168,Sat May 30 05:50:06 PDT 2009,NO_QUERY,thisisanna,@AlexAllTime I asked Jack but he didnt reply  so I'm gonna ask you. Are you guys gonna have a signing in Melbourne? 
4,1971005560,Sat May 30 05:56:11 PDT 2009,NO_QUERY,orbitaldiamonds,"@zestylime A bit, yeah, thanks.  Missed Fizzy and Chris for the second day in a row, though. "
4,1971089398,Sat May 30 06:10:55 PDT 2009,NO_QUERY,nySparkled,@KuraThaIllest6 awww  it won't b that bad! Just listen to music and play brick breaker!!!! 
4,1971122723,Sat May 30 06:16:40 PDT 2009,NO_QUERY,laura_x3,is back from revising  i dont know what to wear tonight 
4,1971134959,Sat May 30 06:18:46 PDT 2009,NO_QUERY,siyab,"@sumesh I know  . Sure, tell me when you release it "
4,1971231161,Sat May 30 06:34:36 PDT 2009,NO_QUERY,martinpacker,"Off to look at #Python books, along with the USUAL weekly shop.  Computer book selection in #Poughkeepsie is pretty limited. "
4,1971258231,Sat May 30 06:39:04 PDT 2009,NO_QUERY,fuelevandown,I cant wait!  really wish he was coming along though too...  oh well... Theres always next week
4,1971280586,Sat May 30 06:42:42 PDT 2009,NO_QUERY,anhhung,"@mintran nghe heavy v?i death metal hay wa, ballad nh? l?m  tu?n sau s? vï¿½c usb sang chï¿½p death "
4,1971484646,Sat May 30 07:13:17 PDT 2009,NO_QUERY,keithcomp,Upward Soccer this morning.  Final games  / 
4,1971497256,Sat May 30 07:14:56 PDT 2009,NO_QUERY,nammtmcjm,"up and at um.    Sunshiny a.m., low humidity and guess what...I have ironing to do.  "
4,1971497459,Sat May 30 07:14:58 PDT 2009,NO_QUERY,xXHAZELXx,@DREAMINGOFD yeah it is lovley for a change LOL but nothing to do outside  so I get bored LOL have a great day too!  xoxo
4,1971498337,Sat May 30 07:15:04 PDT 2009,NO_QUERY,CJonesy14,Chelsea got scored on in the 1st 30 seconds ... Come on  FIFA cup is on so if your a true Fubol fan you best be watchin 
4,1971590216,Sat May 30 07:26:58 PDT 2009,NO_QUERY,juzgalvez,@victoriacandy WOW!! how short? I want one too!  ... and a tattoo 
4,1971618697,Sat May 30 07:30:57 PDT 2009,NO_QUERY,ethantheweiner,just got home from dylans. have to clean all day. fun   ...... NOT 
4,1971676300,Sat May 30 07:38:55 PDT 2009,NO_QUERY,RenesmeeCullen9,prepare my sweet sixteen party  so much to do 
4,1971738445,Sat May 30 07:47:21 PDT 2009,NO_QUERY,olivia_15,@therealpickler OMG me 2!!! and the virus i have have made me hurt my neck   i hope u get better 
4,1971954721,Sat May 30 08:15:12 PDT 2009,NO_QUERY,HeatherShea,@darker_artic sunny and 80 degrees!!!  Too bad I have to work today  What about you? How are you?
4,1972032692,Sat May 30 08:25:10 PDT 2009,NO_QUERY,SarahSymmonds,"@ramdomthoughts no clothes, no iphone!!   got the boys sorted with school shoes etc  Really nice 2 meet u! really enjoyed our chat!x"
4,1972032864,Sat May 30 08:25:11 PDT 2009,NO_QUERY,peachcupcake,"@NuJurzyBoricua oh no ! what happened to your car ?  its nice you get to see your friend and your dad though, its a gorgeous day today. "
4,1972064564,Sat May 30 08:29:15 PDT 2009,NO_QUERY,kilroyfirelizrd,@shinyminidrake Come to Atlanta afterwards!  Though sadly I think by the time you got here I'd be gone  Hope you get out of there ASAP!
4,1972082771,Sat May 30 08:31:25 PDT 2009,NO_QUERY,djsuupaa,"@tiffania yeah, I just had sniffles yesterday, but today I have a little cough too  hopefully suffering now will help me feel better. "
4,1972132234,Sat May 30 08:37:32 PDT 2009,NO_QUERY,ChrisMissal,I sure wish I was at any one of the 3 big codecamps going on today  ...but friends getting married is always a good day!  #fb
4,1972193428,Sat May 30 08:45:07 PDT 2009,NO_QUERY,Tanya_xO,Backkk  Omg I got eaten by nats! 
4,1972212764,Sat May 30 08:47:32 PDT 2009,NO_QUERY,cheeseyy,@dinibeanie yeah trying to study so hard right now.  how are you going with exam study? ... blink 182 are the best. 
4,1972293093,Sat May 30 08:57:14 PDT 2009,NO_QUERY,lalayu,@Kcatz mon night  ..you coming????? 
4,1972401189,Sat May 30 09:09:19 PDT 2009,NO_QUERY,HayleyBee1,Been left in the house alone with my brothers.  Lmao 
4,1972453559,Sat May 30 09:15:15 PDT 2009,NO_QUERY,imyourcupcake,"Why did the US lose the Viet war? I need some ideas for my history assigment, any feedback would be most appreciated  ;bad headache "
4,1972454974,Sat May 30 09:15:25 PDT 2009,NO_QUERY,NPCarling26,@JD_2020 http://twitpic.com/68rqm - Happens to me all the time unfortunately.  But usually I don't have to close the bag! 
4,1972490298,Sat May 30 09:19:26 PDT 2009,NO_QUERY,kimbo1992,@Fearnecotton Friendly fires = TUNE!!!!! Am now dancing in the sunshine!!!!  Ooooops sorry i know your missing it  Bad times 
4,1972615593,Sat May 30 09:33:35 PDT 2009,NO_QUERY,Jane_Platt,@CullenHouse thats was the worst bit i read in the WHOLE saga... it made my heart sink!!  do some happy NM quotes 
4,1972773844,Sat May 30 09:51:40 PDT 2009,NO_QUERY,Georgia_Ellis_x,Packing My Bag For School On Monday  Ohh Well. The Holiday Was Good. Cinema Tomorrow 
4,1972789243,Sat May 30 09:53:26 PDT 2009,NO_QUERY,MrMcShine,Goal: get 500 updates before school on Monday  -- back hurts 
4,1973087022,Sat May 30 10:27:36 PDT 2009,NO_QUERY,dani,@anca_foster well ive pulled an all nighter so im hopin' to sleep eventually ;) sorry ur knee hurts  im sending get well kisses at ya 
4,1973518810,Sat May 30 11:18:25 PDT 2009,NO_QUERY,joshwinningham,Seattle today. One last time!  and  at the same time.
4,1973535964,Sat May 30 11:20:26 PDT 2009,NO_QUERY,Chloejp1,"@emilycathh yeeeeee he's so cute, he's got a ded nice smile n he started cryin  x flawless were awsum 2 "
4,1973622172,Sat May 30 11:30:40 PDT 2009,NO_QUERY,thearthishot,@karlenenene HAHA! I have no timeee!!  And twitter's so much easier+faster 
4,1973776195,Sat May 30 11:48:44 PDT 2009,NO_QUERY,crazy_iass,here i amï¿½ï¿½    haha i dont want to do homework 
4,1973878815,Sat May 30 12:00:39 PDT 2009,NO_QUERY,ShAnStEwArT1984,"Hey, I'm waiting for my flight!  My mom cried harder than usual this time    Chicago. . .I'll be home around 7   *S. I. S.*"
4,1973881200,Sat May 30 12:00:55 PDT 2009,NO_QUERY,isabellemooney,"Friends have gone home now    Watching Britains got Talent, Stavros Flatley rule! Too Grand is Too Cute and Flawless should Win!  "
4,1973966406,Sat May 30 12:10:44 PDT 2009,NO_QUERY,Anne_A4L,@nesquicus simon said aidan wasnt as gd as last night tho  ooh FINALLY vlog!  and yes diversity were AMAZING!!! AHHHH!!!!   
4,1973967860,Sat May 30 12:10:54 PDT 2009,NO_QUERY,blacklabel8829,Totally didn't get carded at dinner last night.  But at least they checked my ID at the 'sto. 
4,1974268607,Sat May 30 12:46:55 PDT 2009,NO_QUERY,goalieaunt,Pushing Daisies is on tonight &amp; Sunday  opposite Stanley cup finals.  Thank goodness for DVR 
4,1974644885,Sat May 30 13:33:19 PDT 2009,NO_QUERY,AmbientLights,Happy Saturday Tweeites!!  It's a beautiful day today but I'm inside working   The kids got to go to the park tho 
4,1974661675,Sat May 30 13:35:21 PDT 2009,NO_QUERY,SoupyLaura,Sitting in dad's garden listening to iPod.  just been the park but discovered were too big go on the seasaw and the climbing frame! 
4,1974742852,Sat May 30 13:45:19 PDT 2009,NO_QUERY,JenJenXD,GOD! The Suspese Is Killing Me  Just Voted My Last Vote To Diversity 
4,1974742920,Sat May 30 13:45:20 PDT 2009,NO_QUERY,KristineDulay,"@TWITTAH_G I know  everytime I see commercials I get sad, but I have no patience for touch screen..I learned. &amp; I'm in love w/my bb "
4,1975074339,Sat May 30 14:23:34 PDT 2009,NO_QUERY,beaalv,"@Jonasbrothers I was desepointed about the stage in chile  but , I loved the show  plz come back to chile  "
4,1975295183,Sat May 30 14:51:30 PDT 2009,NO_QUERY,Louisajn,"@alexandramusic DIVERSITY WON  it was between saxophone player, susan boyle and diversity. i wanted shaheen to do win "
4,1975327325,Sat May 30 14:55:35 PDT 2009,NO_QUERY,tishtashtosh13,And Santa and the Toothfairy dont exist  By the way doggy paddle is a legitimate way to keep balance  x
4,1975441103,Sat May 30 15:09:49 PDT 2009,NO_QUERY,MusicIsHealthy,@SSjUmi cool! I want it too  I'm gonna buy it 
4,1975505100,Sat May 30 15:17:59 PDT 2009,NO_QUERY,AlexArnold_,OK my twiiter is officialy somehow broken  Ohhh welll !! Jonas brothers and Demi Lovato in 14 dayssssssss 
4,1975660555,Sat May 30 15:37:46 PDT 2009,NO_QUERY,tx76mike,still at the mac store... got my phone swapped  wont do a white one tho 
4,1975662397,Sat May 30 15:38:01 PDT 2009,NO_QUERY,nic_white,@Michaelturnbull v easy to spend too much in Zara. I did same directly after seeing shopaholic film warning against excessive spending  
4,1975786772,Sat May 30 15:54:07 PDT 2009,NO_QUERY,xOlivia_,"man, its meant ti be even sunnier tomrrow than it was today ....scorrrreeeee!  i dotn even tan though "
4,1975786807,Sat May 30 15:54:07 PDT 2009,NO_QUERY,veronicalynn,@kimberliea fail  I didn't even see him while we were there. &amp; I like the way you think! I'm going with all of the above! 
4,1976059832,Sat May 30 16:30:01 PDT 2009,NO_QUERY,adriwadri,taking the hp trivia on facebook again  then later im making a list of what to do during my last week of summer 
4,1976336876,Sat May 30 17:06:21 PDT 2009,NO_QUERY,AlysheeaPM,"At my mothers (:Watching I Dream of Genie, it's alright :Lgoing home soon  Should still be sleeping haha This laptops crap, I want mine "
4,1976349600,Sat May 30 17:08:01 PDT 2009,NO_QUERY,ppotts09,"went to the junk yard...delaney was cute ! , got our down payment back  &amp;     , went to dinner then walmart..."
4,1976426743,Sat May 30 17:18:17 PDT 2009,NO_QUERY,AleVH,@stars202 Cars  Bugs life : l Incredibles 
4,1976517950,Sat May 30 18:20:17 PDT 2009,NO_QUERY,MelloYellowMop,@raddfayce -pumps air into them-  CPR!  ... 
4,1976743986,Sat May 30 18:56:27 PDT 2009,NO_QUERY,nvrgrwoldnvrdie,dying for an ice cold drink but all i have is beer  
4,1976810843,Sat May 30 19:08:43 PDT 2009,NO_QUERY,AlyxxDione,I recorded 10 songs n three days. My voice is :-/ so I'm on vocal rest  but yea the songs are bizzzzzomb! 
4,1976847693,Sat May 30 19:16:57 PDT 2009,NO_QUERY,twheresweevil,Just finished watching the last two eps of Southland. HOLY. SHIT. I love this show. It needs to be back already. Time for PD now.  
4,1976971575,Sat May 30 19:44:32 PDT 2009,NO_QUERY,AshleyMagan,@Jessie_Lou_Fyi oooh no they melted AGAIN!!  lol naa.. cant be GA has to be hotter.... 
4,1976983155,Sat May 30 19:46:43 PDT 2009,NO_QUERY,jehmcfly,@tommcfly toooooooooooooom  tell me that you'll be right back to Brazil soon 
4,1976996242,Sat May 30 19:49:05 PDT 2009,NO_QUERY,areeshababy,home from work...boreddd got to see @m_sassy today  missin @kelseygirardot 
4,1977183710,Sat May 30 20:19:01 PDT 2009,NO_QUERY,nedwin,Beautiful day outside . I'm going to uni  then to workshop for bloggers delight 
4,1977220203,Sat May 30 20:24:59 PDT 2009,NO_QUERY,mln2784,I DONT LIKE GIRLS SARAH  NICKS A GUY SILLY 
4,1977230722,Sat May 30 20:26:36 PDT 2009,NO_QUERY,Bubbles_Fly,"eating some double choc chip cookies, yum, the only downside is that there are crumbs falling on/in to my laptop...  &amp; "
4,1977293188,Sat May 30 20:36:46 PDT 2009,NO_QUERY,miss_k_renee,@MikEE002 Geeez thanks! Lol just joking but FINALLY  .. aww I've had a shitty 2 days  so I feel ya!
4,1977330445,Sat May 30 20:43:02 PDT 2009,NO_QUERY,MarkGilesHRP,Then they suddenly decided to jump out while over Montana.  Woke up to find them still beside me.  disappointed and mad.   
4,1977366087,Sat May 30 20:49:17 PDT 2009,NO_QUERY,annalisaceccato,just woke up about 10 min ago cause only had an hour sleep yesterday  now really bored want to go shopping 
4,1977366664,Sat May 30 20:49:24 PDT 2009,NO_QUERY,gillat,@lizasperling excellent   So you don't have any camera to try it with?  
4,1977511509,Sat May 30 21:07:13 PDT 2009,NO_QUERY,KalKulated,"is sad that there are no more puppet commercials!  But as long as Kobe doesnt win, I'm happy! "
4,1977625382,Sat May 30 21:21:10 PDT 2009,NO_QUERY,BrittanyPippin,"so happy, but so sad ....  / "
4,1977761720,Sat May 30 21:39:10 PDT 2009,NO_QUERY,JennawithaB,I'm having an awesome weekend  But my Vid for endushunger won't load to send...even my STudio Suite is being weird 
4,1977809035,Sat May 30 21:45:30 PDT 2009,NO_QUERY,feelingsinister,@weirdturnedpro i am indeed! enjoying my final day of freedom before *sniff* work tomorrow.  lunch? 
4,1977822722,Sat May 30 21:47:21 PDT 2009,NO_QUERY,mdavid,"@Meryl333 Haven't heard from you forever!   So glad to hear from you now, though!  How are you?!"
4,1978027912,Sat May 30 22:15:44 PDT 2009,NO_QUERY,lesleeyvonne,Yeah sarah!! At my bouse!  lol.  I misss Fresno.
4,1978094335,Sat May 30 22:25:39 PDT 2009,NO_QUERY,gymshortDARRELL,GREAT night with evetta and shane  Gay movie though..  can't wait to get my toes did tomorrow  hahaha by the way no more monsters for me
4,1978095118,Sat May 30 22:25:47 PDT 2009,NO_QUERY,Wilfner,@atinblow  ~  What happened to your tweeter ?   Did you lose it in February ?  You are missed.    
4,1978117620,Sat May 30 22:29:18 PDT 2009,NO_QUERY,Kutski,Singapore was OFF THE HOOK last night  forced my self up early to see the place in the day as i leave at 11pm tonight  not enough time!
4,1978274592,Sat May 30 22:53:40 PDT 2009,NO_QUERY,pat3537,Accidentally scrobbled a Pink Floyd song   Purposely scrobbled many Ike  Reilly songs though 
4,1978299065,Sat May 30 22:57:39 PDT 2009,NO_QUERY,AnolaGranola,off work. all day shift got me tired. home. wanna do something but sibs are here...  it's cool i miss them too 
4,1978358990,Sat May 30 23:07:20 PDT 2009,NO_QUERY,camgroth,Weekend is nearly over  5th last working day at work for me tomorrow  I can't wait!!
4,1978674036,Sun May 31 00:05:41 PDT 2009,NO_QUERY,chellebelle12xo,closed my phone on my finger  and it hurt like a bitch lol going to bed now i guess.. goodnight! 
4,1978703875,Sun May 31 00:11:23 PDT 2009,NO_QUERY,sady_sadz,Confessions Of A Shopaholic Was Great! Marley &amp; Me Was Great Too!  Origins Today ;) + I'm Sick  And @bhish_88 GOOD FOR YOU :
4,1978706147,Sun May 31 00:11:50 PDT 2009,NO_QUERY,aj_javier21,"playoffs.  cavaliers lost.  orlando magic won, L.A lakers vs. Orlando magic. wee. (championship)"
4,1978708145,Sun May 31 00:12:13 PDT 2009,NO_QUERY,Tas_E,"@reneenay http://twitpic.com/6bjlw - Oooh, Weimaraner? They are soo pretty.  My poor little dog has to have surgery next week. "
4,1978768883,Sun May 31 00:24:16 PDT 2009,NO_QUERY,Sidney96,"School tomorrow    It doesn't feel right without my lucky &lt;3   Unlike nadine, I have finshed my dt homework  good luck      8)"
4,1978925738,Sun May 31 00:57:43 PDT 2009,NO_QUERY,khushee,Finished reading &quot;Seven Ancient Wonders&quot;. Still not feeling better  Wonder what's for dinner 
4,1978945483,Sun May 31 01:01:50 PDT 2009,NO_QUERY,anartistexposed,@carnalis it was an excellent meal - will divulge fooderotica later ;-) woke with toothache in the night  City walk for exercise today 
4,1978962852,Sun May 31 01:05:45 PDT 2009,NO_QUERY,LucyMarie85,@MakeupLoveer  thank u sweetie  have a fun day too. just watched your new videos AWESOME!! wouldnt let me comment   xx
4,1979073094,Sun May 31 01:31:41 PDT 2009,NO_QUERY,_shannon1234,"@semsy Me either! Poor guy  Anyway, how are ya? "
4,1979105177,Sun May 31 01:39:35 PDT 2009,NO_QUERY,ami2411,School tomorrow. Back to exams  happy i'll get to see everyone (well most ppl) again though 
4,1979113958,Sun May 31 01:41:39 PDT 2009,NO_QUERY,BobbiATT18,"@brooklynoop Hiyas! Doin' ok, and yourself?? @xdahlia Awwww  I sowwy! Sleep! @Jaaycooxo Lol, niiiiice.  No shame in the Noopy love! lol"
4,1979114311,Sun May 31 01:41:44 PDT 2009,NO_QUERY,racheladinda,@kevin___206 Not yet!  R U gunna meet @misswhadevr tonite? How fuuuun... I miss our Oh La La times 
4,1979131918,Sun May 31 01:46:00 PDT 2009,NO_QUERY,itsmrgomez,@lanididit aww you didn't tell me you felt sick   hope you feel better! 
4,1979173907,Sun May 31 01:56:12 PDT 2009,NO_QUERY,miss_kayti,"Doctor Who is on today, yay  I'm gonna miss David Tennant "
4,1979209147,Sun May 31 02:04:28 PDT 2009,NO_QUERY,tannwick,@SapphyNo1 Tom has been &quot;daft&quot; all week too - really hyper  Never mind 6 or so weeks left  &lt;Not thinking about the levels of work&gt; ;)
4,1979248260,Sun May 31 02:14:21 PDT 2009,NO_QUERY,pmeds,@erikamodina Yeah   she sucks fuck YOU pat medina! FCKKU!  omg what if she sees this again ? HAHA
4,1979263380,Sun May 31 02:18:04 PDT 2009,NO_QUERY,Schmickeys,I up!  woaahh. today: Hannah Montana on TV after that cinema: Night atg museum2!! yay-- but I miss Selina so much! 
4,1979312915,Sun May 31 02:30:37 PDT 2009,NO_QUERY,mchelleyy,@janine_j9 ahahaha.  lol you should see it with me though. 
4,1979316435,Sun May 31 02:31:28 PDT 2009,NO_QUERY,marsdewd,"@Gem_92 no not much working mainly,sorry it's boring but true  great news about your new gf I hope you2 will be very happy "
4,1979320172,Sun May 31 02:32:25 PDT 2009,NO_QUERY,meggyprinsesa,says miss ko na muchy si @HOL_mArK  attached much?  http://plurk.com/p/xd1gp
4,1979373775,Sun May 31 02:46:07 PDT 2009,NO_QUERY,fjkeogh,@donna12 it's gr8 only downside no footie  yes spending the day in the garden reading papers listening to i-pod sneaky beer or 2   u?
4,1979391094,Sun May 31 02:50:43 PDT 2009,NO_QUERY,helloinfinite,Good ole thai food at thai express sans bear..  
4,1979396663,Sun May 31 02:52:09 PDT 2009,NO_QUERY,discomaniac,can't wait to tumblr! it is addicting. JOIN NOW!  off to mass! asdgklfl the rain  i think we'll be late and we have to sit outside. 
4,1979562113,Sun May 31 03:34:54 PDT 2009,NO_QUERY,hayleytrotter,Ahhh i think CIbulkova is about to beat Szavay...   I love Agnes! Everyone watch Roland Garros 
4,1979568140,Sun May 31 03:36:25 PDT 2009,NO_QUERY,jaybeean,I don't want david tennant to leave  stay forever. man doctor who is an amazing show. calls for marathons on the holidays &amp; i cant wait 
4,1979614021,Sun May 31 03:48:19 PDT 2009,NO_QUERY,eddpost,"Looking out the window thinking all i want to do is sun bathe, but I have to get on a train for 6.5 hours!!!   Enjoy it everyone  x"
4,1979638498,Sun May 31 03:54:14 PDT 2009,NO_QUERY,RosyIR,"http://bit.ly/QCpNd  , I guess that this will happen again this year   pur hubby"
4,1979649120,Sun May 31 03:56:50 PDT 2009,NO_QUERY,WTFDaisy,Exams tomorrow and Tuesday  So I'm revising ratio and watching Kate's box set of friends and drinking vimto 
4,1979675617,Sun May 31 04:03:05 PDT 2009,NO_QUERY,Patty_92,@aprilcullen i hate you now!  
4,1979765929,Sun May 31 04:25:06 PDT 2009,NO_QUERY,lasic,"@jabogan LOL, why creepy?  ok with me... bummer, school Moodle is down prob'ly due to upgrade at DET this w'end - back Tue, sorry "
4,1979779289,Sun May 31 04:28:24 PDT 2009,NO_QUERY,pisnimbus89,"Photo: kut3ng: hell yeah.. Blindside!  ï¿½ Man, I really miss Survivor.  http://tumblr.com/xf31ww4xi"
4,1979788418,Sun May 31 04:30:31 PDT 2009,NO_QUERY,helen456,"@moss1982 thanks  i can only do 1 date now  is it bad but if Sign were supporting,id do more dates?!"
4,1979791374,Sun May 31 04:31:12 PDT 2009,NO_QUERY,club1985xxx,@kerrylouisexxx I stayed there  I will do lovely. So sorry I've not been in touch. I've been soooo I'll  xxx
4,1979816065,Sun May 31 04:37:14 PDT 2009,NO_QUERY,arcanjo,baixando the dark nigth em 1080p  11Gb 
4,1979823707,Sun May 31 04:39:04 PDT 2009,NO_QUERY,gilleski,@cramstr27 oh great! we will have soooo much fun as usual!  poor alix rest in peace 
4,1979832610,Sun May 31 04:41:13 PDT 2009,NO_QUERY,DiAnna_Bby,Gettin ready to go to work.  sleepy as shit. Got me a nos though   (lOVE fOR $$$;]
4,1979855348,Sun May 31 04:46:43 PDT 2009,NO_QUERY,SaraahPcd,"@dollforlife I don't know  , But i'll find a way ! "
4,1979906790,Sun May 31 04:58:54 PDT 2009,NO_QUERY,VelcroShoes,@ch1stnut1 ARGH your birthday party was totally super awesome dude!! Loved it massively  BAH revision  otherwise  xx
4,1979990186,Sun May 31 05:17:27 PDT 2009,NO_QUERY,XxKaTeAnxX,JLS NEW ALBUM COMING OUT ON THE 3RD JULY !!!! :-D can't wait for it to come out !!!!  but the down side is at alton tower  xxxx
4,1980025151,Sun May 31 05:25:09 PDT 2009,NO_QUERY,chelsea1998,"happy bday to my friend, Laura!! ;) last exams tomorrow!!  havin' a badd coldd. "
4,1980027436,Sun May 31 05:25:39 PDT 2009,NO_QUERY,jaimekelley,"i am definetely going to be a wreck this friday night. i'm gonna miss it soo much   but.. next year, of course. goin' back ta b-wat "
4,1980062309,Sun May 31 05:33:01 PDT 2009,NO_QUERY,Cat__W,"grrr the twitter thing wont upload my picture  stupid thing, so im just an X in a box atm "
4,1980065476,Sun May 31 05:33:43 PDT 2009,NO_QUERY,dhantypotter,Thank you guys   *hugs*
4,1980071963,Sun May 31 05:35:07 PDT 2009,NO_QUERY,sojufied,gonna try and get some sleep before i gotta head off to work. another long work week  ...can't wait til friday! karaoke and gyukaku 
4,1980149033,Sun May 31 05:51:18 PDT 2009,NO_QUERY,iwouldbecallie,@imightbedanni hi tweeter friend. I'm sorry we did not have the pleasure of hanging out  soon enough we'll b free...then SONSHINE!!!! 
4,1980295811,Sun May 31 06:19:14 PDT 2009,NO_QUERY,carrotstick25,@dizyodude: Alex!!! Why didnt you come  sad...Masaya outing haha Walang tulugan and videoke galore  Not much alcoholic drinks though :-/
4,1980297137,Sun May 31 06:19:30 PDT 2009,NO_QUERY,EwanB1988,"Another sad lonely day  ... oh well, at least I have ice-cream! "
4,1980309115,Sun May 31 06:21:38 PDT 2009,NO_QUERY,MrSaints,@rawrceline sorry lehhhh! your not dumb la  LOL! you are pro 
4,1980351875,Sun May 31 06:29:27 PDT 2009,NO_QUERY,AlexandraWarner,is loving this weather.But cant believe were back in school tomorrow  So hope these 7 weeks go quick then another 6 weeks off thank god 
4,1980400142,Sun May 31 06:37:56 PDT 2009,NO_QUERY,true_love_way,"@PlumCrazyy I FECKING LOVE THE MELONS. I LOVE YOU MONDO!  venturing outside, perhaps to just drink water, i have no energy! "
4,1980423297,Sun May 31 06:42:03 PDT 2009,NO_QUERY,Tweetiebaby,~~~X0X0~~~!!!X0X0!!!      I love you!!!  &amp; I miss you!!! 
4,1980445931,Sun May 31 06:46:04 PDT 2009,NO_QUERY,hanniiee_,"hiding from the sun since i got burnt yesterday   ah well, norman cooks brimful of asha is enough to cheer anyone up "
4,1980552063,Sun May 31 07:03:36 PDT 2009,NO_QUERY,hystericalbee,@tommcfly tweet us all?? including me  ? hope so 
4,1980554762,Sun May 31 07:04:03 PDT 2009,NO_QUERY,jemjem1983,@jepsipepsi awww rain?  it's so hot and sunny here in Ipswich 
4,1980655318,Sun May 31 07:19:55 PDT 2009,NO_QUERY,bmacwuzzhur5,I have a damn headache! So much for getting my beauty sleep   princess 
4,1980899009,Sun May 31 07:57:04 PDT 2009,NO_QUERY,KazBT,"@irrum *smishes*  Hee. DUDE. You HAVE to when you can, k? I want next season nooooow  lol"
4,1981071206,Sun May 31 08:20:59 PDT 2009,NO_QUERY,smileymango,@alicebates LOLO  Awwww thats so cute. I want a tortoise 
4,1981190523,Sun May 31 08:37:15 PDT 2009,NO_QUERY,amazingchipmunk,still sickish  ... but second city lessons today!!   (just hope i dont infect everyone...lol)
4,1981266195,Sun May 31 08:47:24 PDT 2009,NO_QUERY,HappyCassie,@BradtheGleek my body refuses to tan  but I've come to love my creamy white skin  AND I WANNA GO SWIMMING MAHN!
4,1981266476,Sun May 31 08:47:26 PDT 2009,NO_QUERY,Conceet,I've been out in the sun WAAAy to much today..  But at least I got a tan! 
4,1981310059,Sun May 31 08:53:07 PDT 2009,NO_QUERY,holtong,@tomwilliamsboat I know  so excited  xxx
4,1981390181,Sun May 31 09:03:07 PDT 2009,NO_QUERY,bryan_kavanagh,@JimmyVo DBs haven't got access to KBs in the gym I was training in  still good tho 
4,1981407027,Sun May 31 09:05:14 PDT 2009,NO_QUERY,chrispowell,Fell in love with a house yesterday.  Saw the price. Fell out of love. 
4,1981422344,Sun May 31 09:07:12 PDT 2009,NO_QUERY,nettekulet,@mulder8scully5 oh... sorry... im sad for you..   Request ka na lang TMH sa RX. 
4,1981455916,Sun May 31 09:11:27 PDT 2009,NO_QUERY,scorpio1641,@risha_ I can't even get into VB  Even the server monkeys are mourning   
4,1981502769,Sun May 31 09:17:20 PDT 2009,NO_QUERY,josephpuyat,"I want new HyperDunkssss!  Still the best basketball shoe, ever. "
4,1981595492,Sun May 31 09:29:18 PDT 2009,NO_QUERY,AngelwithShoes,"Only after I said WP doesn't support Twitter application, I found it's in the widgets.  Now I added it in my blog. "
4,1981659566,Sun May 31 09:37:26 PDT 2009,NO_QUERY,kirsties4,rafa lost  almost cried but he will come bk at wimbledon n kick some ass  goin 2 get big G then head to gig  c yaz xxxxxxxxxxxxxxxxx
4,1981708176,Sun May 31 09:43:32 PDT 2009,NO_QUERY,sophicals_,so warm today  shoulders are burnt though 
4,1981920728,Sun May 31 10:09:46 PDT 2009,NO_QUERY,Missing_Lyrics,"@MakingOurEscape i dunnoo, i think Fix You is indoors i can hear a slight echo.. i recon Glass of Water  *siiiiigh*   i could cry"
4,1981953067,Sun May 31 10:13:38 PDT 2009,NO_QUERY,kidyungn,"@Sxy_Jennifer haha yea you know i care  , dang how come you aint add me on myspace yet "
4,1981984224,Sun May 31 10:17:27 PDT 2009,NO_QUERY,BobTheZombie,"Speaking of Cars, they're making a sequel.  They're also making a Toy Story 3, though, so that balances out. "
4,1982149177,Sun May 31 10:37:34 PDT 2009,NO_QUERY,tinybaybee,"@DJSkreamallpro -- yayy u laughed  i put the pictures on myspace, but i dnt have u as a friend "
4,1982150734,Sun May 31 10:37:46 PDT 2009,NO_QUERY,sicknastyemily,"@cillaaa  its okay, were seeing them on saturday too! "
4,1982165592,Sun May 31 10:39:36 PDT 2009,NO_QUERY,JessIsHere,"@treypearson YAY! And as i've said before, Under Your Thumb is amazing  Ohh and you cant message someone unless there following you "
4,1982167087,Sun May 31 10:39:47 PDT 2009,NO_QUERY,jonas_twilight3,@iLoveNickJ4LIFE  ... AGAIN!!! BUT YOU JUST CLEANED IT UP :O !!! I WOULD be lyk lyk ... so .. no words to explain it! :| 10:45AM  lol
4,1982167719,Sun May 31 10:39:52 PDT 2009,NO_QUERY,purrfectpixie,"Its Beautiful weather, so sunny and warm  its too be warm again tomorrow woohoo pity im working "
4,1982181445,Sun May 31 10:41:29 PDT 2009,NO_QUERY,catriii,edinburgh again it hot hot hot! love it  work was so busy today  lol
4,1982198095,Sun May 31 10:43:31 PDT 2009,NO_QUERY,achillesmama,@BonnieJene I know what you are saying!  
4,1982200634,Sun May 31 10:43:50 PDT 2009,NO_QUERY,AllisonChase,@AnnaDeStefano My oldest drove back to school today. Won't see her for 2 1/2 months!   But I can store stuff in her room again. 
4,1982215494,Sun May 31 10:45:38 PDT 2009,NO_QUERY,amyrovira,Eating ramon  ilymtf 
4,1982232144,Sun May 31 10:47:42 PDT 2009,NO_QUERY,xcatrinx,@BeccaLorna I like it it's funny  pleeeease can I use it? Pleeeeease? You used many a rubbish picture of me in your art book 
4,1982247876,Sun May 31 10:49:41 PDT 2009,NO_QUERY,georgia_xoxo,@HanSpam Just clicked link from yday! I cant wait! Ive been waiting for this movie since last yr!! still have a yr to wait!  hehe 
4,1982265149,Sun May 31 10:51:44 PDT 2009,NO_QUERY,JessMcFlyxxx,Good evening everyone  havent learnt my lesson and have ended up even more sunburnt  how is everyone else? xxx
4,1982266522,Sun May 31 10:51:55 PDT 2009,NO_QUERY,CWhymeee,Had a GREAT vacation!!!  This was 1 of the best!!  and now heading home.  As long as we don't get last...
4,1982279593,Sun May 31 10:53:32 PDT 2009,NO_QUERY,josh_is_sleepin,rascal no. 1  god i hav no pics of myself under 700kb  tryin 2 figure out wat to do
4,1982312364,Sun May 31 10:57:33 PDT 2009,NO_QUERY,Chelsea1418,"Sunburnt shoulder!!  School In the morning! Attempting to learn two rebels on the guitar!  (&quot;,) &lt;3"
4,1982346903,Sun May 31 11:01:36 PDT 2009,NO_QUERY,Miss_Foxay,@Ms_Cute wats up tiffy hope your ok..  if you need to talk you know where to find me 
4,1982348390,Sun May 31 11:01:47 PDT 2009,NO_QUERY,in_luv_with_j,i had pancakes for breakfast...wow that was a while ago...i miss him so much...  i get to see him and his haircut 2maro 
4,1982434182,Sun May 31 11:12:02 PDT 2009,NO_QUERY,Wingkit,oooh...mtv movie awards tomoz  cant wait but really cant watch as i need 2 revise. 
4,1982467369,Sun May 31 11:16:02 PDT 2009,NO_QUERY,emskydoodle,@mileycyrus I voted  Multiple times  But it's not on TV here tonight  I wonder when I'll see it...
4,1982499660,Sun May 31 11:19:58 PDT 2009,NO_QUERY,xShefSx,@xxlinzivxx tch 5!! Lol &amp;I kno wooooo!!  it's killin my mood tho wit maths 2moz! :/ :'( I'm gna need major hugs!!  x
4,1982616162,Sun May 31 11:33:50 PDT 2009,NO_QUERY,karanbheda,Nadal out of French Open ......... yahoooooooo ...........  Hope Fed makes it this time now 
4,1982666305,Sun May 31 11:39:48 PDT 2009,NO_QUERY,xxrawkstarx,OMGG the mtv awards is soon and i cant even watch it stupid tv urgg im frusturated  -sighs- i just hope vanessa wins it all the way  &lt;33
4,1982667395,Sun May 31 11:39:56 PDT 2009,NO_QUERY,moriator,"@anhhung cÃ i moto4lin rá»i anh  XÃ i ÄÆ°á»£c nhÆ°ng váº¥t váº£ quÃ¡. CÃ¡c báº£n Ubuntu cÅ© Äï¿½?u xem nhÆ° 1 USB, chá» cÃ³ tháº±ng Jaunty trá» chá»©ng "
4,1982702366,Sun May 31 11:44:04 PDT 2009,NO_QUERY,octoPIST,@zack_OPEN AH have fun!  take lots of picture of carnival stuff like cotton candy and horsies!  jealous
4,1983034484,Sun May 31 12:22:38 PDT 2009,NO_QUERY,Sims_Galore,"@ConnorJack yea, looks great  got my vids on there  yay ;) the ads are hard now to find as only some channels show them "
4,1983172751,Sun May 31 12:38:41 PDT 2009,NO_QUERY,CarolynUndead,@grcrssl none  but i'm going seeing Elliot Minor 
4,1983290333,Sun May 31 12:52:25 PDT 2009,NO_QUERY,ashleybella,"@kkpalmer89 girll, I invite you everywhere, but we live 4321 miles apart  wannna go to the movies with me tonight? See I invite "
4,1983290905,Sun May 31 12:52:31 PDT 2009,NO_QUERY,metricjulie,"@Pepperfire unfortunately not    i am running bad these days, but i'll be fine "
4,1983327936,Sun May 31 12:56:49 PDT 2009,NO_QUERY,TheJackel92,@naughty_ottsel Tis worth getting  Has kept me from maths revision so I'mma failing that 2moro :L 
4,1983327971,Sun May 31 12:56:49 PDT 2009,NO_QUERY,KeelyVdance,Im Back From Camp  
4,1983381032,Sun May 31 13:02:51 PDT 2009,NO_QUERY,Phizzy_x,@Dannymcfly Hello England  Wheres your Hello Scotland. We are still alive you know.  TWEET
4,1983466305,Sun May 31 13:12:36 PDT 2009,NO_QUERY,sydeshow,@DaedalRogue that makes me sad on so many levels  but I'm glad I'm not you and going partying instead 
4,1983483405,Sun May 31 13:14:36 PDT 2009,NO_QUERY,kikixkeelax,is seriously freakin out over next week!!!!!!! cant wait till friday  n Im FREE!!!!!! oh dear ive got a dance exam 2 worry about 2!  xxx
4,1983536649,Sun May 31 13:20:43 PDT 2009,NO_QUERY,ChalkyT,"Just back from a lightening visit to Dublin, my brand new baby niece is a peach  That just wasn't enough time... "
4,1983555991,Sun May 31 13:23:01 PDT 2009,NO_QUERY,mackenzieleeeee,wanting to relive the best thing ever in seattle today but can't  oh well. yesterday was good enough for me  &lt;3 relient k
4,1983604363,Sun May 31 13:28:40 PDT 2009,NO_QUERY,anfoxy,"@BOILING_SKIES Don't have cable.   No TNT, no ESPN I'm going to have to wait till it hits ABC. I'll find a way to watch...I HAVE TO! "
4,1983640078,Sun May 31 13:32:45 PDT 2009,NO_QUERY,xLyssx,Missed Stake Conf today.   But did Genealogy.  Prepping for Temple on Tuesday. #lds
4,1983706615,Sun May 31 13:40:35 PDT 2009,NO_QUERY,FRUITofDOOM,Dark Digital developer showing me just how crap i am at Inferno pool   Gave me some great tips though  really good fun
4,1983726537,Sun May 31 13:42:57 PDT 2009,NO_QUERY,iargent,Should have gone on a bike ride today but never quite happened  Still enjoyed the sun though 
4,1983759946,Sun May 31 13:46:53 PDT 2009,NO_QUERY,CurranC,"disappointed to see (thanks, tr.im) that most of my fastest readers run Windows  though that's offset by their use of Firefox "
4,1983881220,Sun May 31 14:01:03 PDT 2009,NO_QUERY,revokedlove,"i don't know what to feel. but i guess i'll be happy cause MARIA is such a fighter! however, rafa  i'm so upset about him. vika "
4,1984070205,Sun May 31 14:23:02 PDT 2009,NO_QUERY,AlineMina,"@davidcharvet Hi i'll be in California this summer, coming from Belgium! when is your play?  on n'a plus de nvls de toi Ã  bruxelles... "
4,1984122583,Sun May 31 14:29:13 PDT 2009,NO_QUERY,peterkeating,looking forward to his first day with his shiny new laptop  thank you @AndreaBlack @dannyt  still not got the remote control to work 
4,1984174561,Sun May 31 14:35:13 PDT 2009,NO_QUERY,Kelliekk,@CandyMaize those who don't vote are Fuglies  LOL Gotta run. Really late now and i havent got shoes on yet! 
4,1984174832,Sun May 31 14:35:14 PDT 2009,NO_QUERY,Hailfax,@pandahlia  Then make a better effort of it! 
4,1984310203,Sun May 31 14:51:22 PDT 2009,NO_QUERY,Lauren_Jackson1,I don't feel like going to back to church tonight.  If I do then I'll have to leave early to catch the MTV Movie Awards!! 
4,1984377787,Sun May 31 14:59:31 PDT 2009,NO_QUERY,15AMR,I'm broke cuz she got all she wanted! Going hoe finally!   AMR 
4,1984396408,Sun May 31 15:01:37 PDT 2009,NO_QUERY,tyefighter,@WH1SKS sorry   i'm in bed already. I don't sleep in clothes.... And i'm can't really take pictures of invisi-knickers 
4,1984699105,Sun May 31 15:37:41 PDT 2009,NO_QUERY,deviryuu,"@molokheiya Aww, Thats ok  You should try beatmania, its lots of fun "
4,1984814855,Sun May 31 15:51:48 PDT 2009,NO_QUERY,elizabeth11394,@melz0812 I know  Its this huge history project..its gonna be about 15-20 pages lol. Yeah I cant wait for summer! 
4,1984915798,Sun May 31 16:03:43 PDT 2009,NO_QUERY,samsammysam,"is burnt  ...scrambo eggs, bacon and toast...scrummy supper "
4,1984933617,Sun May 31 16:05:44 PDT 2009,NO_QUERY,eventide89,"oki doki, headin for a few z's before my head explodes  nighty night all, c ya tomorro after ive soakd up some sun "
4,1984966587,Sun May 31 16:09:44 PDT 2009,NO_QUERY,snow_234,"Needless to say, i didn't write  But starting this weekend... I'll have the whole summer to write!!!! "
4,1984968622,Sun May 31 16:09:59 PDT 2009,NO_QUERY,DavinaCB,@twilightus so happy you're having fun  it's not on tv here yet 
4,1985017967,Sun May 31 16:15:48 PDT 2009,NO_QUERY,barbara_ftw,@xoxoRiaLovesYou me too  except his old stuff is better than his new stuff and he's gonna prob do we made you 
4,1985150195,Sun May 31 16:32:00 PDT 2009,NO_QUERY,19fischi75,@Impala_Guy Yeah this is really annoying  - will send u mine also next time 
4,1985183243,Sun May 31 16:35:55 PDT 2009,NO_QUERY,AyyoItsAmandaJo,woot how is everyone?  I miss the @jonasbrothers  I love you guys 
4,1985185763,Sun May 31 16:36:13 PDT 2009,NO_QUERY,twibirdy,morning  lotsa cleaning to do today!  and looking after my brother. aparently hes sick....but he looks fine to me!! lol
4,1985231219,Sun May 31 16:41:46 PDT 2009,NO_QUERY,prosopopeya,@inuroven OOOOOH  I NEED TO GO TO MACY'S. I HAVE TWO PAIRS OF BROWN SANDALS BUT ONLY BLACK FLIPFLOPS. IT'S A PROBLEM. 
4,1985661014,Sun May 31 17:32:02 PDT 2009,NO_QUERY,babyblue327,"just got back from outside. did the garage sale AGAIN today. oh cori , nothing sold from u  but silly 6 pins was sold wen u left  LOL "
4,1985681663,Sun May 31 17:34:22 PDT 2009,NO_QUERY,Kelwab,Paycheck  Not eating a thing all day 
4,1985803219,Sun May 31 17:48:12 PDT 2009,NO_QUERY,sheisnadine,"@dougiemcfly you could se people down in the hotel, i swear it's not boring  haha hope see you tomorrow, goodnight doug "
4,1985805821,Sun May 31 17:48:30 PDT 2009,NO_QUERY,Gime_Radcliffe,@TraceyHewins I will continue trying! and.. when I win.. I'm going to live to England!!  Lol (think that never  hehe)
4,1985820352,Sun May 31 17:50:10 PDT 2009,NO_QUERY,alexsander1994,@ashleytisdale http://twitpic.com/6ddox - cool. i wish i could be there  I hope you will win. Good luck  love you
4,1985823862,Sun May 31 17:50:31 PDT 2009,NO_QUERY,yellowduckx,"yay finished lord of the flies study questions  now, i think i will work on my japanese hw *sigh* "
4,1985842344,Sun May 31 17:52:33 PDT 2009,NO_QUERY,minxkitty,"Time for bed and home tomorrow  But had a great day; message made me happy, saw my family, had time with baby Daisy, lovely sunshine "
4,1985875202,Sun May 31 17:56:19 PDT 2009,NO_QUERY,UkCatsFan96,@helloo_kitty aww. Darn  yeah I enjoy concerts. George Strait I'm not a fan of. But to each their own 
4,1985966455,Sun May 31 18:06:29 PDT 2009,NO_QUERY,sheisgiovanna,finished watching the Hills finale;the last episode with Lauren  and now watching MTV Movie Awards!  finalyyy!
4,1986330503,Sun May 31 18:40:55 PDT 2009,NO_QUERY,littlelostgirl,YES! CAM WON!  DAMMIT! TAYLOR AND VANESSA DID NOT! THAT MAKES ME TRE SAD 
4,1986519692,Sun May 31 18:57:00 PDT 2009,NO_QUERY,Taijitukaizen,@alexgervais I miss tokyo  been there 3x when I was a kid--*daydreaming look* SANRIO LAND  *sigh* :\
4,1986546708,Sun May 31 18:59:12 PDT 2009,NO_QUERY,MarceP,"0.0 and the kiss?  i want to see it, i'm so happy! Twilight is the best! "
4,1986740147,Sun May 31 19:15:07 PDT 2009,NO_QUERY,ashymon,"@Vonnieee We should try turning into vampires. it will work  lol, I feel it! lol. I wana see new moon clip but i have to wait  lol"
4,1986881470,Sun May 31 19:27:17 PDT 2009,NO_QUERY,fearless911,"@dakcyrus sorry  you should though, its really funny "
4,1988687593,Sun May 31 23:05:14 PDT 2009,NO_QUERY,sakuraaa,"@AshleyLTMSYF aaaa im from Jakarta!  but so sad i cant watch ur concert, im having an exam this week "
4,1988726180,Sun May 31 23:11:45 PDT 2009,NO_QUERY,ottolejeune,@Audioscapist more guinness could help?   Ugh stones. 
4,1988737456,Sun May 31 23:13:39 PDT 2009,NO_QUERY,Poodlz,Had an interesting sunday afternoon at the Hua pub with her bogans and fav lesbian  Bye jt have fun in the southlands  X
4,1988817672,Sun May 31 23:27:46 PDT 2009,NO_QUERY,Kerry_Louisex,is up earli  But on a plus side it is my last week off college 
4,1988829019,Sun May 31 23:29:50 PDT 2009,NO_QUERY,mayerman,why is it always so cold in my bed  who wants to come snuggle? 
4,1988838369,Sun May 31 23:31:24 PDT 2009,NO_QUERY,joehay,Shower replaced  New Broadband fitted  Moby broadband still not working  Broadband speed cr&amp;p 
4,1988849066,Sun May 31 23:33:17 PDT 2009,NO_QUERY,saving_katie,"Ah jaggers gone home  i miss him, only 12 days till i see him again haha,   6 days till saving aimee, 26 days till mcfly , Lils Back!"
4,1988874326,Sun May 31 23:37:55 PDT 2009,NO_QUERY,mrscottsimpson,"waking up for school now, last PE of third year  i hope weather is good again "
4,1988883850,Sun May 31 23:39:43 PDT 2009,NO_QUERY,jessypooxd,just finished watching the mtv movie awards...  but.. I really do hope my cuzzins ok 
4,1988884310,Sun May 31 23:39:48 PDT 2009,NO_QUERY,JordanC9122,@AllTimeCassie i know but i wish they could  just like each day have the hustlers meet at the gk tent and then party on the bus.  i wish
4,1988937455,Sun May 31 23:49:41 PDT 2009,NO_QUERY,Nisa12,"@mileycyrus YOU WONNN???? Ayayay congrats!! You deserve it  Im from Indonesia and we have different time. So, I didnt watch you. Sorry "
4,1989011113,Mon Jun 01 00:03:32 PDT 2009,NO_QUERY,LovelyR1,"@2SHAE1 l0l yu right...I do love him!! Well yur lucky yur on the phone with yurs, I wanna be with mine right about now  "
4,1989022798,Mon Jun 01 00:05:44 PDT 2009,NO_QUERY,cbruton1975,Found out last night that an old friend had bike crash and has broken neck and internal bleeding  Giving nurses hell coz he wants a fag 
4,1989023362,Mon Jun 01 00:05:51 PDT 2009,NO_QUERY,oj_bern,is amazed how fast dropbox actually works  and how slow idisk is  so probably not paying for MobileMe and switch to other services??
4,1989115047,Mon Jun 01 00:23:41 PDT 2009,NO_QUERY,Kym_DimSim,"back in brisbane now  tired as hell, but that wont stop me heading out "
4,1989145975,Mon Jun 01 00:30:02 PDT 2009,NO_QUERY,rahul_gupta,"Good Weekend trend continues, won some gen contest  USD 50$, which sadly gets converted to 500 INR "
4,1989183716,Mon Jun 01 00:37:45 PDT 2009,NO_QUERY,CaryCheyenneXO,"@KodaDawn I just noticed that you have tweeted me  . . .I had an allergic reaction &amp;&amp; kept having them  but it's better now, xo."
4,1989211031,Mon Jun 01 00:43:40 PDT 2009,NO_QUERY,bellemcgowan,Well they kicked some West Coast butt the other night by 41 points!  I have to urgently get my wisdom teeth out and it is complicated 
4,1989353031,Mon Jun 01 01:13:42 PDT 2009,NO_QUERY,NeZ_Talk,It's raining today  I just hope it would be as sunny as yesterday! *hmm* .. at least it's easier to study then  ..
4,1989371460,Mon Jun 01 01:17:40 PDT 2009,NO_QUERY,Jimprz,In art class  therefore wasting Qr1 lol. I hate feltips on acrylic - they take ages to dry 
4,1989409444,Mon Jun 01 01:26:03 PDT 2009,NO_QUERY,platys5startome,"Best thing about being unemployed? I haven't bought petrol since Friday 17 April.  Tank's close to empty now, though, so... soon. "
4,1989419600,Mon Jun 01 01:28:19 PDT 2009,NO_QUERY,SSFansite,@nancy_oxo no worriess  its great ay! so sad  chris weitz did an amazing job.
4,1989426152,Mon Jun 01 01:29:48 PDT 2009,NO_QUERY,favknightlie,I dnt wana work wen its sooooo pretty outside  .. Hope this gorg weather lasts 
4,1989443405,Mon Jun 01 01:33:39 PDT 2009,NO_QUERY,BrandyWandLover,"@RussellBfan90 im gona sunbathe alllllll day  i dont know how to do it hun, mysti had to talk me thru it step by step!  xxx"
4,1989471439,Mon Jun 01 01:40:03 PDT 2009,NO_QUERY,Dublins98Dave,Morning all! Was up at 07:30 but have only been able to tweet now. Time for some nutrients. SuBo  Sunshine 
4,1989487782,Mon Jun 01 01:43:44 PDT 2009,NO_QUERY,astridcallista,@susan_cute haha iyah.. salah gw td reply di email  Kamis yuk? Pulang kantor? itu my only day off.. gw butuh penenangan otak dan badan 
4,1989498576,Mon Jun 01 01:46:07 PDT 2009,NO_QUERY,xmissxrhix7,now going to unpack from cherish  and start packing for the u.s.a!!  x
4,1989619409,Mon Jun 01 02:11:58 PDT 2009,NO_QUERY,louiseisanelf,on way home. paintings a poop to carry. starving but penniless  hate it when this happens. so app. semester brk is 6 weeks? 
4,1989630123,Mon Jun 01 02:14:20 PDT 2009,NO_QUERY,QueenAda,Goood morning everyone!!!! Still working on my bloody  essay  why can't i be a robot - then i would b probably finished already 
4,1989664340,Mon Jun 01 02:21:50 PDT 2009,NO_QUERY,alyghasani,just got home from the trip  it was fun but it's very very HOT there 
4,1989711997,Mon Jun 01 02:32:20 PDT 2009,NO_QUERY,GeeUrie,I missed Merlin yesterday!  But YAY Recruits is on soon! 
4,1989738872,Mon Jun 01 02:38:11 PDT 2009,NO_QUERY,byDust,"@LadyElena my visa expires the 7th, and there are no flights available between 2nd and 7th  But I'm coming back in august "
4,1989749843,Mon Jun 01 02:40:31 PDT 2009,NO_QUERY,p3ngu1n,looking forward to Microsoft's E3 Conference  not looking forward to the guranteed imagine cup finalist announcement tonight 
4,1989750079,Mon Jun 01 02:40:34 PDT 2009,NO_QUERY,AlysheeaPM,"@danniSTACK awww  Hope you get better soon  &amp; yeah, people suck sometimes :L"
4,1989776729,Mon Jun 01 02:46:20 PDT 2009,NO_QUERY,mam1cutie,@Dog_Crazy Sorry yest was bad day for your mom!   I hope today is a better day for her!  I gotta go get ready for work - blah. lol 
4,1989776908,Mon Jun 01 02:46:22 PDT 2009,NO_QUERY,angelovemiley,"@mileycyrus miley,congrats for your award.sorry im late.diffrent time  anyway,im so happy for you.you go girl!! "
4,1989798304,Mon Jun 01 02:50:50 PDT 2009,NO_QUERY,anneliese123,"just got home from work, got shell's birthday present  freaking out about english speech!!!  should be getting quotes for it but no..."
4,1989813799,Mon Jun 01 02:54:14 PDT 2009,NO_QUERY,unprettyg,Im gona run my FAT out now.Too much gd food e past few days   &amp; tmr.mini-mini marathon followby semi gd food i guessed.u know ann 
4,1989814053,Mon Jun 01 02:54:18 PDT 2009,NO_QUERY,AlleX91,Uugh  ...  school time ...again  Raining outside ( Thinking of life passing by (( *depression*... I better go 
4,1989842863,Mon Jun 01 03:00:18 PDT 2009,NO_QUERY,x_Laurawwr_x,Not looking forward to my comms exam today  loving the New Moon Trailer! Cant wait for the film  x
4,1989865722,Mon Jun 01 03:04:58 PDT 2009,NO_QUERY,limeice,@ChitraChaudhuri Thats inspirational.. geez all I can do is demented stuff  Way to go 
4,1989891554,Mon Jun 01 03:10:18 PDT 2009,NO_QUERY,Jeff_Hardyfan,&quot;@mileycyrus&quot;you are the best!!!! I love you  can you give me your e-mail??? I want to write with you but I cant 
4,1989894469,Mon Jun 01 03:10:56 PDT 2009,NO_QUERY,em42,sunny sunny sunshine  pooey pooey revision 
4,1989894753,Mon Jun 01 03:11:00 PDT 2009,NO_QUERY,fuckyfucky_,hillhead library anyone  ? im new twitter  follow meeee x
4,1989900618,Mon Jun 01 03:12:14 PDT 2009,NO_QUERY,Jeff_Hardyfan,&quot;@mileycyrus&quot;you are the best!!!! I love you  can you give me your e-mail???I want to write with you but I cant 
4,1989902087,Mon Jun 01 03:12:34 PDT 2009,NO_QUERY,Jeff_Hardyfan,&quot;@mileycyrus&quot;you are the best!!!! I love you  can you give me your e-mail???I want to write with you but I cant 
4,1989903458,Mon Jun 01 03:12:52 PDT 2009,NO_QUERY,Jeff_Hardyfan,&quot;@mileycyrus&quot;you are the best!!!! I love you  can you give me your e-mail???I want to write with you but I cant 
4,1989910411,Mon Jun 01 03:14:20 PDT 2009,NO_QUERY,Jeff_Hardyfan,&quot;@mileycyrus&quot;you are the best!!!! I love you  can you give me your e-mail???I want to write with you but I cant 
4,1989910741,Mon Jun 01 03:14:24 PDT 2009,NO_QUERY,DesneeTeeghan,1 new outfit and a pair of shoes is allIfound  will have to go out again this week 
4,1989912301,Mon Jun 01 03:14:44 PDT 2009,NO_QUERY,Jeff_Hardyfan,&quot;@mileycyrus&quot;you are the best!!!! I love you  can you give me your e-mail???I want to write with you but I cant 
4,1989930120,Mon Jun 01 03:18:25 PDT 2009,NO_QUERY,Jeff_Hardyfan,&quot;@mileycyrus&quot;you are the best!!!! I love you  can you give me your e-mail???I want to write with you but I cant 
4,1989931774,Mon Jun 01 03:18:47 PDT 2009,NO_QUERY,Jeff_Hardyfan,&quot;@mileycyrus&quot;you are the best!!!! I love you  can you give me your e-mail???I want to write with you but I cant 
4,1989933681,Mon Jun 01 03:19:10 PDT 2009,NO_QUERY,Jeff_Hardyfan,&quot;@mileycyrus&quot;you are the best!!!! I love you  can you give me your e-mail???I want to write with you but I cant 
4,1989944242,Mon Jun 01 03:21:20 PDT 2009,NO_QUERY,LennyHHR,Always fun waking up early   but I love hanging out with the folks at Fox News Rising. On my way there now. Suited up &amp; everything 
4,1990022033,Mon Jun 01 03:37:07 PDT 2009,NO_QUERY,honeyhayes,@ameliavillani I knowww I'd be so devo if I had to sell my ticket cause I was crippled  But still excited I get to go haha! 
4,1990051677,Mon Jun 01 03:43:11 PDT 2009,NO_QUERY,Sarah_Kelly16,at home all alone  lol GCSE'S nearly over avv it  gona miss eastbrook class of 2009  brap lol
4,1990112958,Mon Jun 01 03:55:20 PDT 2009,NO_QUERY,TheVanillaNinja,"Going to school!   Well it's not that bad, at least Finals are over!  "
4,1990130957,Mon Jun 01 03:58:47 PDT 2009,NO_QUERY,nick_foster,Paying my 2008 Australian tax  At least I didn't have to pay until now 
4,1990236591,Mon Jun 01 04:17:39 PDT 2009,NO_QUERY,mandy111992,i want my cell phone back  its still broken... but  at my birthday im going to buy a new one  this time i think it will be a blackberry
4,1990293172,Mon Jun 01 04:27:47 PDT 2009,NO_QUERY,AussieCarmen,feels like a alcoholic drink.  But can't do it on a school night. 
4,1990386049,Mon Jun 01 04:43:44 PDT 2009,NO_QUERY,NinjaNick1337,":o its monday now, i hurt my arm yesterday  and i walked into my door rofl..... lol il see you people at school today "
4,1990472784,Mon Jun 01 04:57:56 PDT 2009,NO_QUERY,NinaButowski,@StartedAFire Fantastic! Chemsitry  But in 2 days itll allllll be over   Xxx
4,1990483204,Mon Jun 01 04:59:36 PDT 2009,NO_QUERY,ashlena,@LaurenConrad just remind fans they can watch it again at MTV.ca and MTV.com  im in Toronto and we had some audio issues 
4,1990510540,Mon Jun 01 05:03:37 PDT 2009,NO_QUERY,rethasylviana,Basketball-ing... Yeeehaa....  the traffic isn't that bad tonight.. @kinsky kenapa gak basket?   http://myloc.me/2gEc
4,1990524699,Mon Jun 01 05:05:47 PDT 2009,NO_QUERY,ianoxley,"More ASP debugging  But first, lunch "
4,1990615614,Mon Jun 01 05:19:51 PDT 2009,NO_QUERY,LINOOO,"2 and a half hour maths exam actually killed me, so boring  Home to sunbathe now thoooo "
4,1990617795,Mon Jun 01 05:20:09 PDT 2009,NO_QUERY,ElizaRuby,Is gunna miss Will soooo badly wen he goes to the army  at least i have ALL summer to see him 
4,1990826216,Mon Jun 01 05:49:56 PDT 2009,NO_QUERY,SophieAndrea,@fordiddy tell me about it.  because it's my last one though i keep just thinking.. whether it goes bad or good.. it's the end 
4,1990970088,Mon Jun 01 06:08:20 PDT 2009,NO_QUERY,jewelieishness,19 days until SSSC  until then i have to be bored in math class 
4,1990971468,Mon Jun 01 06:08:31 PDT 2009,NO_QUERY,SeriouslyHannah,I saw the New Moon Trailer/Preview a few hours and minutes ago! It was great! I can't wait to watch New Moon this year!  
4,1991001093,Mon Jun 01 06:12:10 PDT 2009,NO_QUERY,ShesElectric_,@A_rEVOLution Me too! Going out to sunbathe in a bit!  heheeeeeeeee. missed you on here!  xxxxxxx
4,1991036954,Mon Jun 01 06:16:33 PDT 2009,NO_QUERY,lynnlok,@MGiraudOfficial you should sing Let's Get It On &amp; Human Nature  sadly I don't get to watch you on tour 
4,1991133744,Mon Jun 01 06:28:08 PDT 2009,NO_QUERY,LauraVogel,"@kmackvonerck We're in Park Slope!  Come visit!    Also, I know the bike feeling--it's great while riding, then you feel like death. "
4,1991294437,Mon Jun 01 06:46:28 PDT 2009,NO_QUERY,Tintara,@DameElaine Aw  It's almost over and then you will be free and feel like a new woman! 
4,1991419491,Mon Jun 01 07:00:23 PDT 2009,NO_QUERY,EricaLeigh777,@macbella2 oh sorry I was making a video  It might work that way I will try it in a little bit and see  Editing right now lol
4,1991548577,Mon Jun 01 07:14:20 PDT 2009,NO_QUERY,i_zoe,Revising for English and geography exam 2moz  in the sun!!! 
4,1991550902,Mon Jun 01 07:14:35 PDT 2009,NO_QUERY,kimie213,@DavidArchie Hi David! Where are you?  You havent tweeted so long... 
4,1991664130,Mon Jun 01 07:26:46 PDT 2009,NO_QUERY,DrErnie,"+1 #Ferber -1 #waketraining Rohan slep;-/t well  but woke up at 6am.   Then again, I did too, so we're ahead."
4,1991739607,Mon Jun 01 07:34:48 PDT 2009,NO_QUERY,Jeffers07,out in the sun  doing c/w :/ 
4,1991797128,Mon Jun 01 07:40:51 PDT 2009,NO_QUERY,Lesha94,leavin to Tennennesse  c ya laters ppl. Thhe mtv awards was awsome. I just hated bruno   I LOVE YA ANDY!!!!
4,1991969465,Mon Jun 01 07:58:48 PDT 2009,NO_QUERY,GeoffWilkinson,Having to work all this week  so will miss insite09  will be avidly following tweets for highlights.
4,1992090783,Mon Jun 01 08:10:57 PDT 2009,NO_QUERY,Quiggersx,@MollieOfficial i'm not going to your tour.  tickets for brighton were sold out. but i saw you on the GA tour.  you are brilliant live.x
4,1992127299,Mon Jun 01 08:14:45 PDT 2009,NO_QUERY,PaulaHarveyx,wow! love the sun  suntburnt  stuff it had great fun ..
4,1992127430,Mon Jun 01 08:14:45 PDT 2009,NO_QUERY,hannahkin,"@lufii cherryYUMYUM  I foudn more awesome pics of Yu too... but you don't care  Never mind, Kiro is still hot too!! &lt;3"
4,1992146327,Mon Jun 01 08:16:43 PDT 2009,NO_QUERY,angryhedonist,@tjslater ooh sounds interesting! but is it lengthy and wordy? i dont have the patience for that  preferably in the narrative? 
4,1992205202,Mon Jun 01 08:22:30 PDT 2009,NO_QUERY,jodonohue,The change machine wasn't working at the laundromat  I'm off to set up a delivery time for my new machine  #fb
4,1992253428,Mon Jun 01 08:27:08 PDT 2009,NO_QUERY,TizBanana,"@Rogue_Leader It is technically morning.. Bit after 1am.. Lol. I know, I missed out  time for sleep now hopefully "
4,1992314089,Mon Jun 01 08:33:04 PDT 2009,NO_QUERY,SlyM,@lovebiscuits   But you'll hopefully have a bun in the oven by then. 
4,1992418838,Mon Jun 01 08:43:18 PDT 2009,NO_QUERY,alexissanch,i have an ear infection  no strep throat so thats good and bad. getting something to eat then back home. SIMS 3 TOMORROW! 
4,1992687146,Mon Jun 01 09:09:37 PDT 2009,NO_QUERY,elijah_bs,"Last time I tried to go to Elena Avenue, I ended up in &quot;El galligo&quot;...  bad, need to learn to know my way on the streets "
4,1992893047,Mon Jun 01 09:29:41 PDT 2009,NO_QUERY,PalmTree88,(Sigh) &gt;of relief:Finished exams   &gt;with rolled eyes:Stuck on a train next to someone smelling of rancid dairylea/subway cheese 
4,1992934166,Mon Jun 01 09:33:38 PDT 2009,NO_QUERY,witnessamiracle,"@XinNixD but then again, it's the Chinese 'A's, which is tough!  Oh well, I did my best. "
4,1992934545,Mon Jun 01 09:33:40 PDT 2009,NO_QUERY,MarchaNL,Weekend almost over  Bbq with pat right now 
4,1992976229,Mon Jun 01 09:37:46 PDT 2009,NO_QUERY,Covergirl08,@ConniD u left me for Miami and when I call u u don't answer  LOL but u can come 
4,1993039269,Mon Jun 01 09:43:59 PDT 2009,NO_QUERY,NandaMoreira,@BitchNotAPerson sorry about yesterday  can u follow me again??pleasee! 
4,1993056028,Mon Jun 01 09:45:36 PDT 2009,NO_QUERY,jedigal125,I can talk now but i'm still sick  but I'm not in school 
4,1993056322,Mon Jun 01 09:45:38 PDT 2009,NO_QUERY,kanalrattenkind,@LuciLifeLover DAMN I hate Arts  It's the worst lesson on school. Please entertain me 
4,1993120568,Mon Jun 01 09:51:54 PDT 2009,NO_QUERY,KimStar12,@cheungkyy That would be nice but you have school  have fun in intro comp! 
4,1993143591,Mon Jun 01 09:54:07 PDT 2009,NO_QUERY,amirahrah,"@happy_pills ok, im not mad at u anymore  what assignment is it? i had a 45% asgmnt due last friday! and im still doing it "
4,1993352243,Mon Jun 01 10:14:21 PDT 2009,NO_QUERY,littlelylygirl,Awesome week end  couldn't finish the video though 
4,1993706202,Mon Jun 01 10:48:15 PDT 2009,NO_QUERY,G3MSKI,"@dougiemcfly wooo, glad your cold has dissaperead mine took 6 weeks to go  anyway glad you well "
4,1993730743,Mon Jun 01 10:50:33 PDT 2009,NO_QUERY,_miserybusiness,Today is GORGEOUS  Little bit of a tan on the old arms ;) ah i can dream. History tomorrow though 
4,1993773937,Mon Jun 01 10:54:38 PDT 2009,NO_QUERY,Rexxel,@OhlalaParis sounds good  although you were sayin today that the lasagne wasn't too great  xx
4,1993859759,Mon Jun 01 11:02:31 PDT 2009,NO_QUERY,NENAstarbaby,@kirchyyy aww  but a very very CONGRATS on a job well done with the rock&amp;roll marathon  frickin awesome!
4,1993926242,Mon Jun 01 11:08:37 PDT 2009,NO_QUERY,Ohrbootin,"I now have about 200 cans of beer in my garage  oh well, watching 'The Hills' season 5 finale "
4,1993926580,Mon Jun 01 11:08:39 PDT 2009,NO_QUERY,Lupoloui,Is hot! Had a good day with lots of walking  xxx now chilling Joseph is flat out in my arms with just a nappy on  poor baby is hot 2
4,1994252458,Mon Jun 01 11:39:01 PDT 2009,NO_QUERY,roxiijonas,tomorrow i prepare to fail  I don't understand any of it can't wait until its ok though 
4,1994953686,Mon Jun 01 12:43:14 PDT 2009,NO_QUERY,JRUD3Sx,watching greek from two or three weeks ago. No more andy-licious  oh well! good show! 
4,1995084294,Mon Jun 01 12:55:32 PDT 2009,NO_QUERY,leanne1992,had a maths exam 2day. was ok 4 a change  shame that I have english on tuesday and thursday  got 2 go revise now.
4,1995085261,Mon Jun 01 12:55:38 PDT 2009,NO_QUERY,linnetwoods,@musecrossing Namaste  Robbie and I have been listening to the news with heavy hearts today - all those people lost is tragic 
4,1995447473,Mon Jun 01 13:30:20 PDT 2009,NO_QUERY,chante4dannyxxx,night night people i missing u all a ready  i don't wanna go but i have to ill be back tomorrow woohoo lol 
4,1995468356,Mon Jun 01 13:32:18 PDT 2009,NO_QUERY,helenax33,@CCMBaum chelseyyyyyy   hospital? MY MUM WORKS THERE   love you muc.
4,1995530759,Mon Jun 01 13:38:21 PDT 2009,NO_QUERY,sethi616,why do i have a sore throat  saturday is gonna be radd  @jazperabellera @stormvincent @abhorredlife @monicatvu @trracy
4,1996003162,Mon Jun 01 14:22:58 PDT 2009,NO_QUERY,rachael_b10,i loveee this sunny spell  but tomorrow is meant to be the last day of it! GUTTED!  i loveee my new fone heeheee.
4,1996109006,Mon Jun 01 14:32:55 PDT 2009,NO_QUERY,Collette87,Didn't get my ice cream  did have strawberry cheesecake though 
4,1996194044,Mon Jun 01 14:41:02 PDT 2009,NO_QUERY,Sylverz,@CestCassie - YAY SIMS 3!  Ye have yers coming same-day? I really don't know when mine'll get here. 
4,1996255620,Mon Jun 01 14:47:02 PDT 2009,NO_QUERY,oleber,@shockhorror_x shup!  whatwhatwhat? 
4,1996296404,Mon Jun 01 14:51:00 PDT 2009,NO_QUERY,DanniBearrr,"out of dr pepper.  but i still has minstels!  just need a bedroom in a polly pocket house, cash cash and nasty nate."
4,1996336463,Mon Jun 01 14:54:59 PDT 2009,NO_QUERY,OhReallyPoet,@SeXXXyInTheCity i know  i want these shoes damn it.. @iamdiddy @mandellafella @ErOneH8zDerek all yall should pitch in 
4,1996553632,Mon Jun 01 15:16:47 PDT 2009,NO_QUERY,markmadsen,"@Claudia_Imhoff I'm jealous - Amsterdam in June. I've got Munich next week, yay biergarten! And London in Nov  and Rome in Dec "
4,1996974454,Mon Jun 01 16:01:37 PDT 2009,NO_QUERY,misswiz,@simone_QoF Thanks for the update  Everyone must be too busy actually talking to each other to bother with us 2D people 
4,1997102516,Mon Jun 01 16:15:27 PDT 2009,NO_QUERY,SaweetCheeks,Went to the beach again today with campbell n emma to meet my college buds  had an ace day...miss him now hes gone   but meh! lol x
4,1997398207,Mon Jun 01 16:46:48 PDT 2009,NO_QUERY,rquiroz,@MBRosso yeahhh! Its awesome!!!  i cannot wait! Here it come out n december! 
4,1997515056,Mon Jun 01 16:59:14 PDT 2009,NO_QUERY,jaerae466752,hmmmm soooo bored   wish i could be at home and watch the mtv movie awards 
4,1997732759,Mon Jun 01 17:21:43 PDT 2009,NO_QUERY,tragicmistress,"I only have two walking babies left  So, I asked my mom if I could babysit her 4 for the nite. So, now I have them  yayayay. &lt;333333333"
4,1998025611,Mon Jun 01 17:52:03 PDT 2009,NO_QUERY,christinaTwitts,eating some russian food&lt; 3  miss my  mommy 
4,1998026940,Mon Jun 01 17:52:10 PDT 2009,NO_QUERY,Miragi,@hollydale Like an island of dessert   I have not seen the beautiful and striking Jesse   I miss her.
4,1998046300,Mon Jun 01 17:54:08 PDT 2009,NO_QUERY,Hollistergirl1,"CAVS  you'll gettem next time! as Usher says , DOUBLE C'S STILL UP HIGH!  &lt;333"
4,1998086015,Mon Jun 01 17:58:14 PDT 2009,NO_QUERY,maryapples,@primaverasteen ILY2 BESTIE. ALL MY MONIES ARE GONE TOO  but 
4,1998328904,Mon Jun 01 18:22:12 PDT 2009,NO_QUERY,marnymateyuri,good morning! its June 2. 8 days before my b-day! haha!  just a cup of noodles for breakfast. not feeling better 
4,1998330562,Mon Jun 01 18:22:21 PDT 2009,NO_QUERY,neilspears,Great workout today =   Sore throat = 
4,1998452045,Mon Jun 01 18:34:17 PDT 2009,NO_QUERY,RebekahReidy,"@brandonrichey ~ My Monday ROCKED!  Thanks for asking! AND yes, I think the car said 93Âº today... wish I was basking in the sun "
4,1998532547,Mon Jun 01 18:42:23 PDT 2009,NO_QUERY,H0TCOMMODITY,@Irv25 me 2  BUt thanks 
4,1998921945,Mon Jun 01 19:20:45 PDT 2009,NO_QUERY,sunshine23511,I want to be Hef's girlfriend.   Too bad he is not into sistas 
4,1999157793,Mon Jun 01 19:44:26 PDT 2009,NO_QUERY,royalsFan01,Just finished the lineup for Tyson's game tomorrow. Dayne got rained out tonight.  But we were dry at volleyball! 
4,1999355184,Mon Jun 01 20:04:32 PDT 2009,NO_QUERY,aleiasoflyy,"oh how crazy life is, so unexpected! full of sadness  and joy  im waiting for my phone and still praying for a good job to come my way.."
4,1999374466,Mon Jun 01 20:06:28 PDT 2009,NO_QUERY,chrissie_,"3wks is a long, long time  We've hardly seen either of them 4 the past 1.5yrs..&amp; theyre still going 2 b living there 4 another few yrs! "
4,1999374908,Mon Jun 01 20:06:31 PDT 2009,NO_QUERY,HowtoSav3aLife,"@mauveguimauve HAHA&lt;3 i just watched that clip on youtube  i wanted to put that on my page but they disabled the embedding, "
4,1999647969,Mon Jun 01 20:34:53 PDT 2009,NO_QUERY,StephanieMcFly,@tommcfly Can you say Hola Mexicanas please please?? juust wanna say that not is hard Â¬Â¬  you forget the mexican fans 
4,1999708588,Mon Jun 01 20:41:02 PDT 2009,NO_QUERY,heathermeeker,@luckychica  We were a little late.  Join us now! 
4,2000016968,Mon Jun 01 21:14:55 PDT 2009,NO_QUERY,JaimeS24,Still feel sick  but I found the most amazing dress today for my bday so that's a relief 
4,2000037865,Mon Jun 01 21:17:15 PDT 2009,NO_QUERY,Crutch4, relaxing. Had a long hard day @ work. Kroger 
4,2000072465,Mon Jun 01 21:21:19 PDT 2009,NO_QUERY,NuellePena,@JonathanRKnight  ...i got called out 4 not caring that LFO is getting back 2getha  bah! i thot it was funny.
4,2000398222,Mon Jun 01 22:01:45 PDT 2009,NO_QUERY,patriciaco,"@tommcfly TOOOOMMMM!!!  To show your picture, click &quot;delete current&quot; coz same thing happened to me. Hope you'll reply. "
4,2000591416,Mon Jun 01 22:28:09 PDT 2009,NO_QUERY,cousinlove24,I LOVE BOOGIE!!!!!!  I miss you ZOOOOOOOOOO MUCH!!!!!!!! 
4,2000647290,Mon Jun 01 22:36:12 PDT 2009,NO_QUERY,_shannon1234,@crystalgmurphy It will be great!  I am soo glad that I upgraded! Sorry for reminding you about his tweet! 
4,2000659054,Mon Jun 01 22:38:00 PDT 2009,NO_QUERY,babycakees,still awake  exciteddd for tomorrow after school 
4,2000724104,Mon Jun 01 22:47:57 PDT 2009,NO_QUERY,dougsparksmusic,@TheHeatherette Sorry to hear that  but I hope you feel better soon 
4,2000739050,Mon Jun 01 22:50:14 PDT 2009,NO_QUERY,mrcelebrity,omg ben i just realized you sent me your pin damn direct messages for not updating  i'll add you and maryelleuh now  &lt;3
4,2000949204,Mon Jun 01 23:24:25 PDT 2009,NO_QUERY,Luna69,@peterfacinelli no fair don't have an iPhone   Just an iTouch. Good luck with Nurse Jackie 
4,2000995871,Mon Jun 01 23:32:23 PDT 2009,NO_QUERY,JudithChad,Cathing up with Twitter and emails. The sun is shining again today.... great more pollen in the air  Love summer though 
4,2001098592,Mon Jun 01 23:50:13 PDT 2009,NO_QUERY,queentrixie,@chelsaya ouch! I feel bad for replying to a trending topic now.  but mucho love for you. 
4,2001133203,Mon Jun 01 23:56:30 PDT 2009,NO_QUERY,Dan2593,@TheSims3 We English have to wait another 4 days for Sims =( And I have exams  But I get sims soon 
4,2001169736,Tue Jun 02 00:02:52 PDT 2009,NO_QUERY,mrcelebrity,@maryelleuh aww bb ty  &lt;3 i called but i guess their customer service is closed already so im gonna go to the store tomorrow  i know it
4,2001169807,Tue Jun 02 00:02:52 PDT 2009,NO_QUERY,AlexisEstefani,awwyeshhh toy story 3  but till june 18-2010  
4,2001355674,Tue Jun 02 00:36:58 PDT 2009,NO_QUERY,mrslbarrowman,has just watched The Hills Season Finale and cried. Goodbye Lauren  but welcome back Kristin 
4,2001355860,Tue Jun 02 00:37:00 PDT 2009,NO_QUERY,heyitsedna,@courtney_s don't know if should say  or  ...so i'll just say this...=$!
4,2001417216,Tue Jun 02 00:49:02 PDT 2009,NO_QUERY,PinkElephant73,@TravisKaimi Zaru Soba is cold buckwheat noodles with this yummy dipping sauce  anddd a bento box is a Japanese lunch box. I love food 
4,2001476880,Tue Jun 02 01:00:46 PDT 2009,NO_QUERY,Jecsa,"@DoonaDoo not 'gone' no  ...i live in hope though  Shall we say Monday, 1pm, usual place? You met F &amp; S?! Live up to expectations? x"
4,2001517420,Tue Jun 02 01:08:46 PDT 2009,NO_QUERY,egozgame,Its tuesday!  and its hot outside  but work will be over soon! 
4,2001527848,Tue Jun 02 01:10:50 PDT 2009,NO_QUERY,kasey79,@LuvinDanny4Ever BTW I am sorry to leave you too  But you should follow @hilarylyn and vice versa. You 2 can keep each other company 
4,2001595081,Tue Jun 02 01:24:33 PDT 2009,NO_QUERY,JSM9393,Already back from school  But have to work on that math homework right now in this sunny weather 
4,2001635005,Tue Jun 02 01:32:44 PDT 2009,NO_QUERY,Mickystarship,@schaeferj89 OMGGG!  Do you play them all the time?! what station are you on? So i can listen!! 
4,2001635813,Tue Jun 02 01:32:53 PDT 2009,NO_QUERY,anwo,For the first time in histoey I'm the only person on time!  last breakfast at Leipzig makes me sad! 
4,2001711727,Tue Jun 02 01:48:43 PDT 2009,NO_QUERY,HarassmentPanda,@TheSims3 Not for me.  Comes out Friday here   But Game always sends pre-order games a day early so I'll have it by Thursday! 
4,2001752444,Tue Jun 02 01:57:18 PDT 2009,NO_QUERY,mygodsing,i'm doing nothing for the next min....  and after that back to work... 
4,2001778671,Tue Jun 02 02:02:33 PDT 2009,NO_QUERY,bill_archie,@shuyeeA i don't have Haagen Dazs here.mom said too expensive.sheesh  .i love ice cream.esp the one with brownies.Vienetta i think.haha 
4,2001789230,Tue Jun 02 02:04:45 PDT 2009,NO_QUERY,MonikkaB,@AZ_Wildcat17 Booo  And thanks..good morning to you as well. 
4,2001807952,Tue Jun 02 02:08:34 PDT 2009,NO_QUERY,findingmickey,@SteveSievers i looked for u! but didn't see u.  were u on the tram? if so... how did u get chosen or was it by chance? 
4,2001828482,Tue Jun 02 02:12:49 PDT 2009,NO_QUERY,PinkElephant73,"@TravisKaimi AWW NO!  Don't work outttt eat a gordita!!  Or better yet, get two and I'll eat with you  Mmmmmmm.. God I miss Taco Bell!"
4,2001868801,Tue Jun 02 02:21:17 PDT 2009,NO_QUERY,gikandi,heading to work    ...time to leave egypt for the promised land....i pray 
4,2001877388,Tue Jun 02 02:23:09 PDT 2009,NO_QUERY,JenCarpeDiem,"Oh, boy. I'm completely addicted to online TCGs! Whyyy.  As if I need another thing to obsess over! "
4,2001973900,Tue Jun 02 02:42:59 PDT 2009,NO_QUERY,chelseasmart,@jesscorrie aww  yeah YOU BETTER COME jk  i have solos tomorrow!!!!
4,2002013897,Tue Jun 02 02:51:12 PDT 2009,NO_QUERY,kmr25188,is back on the internetz!  Missing all my bookmarks though  [on my laptop on wireless btw]
4,2002183979,Tue Jun 02 03:25:29 PDT 2009,NO_QUERY,itsJaybetch,"Grrr Antigone TS tomorrow  then free all summer  Balloons, bacon and boys at the ready!"
4,2002309001,Tue Jun 02 03:49:53 PDT 2009,NO_QUERY,mountie9,@frankferragine punishment for having to give birth   Hey my husband got me back by making me take our 1st born for his circumsicion 
4,2002329426,Tue Jun 02 03:53:38 PDT 2009,NO_QUERY,Hando224,"Fucking virus on my computer meant NO work was done last night  However, I did beat @ilmv (ben) at Wii bowling! "
4,2002387780,Tue Jun 02 04:03:52 PDT 2009,NO_QUERY,SilviaEmilia,"flying back to Germany today..already miss home  feels like I am going to cry until boarding time...well, see u tomorrow "
4,2002396247,Tue Jun 02 04:05:20 PDT 2009,NO_QUERY,RawbertM,"@jave92 i hate you. i still have chemistry  awch well, only 23hrs 25mins left of highers for me "
4,2002431515,Tue Jun 02 04:11:38 PDT 2009,NO_QUERY,donniesgirl01,@PixiePolaroid lol Thank you! Glad your o.k.  Sucks you're so busy though :/ It's 4:10 am here and my back hurts  lol But i'm o.k. 
4,2002498919,Tue Jun 02 04:23:30 PDT 2009,NO_QUERY,rhueladams,"Last day of work until June 15th.   After that, work gets revenge...back to back travel weeks. "
4,2002500363,Tue Jun 02 04:23:44 PDT 2009,NO_QUERY,tee_tha,@GSemillano oh no. not Subway too!!  and since i'm ordering i can't really see how the salad until they deliver. i'll keep u posted 
4,2002500658,Tue Jun 02 04:23:48 PDT 2009,NO_QUERY,ThiagoAcquaviva,good morning twitters  OMFG the sun is really weak today..but shiny! very fuckin' cold tho. 9ÂºC...i'm freezing 
4,2002547184,Tue Jun 02 04:31:32 PDT 2009,NO_QUERY,emokidlynn,Tired of butcheries and the smell of springbok.  Excited for biltong and droÃ«wors though 
4,2002573233,Tue Jun 02 04:35:53 PDT 2009,NO_QUERY,lwescott,got woken up at 7  fell asleep and has just woken up 
4,2002585052,Tue Jun 02 04:37:54 PDT 2009,NO_QUERY,ABabyBlueEyes,@J_Rhodes Loving your clip babe! Well done  Heheh... Aww I don't think I'll make it to Dallas this time 
4,2002610384,Tue Jun 02 04:42:07 PDT 2009,NO_QUERY,littlebitlil,@cleaninggirl oops! sorry!!!! Dont tell her! Let her be surprised then  i dont think SAUSAGES will ever get the trending topic 
4,2002622474,Tue Jun 02 04:44:08 PDT 2009,NO_QUERY,cardiffbites,@eddieizzard weather in cardiff is gorgeous but am stuck in the office  off to barcelona next week tho  have fun in the sun in london x
4,2002658582,Tue Jun 02 04:49:50 PDT 2009,NO_QUERY,KerrieLouisexX,"@JLSOfficial Marv ! Im gutted im not goin  Bad Times !, We want some CD Signing's please ?  LOVE YOU'SS ! xxxx"
4,2002736110,Tue Jun 02 05:01:48 PDT 2009,NO_QUERY,gerrymoth,Yipee my stylus was on my desk at work  Boo i'm back in work 
4,2002777352,Tue Jun 02 05:08:03 PDT 2009,NO_QUERY,Tina_Fontessa,Back @ it again...no lab today!  but then talbots and crazy manager...boo 
4,2002779098,Tue Jun 02 05:08:20 PDT 2009,NO_QUERY,HaleyBangs,an A in English  - highlight of the daay  - but my belly huurts 
4,2002830630,Tue Jun 02 05:15:59 PDT 2009,NO_QUERY,flickity19,yay 1 week to my birthday sooo hope win wicked lottery the one time i deserve to win lol  but an exam first 
4,2002832645,Tue Jun 02 05:16:16 PDT 2009,NO_QUERY,annpan1,back on selfsufficientish and freecycle now  and also  in that order.
4,2002856434,Tue Jun 02 05:19:48 PDT 2009,NO_QUERY,Roebaggs,No the merc is not mine  but hey it was still CoooooooooooooooL 
4,2002943573,Tue Jun 02 05:32:02 PDT 2009,NO_QUERY,SorenLorensen,"@LotusYoga Isn't it gorgeous! I'm stuck inside, working  Might go for a nice walk later though "
4,2002951254,Tue Jun 02 05:33:04 PDT 2009,NO_QUERY,jayohsee,"fail whale, I want to eat that poptart. but i'm still full from dinner.  barwww. and yes, the poptart was also from @kaliie  &lt;3"
4,2003021004,Tue Jun 02 05:42:26 PDT 2009,NO_QUERY,TwilightLoverXD,I HATE GOING TO SCHOOL  IT MAKES ME ANGRY  oh well i  only have to go to 6 more days of school 
4,2003051415,Tue Jun 02 05:46:29 PDT 2009,NO_QUERY,Hanamw,@ConnorHxcCHAOS I heard a rummer that izzy has cancer  im hucked on Greys Anatomy. Cant wait for the new season 
4,2003145283,Tue Jun 02 05:58:23 PDT 2009,NO_QUERY,ngelzz,@UllyN @missajeng haahhaha. Gue pulang ga bawa apa2 loohhh !!  breadtalk doang. :p naksir oxford shoes d petitecupcakes pdhl.. 
4,2003179555,Tue Jun 02 06:02:22 PDT 2009,NO_QUERY,sanjukta,@kitz007 do I always have to deliver good? I am only human..  sigh the burden of being popular 
4,2003185127,Tue Jun 02 06:03:02 PDT 2009,NO_QUERY,Joyfullyblessed,Operation go buy SIMS before school = FAIL!  Ghetto Wal-mart...can seem to locate the box they all came in! I got the okie doke! 
4,2003217873,Tue Jun 02 06:06:55 PDT 2009,NO_QUERY,Shanasaki,:-O Do I see rainclouds? I was going to the park today.  Oh well. More crafty things to do inside. 
4,2003265935,Tue Jun 02 06:12:36 PDT 2009,NO_QUERY,gingerphoto,Good morning!! Almost rescued a turtle this morning but a sweet lady stopped before I could get back  poor guy was scared 
4,2004293642,Tue Jun 02 07:58:45 PDT 2009,NO_QUERY,PlayItToMe,In AP bio for the last time  I will miss u!! LAST DAY OF SCHOOL!!!!!!! Oh yeah beast!!!!!!!!!!! 
4,2004488900,Tue Jun 02 08:16:48 PDT 2009,NO_QUERY,stevieness,@ohi_sarah Aww you do care  you missed me. Still no birthday card though 
4,2005876371,Tue Jun 02 10:18:55 PDT 2009,NO_QUERY,ami2411,don't feel very well so i'm just gonna rest  today was hilarious though 
4,2006038477,Tue Jun 02 10:33:44 PDT 2009,NO_QUERY,peacelovebay01,School  hanging in computers now baseball game and shoe shopping laterr 
4,2006617256,Tue Jun 02 11:25:54 PDT 2009,NO_QUERY,crisr,"@TroyStith Jeremy leaving totally sucks  Talented guy, he'll bounce back! "
4,2006968126,Tue Jun 02 11:57:06 PDT 2009,NO_QUERY,cursedbyevil,@Karen_Eden They do.  But expensive.  Will keep checking to see if price comes down.
4,2010587637,Tue Jun 02 17:38:01 PDT 2009,NO_QUERY,library_goddess,@sundemon10 How did Tweetdeck work on Linux?   or 
4,2011968786,Tue Jun 02 19:51:28 PDT 2009,NO_QUERY,suebots,"@Meli_Dee  yeah I think I know, but not ready to deal with it  sorry for partying!!"
4,2011972353,Tue Jun 02 19:51:48 PDT 2009,NO_QUERY,wcn420,UP  / Live action BECK movie with Hiro  / Hinouchi getting fired from her company  / my computer taking 5min to open winamp 
4,2012313031,Tue Jun 02 20:25:56 PDT 2009,NO_QUERY,toastylileskimo,@DAChesterFrench bye  ur music is completely brilliant by the way! 
4,2012503468,Tue Jun 02 20:46:07 PDT 2009,NO_QUERY,inquisitivejool,@SnacksWithYeo 2nd show only knew about yesterday. Will buy tix after buying flights tonight  Still would be easier if it was in Bris 
4,2012559486,Tue Jun 02 20:52:18 PDT 2009,NO_QUERY,the1Dwood,"I just got home..... All star Tuesdays are great!!  , now i gotta get ready to go to this funeral tomorrow "
4,2012865916,Tue Jun 02 21:26:29 PDT 2009,NO_QUERY,luvu48,theres 2 many twitter haters out there  but there's also alot of twitter lovers 
4,2013240737,Tue Jun 02 22:13:06 PDT 2009,NO_QUERY,pamrosep348,sooooooooooo tired  and the belly's still in pain   ale is going healthy again  since TODAY! yay!  
4,2013401656,Tue Jun 02 22:35:17 PDT 2009,NO_QUERY,Joseph1391,"@mileycyrus I really hope you aren't pregnant  lol.. But anyways, if you are congrats  just worried about the press..."
4,2013443212,Tue Jun 02 22:41:17 PDT 2009,NO_QUERY,youngron510,@SavedBarbie  I can't even imagine I have had a few peeps pass this year I'll be praying for ya 
4,2013619755,Tue Jun 02 23:07:43 PDT 2009,NO_QUERY,tan1337,@CruciFire oh sad bro.. looks like everyone is having a bad day today.. even i was stuck at traffic for half an hour  #blackwednesday ? 
4,2013668899,Tue Jun 02 23:15:28 PDT 2009,NO_QUERY,AlexSladek,Im Tired. And i Have to work tomorrow.  but im going to see briana after work tomorrow so thats sweet 
4,2013682227,Tue Jun 02 23:17:34 PDT 2009,NO_QUERY,twibirdy,@mszjoycii yeah only 1 cinema is playing only 2 screenings of it n no more  cant wait to c it! 
4,2013694528,Tue Jun 02 23:19:34 PDT 2009,NO_QUERY,GentlemanGaGa,@Teairra_Monroe TOTALLY true! You're a walking proof of that!! Quick chat  well..........HAVE FUN GIRL!!!!! 
4,2013695923,Tue Jun 02 23:19:48 PDT 2009,NO_QUERY,Vincentbarbato,Playing with my Wii missing alyse  love ya 
4,2013708350,Tue Jun 02 23:21:44 PDT 2009,NO_QUERY,yukarikihihi,I just received my OFITG CD &amp; tote!     not with EP though  - Photo: http://bkite.com/087tW
4,2013719421,Tue Jun 02 23:23:32 PDT 2009,NO_QUERY,sheriidenn,I LIKE NEARLY FAILED MY EXAMS ohhhh thats sad!  buh i didnt so its alritee hehe 
4,2013816464,Tue Jun 02 23:39:30 PDT 2009,NO_QUERY,qtee7,@jdubb706 hey u! I likeddiddid that movi...whre u been tho giant!? I missed u! Was lookin at our last picture  
4,2013830811,Tue Jun 02 23:41:47 PDT 2009,NO_QUERY,summercrane,It's all over! Prac is finished  One of the best experiences of my life  Will miss all my students 
4,2013840007,Tue Jun 02 23:43:19 PDT 2009,NO_QUERY,GarageGlamorous,"@popbytes  Its my goal in life to meet her again, and not be rushed by her people. I was so starstruck that my mind drew a blank "
4,2013998354,Wed Jun 03 00:10:02 PDT 2009,NO_QUERY,izyism,@jasminekpk LOL  I nearly forgot about this Friday.I wanna join BUT I have Bio class on Friday and I just realized it today.hmmph 
4,2014055255,Wed Jun 03 00:19:49 PDT 2009,NO_QUERY,aoiffegraziella,fall out boy is the best band ! EVER !!!  .. wish clandestine industries is available here in our country .. 
4,2014092464,Wed Jun 03 00:26:13 PDT 2009,NO_QUERY,reyj33,@meangirllissa thanks mel  imma miss u guys next yr 
4,2014101548,Wed Jun 03 00:27:53 PDT 2009,NO_QUERY,reyj33,@MeanGirlLissa thanks mel  imma miss u guys next year 
4,2014103526,Wed Jun 03 00:28:16 PDT 2009,NO_QUERY,lovenadav,recession @ Cannes: Cannes Lions Entries Sink 20%  http://bit.ly/ID6C9  less is more [creative] i guess... 
4,2014114653,Wed Jun 03 00:30:14 PDT 2009,NO_QUERY,jahaii,just passin' by  i'm at the mall right now all by myself.. hoping to see even one of my closest friends  imysm
4,2014170315,Wed Jun 03 00:40:19 PDT 2009,NO_QUERY,sheri_goldsmith,goodnite to all  but lets c if i can get any sleep 
4,2014266257,Wed Jun 03 00:58:27 PDT 2009,NO_QUERY,jizzboxLuLu,"a week of nothing next week, gunna stay at Aneeshes one night  drum-kit soon WOOOO...i feel like a bitch  can my week get any worse??"
4,2014320895,Wed Jun 03 01:08:37 PDT 2009,NO_QUERY,TheSourceress,@dtsn Is it positive or negative?  or 
4,2014381554,Wed Jun 03 01:20:31 PDT 2009,NO_QUERY,TonniePodRobot,Mmm..Buttertoast  I wanna see @ElectroAnna @EDANIELLE @ravegabe @liamadrid tomorrow  GAAAH!
4,2014428703,Wed Jun 03 01:30:00 PDT 2009,NO_QUERY,CandyFlossKid,Going to the doctors after school  Need to get some new clothes and need sims 3 
4,2014460981,Wed Jun 03 01:36:23 PDT 2009,NO_QUERY,NoTORIousTori,@Sunshineliron  I've always wanted to visit Israel! I had a friend from there when I was 14 but she moved back. We lost touch. 
4,2014462361,Wed Jun 03 01:36:40 PDT 2009,NO_QUERY,LeeAnnTwilley,@Gravycheeks Yay con!!  Boo lines!! 
4,2014568235,Wed Jun 03 01:58:11 PDT 2009,NO_QUERY,DalekGirl93,Project Natal! OMGosh! Its gonna be awesome! But its gonna be at least Â£1000!  I want one now! 
4,2014582248,Wed Jun 03 02:00:44 PDT 2009,NO_QUERY,JoelleChew,I want Kelly and Zhen Ni at my house now!    Yesterday was awesome! We should get together more often and drive the world crazy.  
4,2014654086,Wed Jun 03 02:14:39 PDT 2009,NO_QUERY,fSTACK_,"Nooo school photos tomorrow  , i hope it doenst rain so we could skip a bit of maths! "
4,2014675035,Wed Jun 03 02:18:48 PDT 2009,NO_QUERY,slaveship,"is feeling very ill again, boo  but is hoping everyone is voting in tomorrow's EU &amp; Local elections! "
4,2014702300,Wed Jun 03 02:24:13 PDT 2009,NO_QUERY,Nicolaarthur,still in my bed with a lovely hot guy next to me!  feeling good!!! hehe!! need to begin the endless process of feeding him now! 
4,2014733587,Wed Jun 03 02:30:31 PDT 2009,NO_QUERY,QueenBxoxo,"@xbllygbsnii no, to her sister! yes to deryck! lmao! awwh cuuuute  i want a wee girl  :$:$"
4,2014753901,Wed Jun 03 02:34:33 PDT 2009,NO_QUERY,donniesgirl01,"@PixiePolaroid Technically camera aren't allowed in the concerts  But still, i'd love to have some photos from the NKOTB cruise "
4,2014816448,Wed Jun 03 02:47:01 PDT 2009,NO_QUERY,oscar_baby,hayfever is horrible  maybe La Roux will make me feel better? 
4,2014832946,Wed Jun 03 02:50:16 PDT 2009,NO_QUERY,jess_aman,@Jesstjit i wanna tp my friend told me to go from like 2 bulan yg lalu! hahaha. aduh  COME DURING UN TMR 
4,2014843592,Wed Jun 03 02:52:23 PDT 2009,NO_QUERY,twibirdy,adventureland was soo awesome!  to bad it was at the cinemas for a whole of one day!  i wanna watch it again n i wanna watch it NOW! lol
4,2014854105,Wed Jun 03 02:54:30 PDT 2009,NO_QUERY,QuantumMetta,Andy Murray out of the French Open   Roger Federer playing today - go Federer go Federer go 
4,2014865087,Wed Jun 03 02:56:39 PDT 2009,NO_QUERY,brandedyouth,"@LizMcClarnon Mmmm, coco-pops!  How was last night, doll? Really sorry I couldn't go. Serves me right, as I'm ill now too! "
4,2014917745,Wed Jun 03 03:06:47 PDT 2009,NO_QUERY,dainewood,Last exam today  txu ru ru! am heading to leeds later tonight  am gonna see Noel this saturday! AM GONNA DIE!
4,2015096412,Wed Jun 03 03:41:18 PDT 2009,NO_QUERY,zainemoonlight,ooh.. sad. eminem got squashed by bruno.... haha.. i would never do that to you...... heheboired..  what to do what to do??? 
4,2015150112,Wed Jun 03 03:51:16 PDT 2009,NO_QUERY,Craigie21,"the sun is shining, the birds are singing and I'm working  but I have just booked 2 weeks off in September Yippiee  )"
4,2015152307,Wed Jun 03 03:51:39 PDT 2009,NO_QUERY,MidiClayballs,bring back th sunshine  although it is perfect rent watching weather 
4,2015161890,Wed Jun 03 03:53:18 PDT 2009,NO_QUERY,jaciedwards,"Good or bad news 1st? OK, bad - I've worked 100 hours in 7 days  UGH! Good - I'm going back to school  More paper, more options LOL"
4,2015196507,Wed Jun 03 03:59:31 PDT 2009,NO_QUERY,Hayley_Coulson,sitting in the office bored  hence on twitter 
4,2015266875,Wed Jun 03 04:11:22 PDT 2009,NO_QUERY,sweedzie,"@bagussoo  you just make me envy  lol  ummh yea, parents suck.."
4,2015313110,Wed Jun 03 04:19:25 PDT 2009,NO_QUERY,ashleymilli,i have a HUGE!! trig test in math today . and i work tonight  double bummer. 1 1/2 weeks of school left! 
4,2015412220,Wed Jun 03 04:35:42 PDT 2009,NO_QUERY,tyarbrough,"@terrysharpimb Good to have you back in the ministry, Terry!  Up early indeed! "
4,2015474791,Wed Jun 03 04:45:44 PDT 2009,NO_QUERY,Beckyrudd,"History over and done with  lol wrote 12 pages, my hand hurts  french listening soon "
4,2015476357,Wed Jun 03 04:45:59 PDT 2009,NO_QUERY,ReversedMan,my hayfever has gone  My stomach bug has gone  my stomach still hurts  Banana Phone reversed will be up very soon 
4,2015503276,Wed Jun 03 04:50:12 PDT 2009,NO_QUERY,KymbaKat,"@sammoran You should get a Visa, unless they connect you with a certain underworld family  Poor Wags couldn't get a Visa into Canada "
4,2015610717,Wed Jun 03 05:06:08 PDT 2009,NO_QUERY,cameliaa,Doing my make up for today!  Lot of EXAMS  ahh wish my luck! I love my new room 
4,2015622899,Wed Jun 03 05:07:54 PDT 2009,NO_QUERY,RedDave14,"Was just smiled at by pretty young lady  however, she was probably showing kindness and pity to the aged and infirm "
4,2015639277,Wed Jun 03 05:10:15 PDT 2009,NO_QUERY,Soph4Soph,@mummytips hows flming going?? did you get there ok??  so sorry to hear about the train situation this AM  x
4,2015651774,Wed Jun 03 05:12:04 PDT 2009,NO_QUERY,thisisjoo,@ekaa17 @Mawiyel319 @heyyitskate sorry I left you sa confe guys. ginagamit kasi ung comp.  sorry again 
4,2015680799,Wed Jun 03 05:16:15 PDT 2009,NO_QUERY,chelseastein,Yay Pens   Booo work 
4,2015696790,Wed Jun 03 05:18:31 PDT 2009,NO_QUERY,Mollyminx,"woeful morning  but in a good way, if that can make any sense?  ....enquiries within ;) lmao...I aint weird, just a bit strange xxmwahxx"
4,2015844907,Wed Jun 03 05:38:35 PDT 2009,NO_QUERY,mikeedeguz,@Irishcreamy don't be sad....  Yo'll find new friends...  
4,2015887552,Wed Jun 03 05:44:10 PDT 2009,NO_QUERY,demiswissfan,listening to @mitchelmusso's new album  ..it's so amazing! *-* ! go and check it out. and studying for an annoying chemistry exam 
4,2015971012,Wed Jun 03 05:54:47 PDT 2009,NO_QUERY,fridahanna,Going hoomee!!  Have to finish my exam tho  Boo!!
4,2016535539,Wed Jun 03 06:56:51 PDT 2009,NO_QUERY,davicho,@jtbritto doood... bishop was the last word  I'll start saving sum new ones fer yu guys 
4,2017124392,Wed Jun 03 07:53:56 PDT 2009,NO_QUERY,RockinChick09,@StephCyrus09 ohkay bye  i lov you to 
4,2017152983,Wed Jun 03 07:56:37 PDT 2009,NO_QUERY,JulesK_7,"Ah, finally home. Had a nice shower but now have to learn for History  Think I'll learn in front of the PC so it won't be that boring "
4,2017193164,Wed Jun 03 08:00:22 PDT 2009,NO_QUERY,xCisse,"its raining  but its alright, then the grass will get greener  good for the horses! The school ends soon! YEAH im so happy for that! XD"
4,2017440432,Wed Jun 03 08:23:41 PDT 2009,NO_QUERY,KindaLovePink,"@mileycyrus Why don't you tour in the UK?  im from scotland &amp; id love to see you live, i know plenty of others who would too ! "
4,2017540788,Wed Jun 03 08:33:28 PDT 2009,NO_QUERY,ElectricxEels,@AshleeJanda  Well you can hang out with me for free!  lol sorry. :C
4,2018221565,Wed Jun 03 09:37:41 PDT 2009,NO_QUERY,aliceblackX,two exams down  8 more to go though  !
4,2018509100,Wed Jun 03 10:04:33 PDT 2009,NO_QUERY,NadaMetti,Awww yay!! Mr. Jeffrey's let me sit in his class with my sister and all her friends  sad he's moving back to Utah 
4,2018732351,Wed Jun 03 10:25:32 PDT 2009,NO_QUERY,HELL0KiTTYx,@yaseminx3 haha yesh bby  teehee miss you too  we never talk!! lysm xx
4,2018733580,Wed Jun 03 10:25:40 PDT 2009,NO_QUERY,Insane_Gamer,@SEGA I really wish i was at E3  i will get there one day. 
4,2031178737,Thu Jun 04 09:26:46 PDT 2009,NO_QUERY,AnnaCookieFreak,My little sister is here agian! Poor sweetheart! I'm said because she's said. But I'm happy to see her again!  
4,2039697718,Thu Jun 04 22:34:54 PDT 2009,NO_QUERY,Myshelllll,"@melodyee im being booted off now  , haha you will  i want a bf comment confessing his love too be as a birthday present, lol jokes :l"
4,2039740885,Thu Jun 04 22:41:17 PDT 2009,NO_QUERY,heykyeh,@KyraLovesLife i cant saturday  maybe next saturday?  haha
4,2039777473,Thu Jun 04 22:46:52 PDT 2009,NO_QUERY,akane_takamura,I am soooo bummed out about leaving this place.  Hope that Cebu won't let me down! 
4,2039778799,Thu Jun 04 22:47:04 PDT 2009,NO_QUERY,AnneMarieChez,@O_TownMagicMatt ...vacation?  i don't know?  i hope he's not gone for good   that would suck!!! how are you?  drunk yet  ????
4,2039805823,Thu Jun 04 22:51:14 PDT 2009,NO_QUERY,twistedpuppet,@msninacat    stare at candace for a bit. I'm sure she'll do something that will distract you. 
4,2039854932,Thu Jun 04 22:58:58 PDT 2009,NO_QUERY,XdragonmutleyX,Im watching the Jonas Brothers Live chat Cause i missed it last Night  but  that im watchimg it now! 
4,2043953570,Fri Jun 05 08:39:25 PDT 2009,NO_QUERY,Mariiio,@yeelam yeah also have three weeks with a lot of exams   sucks ..  but than vacations  are you going to work in your vacations??
4,2044816045,Fri Jun 05 09:51:36 PDT 2009,NO_QUERY,theanand,@zeqox I dnt think i can  got appointments with a martial arts dude tmro at 11...dnt think i can make.can you record the movie on mob? 
4,2045104551,Fri Jun 05 10:14:36 PDT 2009,NO_QUERY,Emmaaa123,back from carlisle so tired  good day though 
4,2045152605,Fri Jun 05 10:18:46 PDT 2009,NO_QUERY,themaine,@flyzik aw damn  i cant wait for RB beatles version  hahaha
4,2045170748,Fri Jun 05 10:20:22 PDT 2009,NO_QUERY,mcflyyerr,"@cessii haha  but the downside is.... i have to give up the green day gig  but i love muse a tad bit more than green day, so... MUSE &lt;3"
4,2045482519,Fri Jun 05 10:47:29 PDT 2009,NO_QUERY,DanyCarey,@MariahCarey OMG.. Do we really have to wait 3 months for the new album ??  Thats alot... U dont know how much we love u... 
4,2045483190,Fri Jun 05 10:47:33 PDT 2009,NO_QUERY,ash_wa_do_wa,Is about to have a hot bath  and then get ready for work 
4,2046335748,Fri Jun 05 12:01:59 PDT 2009,NO_QUERY,Liam021,"Mmm lunch on the beach, it's cloudy today  whoever is doing that rain dance... Knock it the fuck off!!! "
4,2046387302,Fri Jun 05 12:06:21 PDT 2009,NO_QUERY,_adm09,starving  but mom's making food 
4,2046478363,Fri Jun 05 12:14:17 PDT 2009,NO_QUERY,ChloeeJONES,haven't done an update in agessss! how's everyone? i hate rain!  andd i've only got one more exam and my summer starts! 
4,2046544709,Fri Jun 05 12:20:08 PDT 2009,NO_QUERY,mikethebee,@Kanga_Rue Sorry I cannot agree with advertising and the Â® is ironic on an open social network.This is not Facebook  you disappoint 
4,2047074574,Fri Jun 05 13:06:44 PDT 2009,NO_QUERY,Estherlala,Scoot was beautiful but too old  There was really no scratch but still.. Just gotta keep looking. 
4,2047570612,Fri Jun 05 13:51:04 PDT 2009,NO_QUERY,lesbanim,wishes she weren't so fat   @thatpoliticsguy I wanna go to Brizzle tomorrow too  It's a plan
4,2047582448,Fri Jun 05 13:52:08 PDT 2009,NO_QUERY,tapeboy76,Have to work on Saturday  But it's with @411God and @votaband  I think I'll manage. #followfriday
4,2047857307,Fri Jun 05 14:17:09 PDT 2009,NO_QUERY,rosiepatricia,summer calls: won't be on for a while       happy summer everyone!!!!  
4,2048009200,Fri Jun 05 14:31:16 PDT 2009,NO_QUERY,KassandraKanhai,Rachel's father just picked her up  Watching Tyra 
4,2048263435,Fri Jun 05 14:55:22 PDT 2009,NO_QUERY,chocolatexchica,Well HEELLO twitters! Not hanging with Lauren today  but today I won a contest and got a free 20 dollar gift card 
4,2048283830,Fri Jun 05 14:57:20 PDT 2009,NO_QUERY,Zwinky101,Editing my shitty site  Adding background music though 
4,2048432941,Fri Jun 05 15:11:26 PDT 2009,NO_QUERY,desipage,@MusicGurlJay thanks  hahaha im having so many brain farts today.really.i got up at like 3am 
4,2048433149,Fri Jun 05 15:11:28 PDT 2009,NO_QUERY,Paolinazola,"@never_jen_land I could say yes, but no I'm sorry.Itried but it didn't work  But it's something funny U'll see "
4,2048720386,Fri Jun 05 15:39:50 PDT 2009,NO_QUERY,fibenymph,"Ok, I was wrong My #Fibromyalgia blog(http://www.fibenymph.blogspot.com) WASN'T ready by this week  It WILL be ready next week though "
4,2048803530,Fri Jun 05 15:48:03 PDT 2009,NO_QUERY,randomsummergrl,@TwilightKiera hey again =] haha i only have 72  follow me people!!! lol!! thanks 2 all my followers! i love u  lol
4,2049088666,Fri Jun 05 16:16:32 PDT 2009,NO_QUERY,cyberdees,Has Mapumental access  May have to wait until Sunday late evening before I play unfortunately 
4,2049125647,Fri Jun 05 16:20:21 PDT 2009,NO_QUERY,JoBeanz,:-/   :-?=my mood sequence today.
4,2049244052,Fri Jun 05 16:32:41 PDT 2009,NO_QUERY,_shona,"wow. drunk, SUCH A FUNNY NIGHT.  i love my friends so much (L) it really saddens me that i'm not gonna see them as much next year  &lt;3"
4,2049323996,Fri Jun 05 16:40:56 PDT 2009,NO_QUERY,AntoniiaAgurtii,@itsaboutEmily yeah It could be  I don't know why I'm not a creative person today 
4,2049781777,Fri Jun 05 17:29:25 PDT 2009,NO_QUERY,breadicus,"@americanadian sorry Sheils, won't be able to make it this time   Good luck, tho! "
4,2049858867,Fri Jun 05 17:37:40 PDT 2009,NO_QUERY,FlorenceBollen,@BAlessandra_Xx Heyy Hunni. Yers i heard the bad new from cass. Thats sad   Hope your okay.  ily x
4,2049912129,Fri Jun 05 17:43:23 PDT 2009,NO_QUERY,OlderThanJesus,is heading to band practice.   but currently stuck in traffic. 
4,2049968560,Fri Jun 05 17:49:37 PDT 2009,NO_QUERY,_chantals_,@stephaniealaina @stephaniealaina @stephaniealaina @stephaniealaina PLEASE COME!  I'm soooooo sorry 
4,2050002394,Fri Jun 05 17:53:22 PDT 2009,NO_QUERY,MAGGIECHICKEN,"@makinherownway aww. i really wana go to 3Oh!3, The Acadmey is n you me at six  but i think im goin 2 SS n the getaway plan is in 2wks "
4,2050490068,Fri Jun 05 18:45:43 PDT 2009,NO_QUERY,tammy_brz,going now  bye followers. see ya tomorrow! #KevinJonas 
4,2050528783,Fri Jun 05 18:49:58 PDT 2009,NO_QUERY,Kellelucas,Our knight didn't win.  but it's cool; the yellow knight is hot and kept looking at me. 
4,2050530440,Fri Jun 05 18:50:08 PDT 2009,NO_QUERY,MrsJoeJonas2294,@bdawg123456 u know what? u need 2 shut it!   guess what? I got grounded. (shock huh?) again. Now no ipod  I cant win w/ these ppl! LOL
4,2050546172,Fri Jun 05 18:51:52 PDT 2009,NO_QUERY,purlywhirls,AHHH starbucks is closed  when did they decide to close before 10pm??! and i'm still mad tired ahghghhg. gristedes? ahhah  lol 
4,2050716147,Fri Jun 05 19:10:03 PDT 2009,NO_QUERY,regenbogenmord,@susan259 I did a few minutes ago actually  Though I'm having trouble with getting the DMs to work  #20BoySummer
4,2051032443,Fri Jun 05 19:44:21 PDT 2009,NO_QUERY,rainbow2018,"@rannau thanks bb  We miss you too, its hard to stay tune becuase you live in the other side of the world and most of us in USA... "
4,2051070215,Fri Jun 05 19:48:27 PDT 2009,NO_QUERY,_MoniqueNicole_,I want to meet my Mr. Big  ... Watching sex and the city 
4,2051215978,Fri Jun 05 21:09:52 PDT 2009,NO_QUERY,bloggerjoe,I logged into Twitter but there was no one there?   Glad your all back!   Here's some more!
4,2051227046,Fri Jun 05 21:13:28 PDT 2009,NO_QUERY,wynsters,FTW: bought many books today  FTL: bit my tongue so hard it bled 
4,2051228740,Fri Jun 05 21:14:05 PDT 2009,NO_QUERY,rawrlaurasaur,my tongue hurts and i talk funny  but my parents haven't found out yet  
4,2051237367,Fri Jun 05 21:16:35 PDT 2009,NO_QUERY,Joehhzeh,"@JackAllTimeLow Say hi to my friends Kirsty, Maree and Anh  I miss out, in Perth "
4,2051384050,Fri Jun 05 21:52:21 PDT 2009,NO_QUERY,_We_ArE_bRoKeN_,Ow! Garrett just through a water bottle and hit me in the head..  but it didn't hurt 
4,2051471675,Fri Jun 05 22:06:39 PDT 2009,NO_QUERY,littlecatcari,tara thai tonight!  but assignments first 
4,2051660896,Fri Jun 05 22:30:29 PDT 2009,NO_QUERY,Kristy_Lee_,second chance - shinedown &lt;3 off to the simmos..n work 2moz  but then blskes party 
4,2051674699,Fri Jun 05 22:32:12 PDT 2009,NO_QUERY,Ashliieeee,I'm not ready to go to school yet  I'm happy classes are suspended 
4,2051787868,Fri Jun 05 22:48:43 PDT 2009,NO_QUERY,BalderKongen,"Too warm here... Having trouble breathing  Gotta get up and do something about this... Party in 3 hours, so "
4,2051828694,Fri Jun 05 22:54:51 PDT 2009,NO_QUERY,nrgins,"@zaneology That's funny! He IS a clever one!  (Sad, though, that the kind of joke *I* would come up with is on a 4-year-old level  )"
4,2051956750,Fri Jun 05 23:14:59 PDT 2009,NO_QUERY,NattyPimpQueen,@GinaHernandez i'm still laughing. it is so your turn!!!!! even though i know the answer  but it will be funny to laugh again lol 
4,2051991223,Fri Jun 05 23:20:45 PDT 2009,NO_QUERY,BossLadiToya,@CoachBilal Hey Coach! Show was CRAZY! Had to watch the phn lines and couldn't check my Twitter page!  Thanks for listening! 
4,2052039454,Fri Jun 05 23:29:05 PDT 2009,NO_QUERY,nmschmelzer,@stephenanberlin I was going to take my best friend for his bday in Tampa. Sold out.  Headline soon? Or find me two tickets?! 
4,2052060687,Fri Jun 05 23:32:43 PDT 2009,NO_QUERY,Angelique12,@rhispect my honey works nights so I have to sleep alone every night.  where do I find one of those living organisms? 
4,2052295192,Sat Jun 06 00:15:22 PDT 2009,NO_QUERY,rushxx,said bye to my deadly bitch nasty girl nade  gonna miss her but she's working at myer here!  so still see her heaps!
4,2052396664,Sat Jun 06 00:35:27 PDT 2009,NO_QUERY,_willowed,@gumbie_girl lol neverrr i don't have jelly  lol  Oh you know i do ;) bahaha.
4,2052444682,Sat Jun 06 00:45:08 PDT 2009,NO_QUERY,ReMisterGeneral,@ChrissyMBot no tetleys at the airport  I shall have to sample 'american breakfast tea'. Heaven forbid 
4,2052448648,Sat Jun 06 00:45:56 PDT 2009,NO_QUERY,mattie7,oh you just texted  but I only got parts 2 and 3 so I dont know what he said  you will have to tell me tomorrow ok?
4,2052454607,Sat Jun 06 00:47:07 PDT 2009,NO_QUERY,creati0n,@thamsanqa Yep  i just want my files since i last Backed up 
4,2052496700,Sat Jun 06 00:56:02 PDT 2009,NO_QUERY,ideal808,"OMG playing from 6-10pm, exhausting   at least i got 1 win in! time to head on home "
4,2052514358,Sat Jun 06 00:59:51 PDT 2009,NO_QUERY,NeZ_Talk,"Good morning,everyone! Just reag the latest tweets ..and I'm not happy that there where NO steamboats  ..gonna have some breakfast now! "
4,2052540754,Sat Jun 06 01:05:04 PDT 2009,NO_QUERY,SophieBroad,"@LaurenConrad Im getting one!!!  fancy sending me a signed one, dont think i can make it to america to get one "
4,2052616220,Sat Jun 06 01:21:43 PDT 2009,NO_QUERY,PoyntlasLove,Drinking is fun (Y) I have a really bad sore throat  cherry lozenges are life savers  xx
4,2052676219,Sat Jun 06 01:35:33 PDT 2009,NO_QUERY,PinkCandyCross,"@benjibrum I can haz umbrella, but I am already damp from going to Asda  I'll come and sing at you another time "
4,2052676641,Sat Jun 06 01:35:39 PDT 2009,NO_QUERY,YvetteObeney,"@GeoffDicks Morning! Had pleasant dream's, then had 2 wake up.  what's your plans 2day?? "
4,2052704494,Sat Jun 06 01:42:01 PDT 2009,NO_QUERY,sophieholly,"@sofiesunshine awesome  i'm really looking forward to it, hope Ness is better though  bless her"
4,2052736364,Sat Jun 06 01:49:29 PDT 2009,NO_QUERY,OurCowMolly,"We are at Stocksbridge school selling ice cream tubs  ...,, in the rain "
4,2052737466,Sat Jun 06 01:49:46 PDT 2009,NO_QUERY,creativejo,Spammers are up early today  Getting up time so have a good morning everyone 
4,2052738147,Sat Jun 06 01:49:56 PDT 2009,NO_QUERY,SahraGoncalves,@pcdmelodyt Hey Melody ! I'm the very big fan of the PCD !!! My favorite singer with Nicole ! I LOVE PCD !!!!  re lay me please ! 
4,2052831289,Sat Jun 06 02:11:34 PDT 2009,NO_QUERY,Pernille8800,"studying for my eksams  german, classical classical, religious religious and AT7 ... summer holidays 6/23 "
4,2052832216,Sat Jun 06 02:11:47 PDT 2009,NO_QUERY,juliduli777,it is four in the morning and I cant sleep  so i am sitting here drinking diet coke 
4,2052833201,Sat Jun 06 02:12:02 PDT 2009,NO_QUERY,LaughingAllTime,must wash dishes  so i must go off now   love you all (: JULIAN&lt;333
4,2052834741,Sat Jun 06 02:12:23 PDT 2009,NO_QUERY,farahm,@Khaldonm   just wait i am coming to finish them    
4,2052948151,Sat Jun 06 02:39:51 PDT 2009,NO_QUERY,carolinekerrang,@leolodreamland shame about the weather today tho ..  v.v. soggy! 
4,2052950194,Sat Jun 06 02:40:19 PDT 2009,NO_QUERY,JimmyTheGhost,Tonight I will be able to sleep under my sheets  As opposed to on top of them covered in a layer of sweat 
4,2052989622,Sat Jun 06 02:49:59 PDT 2009,NO_QUERY,EskimoJoelted,Oh and I have no jacket to keep me warm  but $200 for booze..BIG nite ahead  
4,2052991421,Sat Jun 06 02:50:22 PDT 2009,NO_QUERY,mydefpony,I just saw a bum shake a payphone till it spat out a bunch of quarters... What a champ  wish I'd  thought of that 
4,2053005173,Sat Jun 06 02:53:44 PDT 2009,NO_QUERY,annamg08,@candydoodles thanks.  i don`t know my section. 
4,2053030085,Sat Jun 06 02:59:59 PDT 2009,NO_QUERY,Susy412,"Getting dinner stuffs ready for tonight, maybe a wee surprise too ;) Hubbys back for good today  looks like rain though  Roll on tonight"
4,2053039031,Sat Jun 06 03:01:51 PDT 2009,NO_QUERY,kimbaloveswho,"@Pink at your concert, shame my seats are sooo bad  look right and shout put when you're on "
4,2053108314,Sat Jun 06 03:18:20 PDT 2009,NO_QUERY,cazzalineAP,rain rain go away  seeing Andrew in 2 hourssss  x
4,2053123271,Sat Jun 06 03:21:51 PDT 2009,NO_QUERY,JoeyPepperoni,Just made a new account...  I don't want to go to school !! WAAAAAAAAAAAH ! 
4,2053134773,Sat Jun 06 03:24:38 PDT 2009,NO_QUERY,AKAVirtualPA,@Tw1sty #athomebeingawetlblanket ...  I'm still joining in however ... 
4,2053181998,Sat Jun 06 03:35:44 PDT 2009,NO_QUERY,technolliegy,Watching some updates on big brother - loving Halfwit and Dogface  #bigbrother Whilst watching the D-Day anniversary on BBC News 
4,2053270449,Sat Jun 06 03:56:24 PDT 2009,NO_QUERY,XoobabyblueooX,bored shitless cant move sooo sore  tho sports day was brill 
4,2053296839,Sat Jun 06 04:02:07 PDT 2009,NO_QUERY,alps05,"says The answer is maybe, and that's final.  Hunger.  http://plurk.com/p/yt893"
4,2053305237,Sat Jun 06 04:04:00 PDT 2009,NO_QUERY,ffmpaD,@chaudeey yeah sorry because of this morning ;)) i trained from 11 to 12.30... did one exercise +10 lbs and it burned that hard  
4,2053369424,Sat Jun 06 04:18:20 PDT 2009,NO_QUERY,jumboclark,Going to see Muse at the 02  have to wait till november though 
4,2053386212,Sat Jun 06 04:22:07 PDT 2009,NO_QUERY,gemeg,@svn8teen Oh. Hahaha. Yeah. Good luck  Is 3rd year hard? So I should recite na ba or what? I need advice! 
4,2053386893,Sat Jun 06 04:22:16 PDT 2009,NO_QUERY,CassieBrahh,Kaseys workkk stole him from meeee   Playing computer games lika n3rd 
4,2053415546,Sat Jun 06 04:28:35 PDT 2009,NO_QUERY,mariah_ana,Ahhhh. I missed seeing JB on sportscenter.  &amp; Happy saturday!!!  Mariah (:
4,2053416760,Sat Jun 06 04:28:51 PDT 2009,NO_QUERY,MollyLOVESAston,@Diana_Vickers_ Morninggg diana  Its england what do we expect?  haa xxxx
4,2053462236,Sat Jun 06 04:38:28 PDT 2009,NO_QUERY,justalie,"@NicoleJAnderson i know, it totally is  got health and food on tuesday sadly  i know, its a scary thought lol"
4,2053463362,Sat Jun 06 04:38:42 PDT 2009,NO_QUERY,CharleneBx,@kezzawezz Yaba!  Enjoy your time doon there..... especially if the weather is better than this pish up here!  Boooooo! xx
4,2053473078,Sat Jun 06 04:40:45 PDT 2009,NO_QUERY,TanyaFawnColvin,on the train home whooopa  pretty damn bored tha 
4,2053510387,Sat Jun 06 04:48:45 PDT 2009,NO_QUERY,kennywong,char koay teow @ lrg 100 tahun....after workout sinful  but yum 
4,2053511354,Sat Jun 06 04:48:57 PDT 2009,NO_QUERY,DominaCaffeine,@Storm_Crow Oh dear poor @crag_du  he'll be hungry lol.  Have been successful with my google calendar/Tiff baiting 
4,2053581479,Sat Jun 06 05:02:55 PDT 2009,NO_QUERY,FunStarLiz," British weather is back i see! Oh well Birtney, london and ciaraaaa in 5 dayssss "
4,2053684753,Sat Jun 06 05:23:03 PDT 2009,NO_QUERY,shrutisrao,@dptmn200  deepthi elli ennu artha agthilla  dis is weird 
4,2053693340,Sat Jun 06 05:24:42 PDT 2009,NO_QUERY,GeneralProfound,@1critic yeah i know!unfortunately that is what humans ve become about  -just saw a movie w/pc geeks &amp; a bill gates wanna b - geeks won 
4,2053694630,Sat Jun 06 05:24:56 PDT 2009,NO_QUERY,Sabullkaa,@camilleTheJonas hey i want also  hey when you at home so I send you the profile  girl as I sit with she in Bus  I dont sit with she 
4,2053737035,Sat Jun 06 05:32:47 PDT 2009,NO_QUERY,ilanacharnelle,Closing night  Listening to 'Beyond the Sea' in the interval 
4,2053748810,Sat Jun 06 05:34:57 PDT 2009,NO_QUERY,pete_c,"@EvilNanny aw honey  There is always next weekend! And yes, we have butter and jam! "
4,2053861022,Sat Jun 06 05:55:17 PDT 2009,NO_QUERY,yasmeink,@sanya29 because the builders r here  but i got out now and hav fooood  i miss u too sanny!! when r u in nxt? xxx
4,2053869990,Sat Jun 06 05:56:52 PDT 2009,NO_QUERY,DominaCaffeine,@buddhapest  are you not well?  Did I miss a post?  Get well soon  *hug*
4,2053881135,Sat Jun 06 05:58:49 PDT 2009,NO_QUERY,twinkle_x,dont wanna work tomorrow  northies tmw nighttt &amp; lily allen on tuesday 
4,2053919502,Sat Jun 06 06:04:54 PDT 2009,NO_QUERY,nonkanya,"@misshara at home, sick  &lt;-- the power of copy paste..   . get well soon, dear! *hugs*"
4,2053946904,Sat Jun 06 06:09:20 PDT 2009,NO_QUERY,soulboykirk,"@PatrikIanPolk  Now I remember.  Why' &quot;Desperate Housewives&quot; not make better use of AW, I do not know. "
4,2053959675,Sat Jun 06 06:11:23 PDT 2009,NO_QUERY,iliketightjeans,7am on sat  band practice  makes everything better :-P
4,2054033966,Sat Jun 06 06:23:09 PDT 2009,NO_QUERY,kindy_franklin,saturday nite n home bored  but YAY footy monday  hopefully shane woewodin is gunna b there
4,2054061106,Sat Jun 06 06:27:25 PDT 2009,NO_QUERY,BucketheadBenny,"Tonights average score for me 118.5 with a min of 95  so shit, and max of 133 "
4,2054062297,Sat Jun 06 06:27:36 PDT 2009,NO_QUERY,Sarah_Jeffreys,Boat broken  luckily surrounded by fit men in leathers! 
4,2054125639,Sat Jun 06 06:37:19 PDT 2009,NO_QUERY,bellaziiva,"I miss my mom.....  but its ok, she'll back tonight "
4,2054232030,Sat Jun 06 06:53:10 PDT 2009,NO_QUERY,momtoostressed,@1capplegate  maybe they could ship to u; or find the owner and plead to open 4 u; hop your day changes to 
4,2054260141,Sat Jun 06 06:57:14 PDT 2009,NO_QUERY,XxMoneyHoneyxX,Hmmm....party was okay....meh.....raining now  please stop  i wanna go out  xxxxxx
4,2054321872,Sat Jun 06 07:05:33 PDT 2009,NO_QUERY,forbairt,@kdaly100 ouch  ... when she's back to you in 3 months saying its still not working ... 
4,2054409419,Sat Jun 06 07:17:20 PDT 2009,NO_QUERY,nyc_specialist,@conchordgirl he was passing out postcards. I didn't get one  I was so bummed about my pic lol but I did buy his cd. He gives nice hugs 
4,2054440724,Sat Jun 06 07:21:27 PDT 2009,NO_QUERY,OPENBOXmedia,my site has been updated! its now fully ready to be seen  although the 'contact me' part on the 'home' and 'about us' page doesn't work 
4,2054561994,Sat Jun 06 07:37:13 PDT 2009,NO_QUERY,Th3Brave,Breaking my back on the new outside kitchen  grrrr but the result wil be fantastic....... I think ....  Lets fond out in a few minutes
4,2054673443,Sat Jun 06 07:51:23 PDT 2009,NO_QUERY,TizBanana,"@salandpepper We did.. thanks for passing it on  am 1 day in on a 4 day w'end, so am a happy camper! Sorry we sent the rain back  lol"
4,2054701521,Sat Jun 06 07:54:52 PDT 2009,NO_QUERY,IsabellScully,back from class trip... was very cold and nice  but no twitter for a loooong time 
4,2054705634,Sat Jun 06 07:55:21 PDT 2009,NO_QUERY,MeghannMusic,"@R41NBOW Ah, you got it?! It's AMAZING  Why isn't it working? "
4,2054812895,Sat Jun 06 08:08:00 PDT 2009,NO_QUERY,emilyheartspatd,i'm going to summer jam! and flo rida; jesse mccartney; 3OH!3 and more are perfroming! I'm so excited!  yay except i'm running late. 
4,2054826671,Sat Jun 06 08:09:40 PDT 2009,NO_QUERY,madeline_g89,Don't wanna go back to work!!   Morning Twitter!  
4,2055011760,Sat Jun 06 08:31:40 PDT 2009,NO_QUERY,JessicaViberg,@AnnaCAndersson AAAAAAAAAAAAAH!!! I want one too!!!!  how much did u pay for it? Any special functions.. TELL ME ALL ABOUT IT 
4,2055043216,Sat Jun 06 08:35:21 PDT 2009,NO_QUERY,sactwit,@unahealy awww your close to me  jelous i'm not going 2 see u perform   love the sats! lol
4,2055120957,Sat Jun 06 08:44:16 PDT 2009,NO_QUERY,lauralou_93,@Fearnecotton could you play Sugar by Flo Rida please  while i'm revising Business  thanks xxxx
4,2055241593,Sat Jun 06 08:57:53 PDT 2009,NO_QUERY,audreythebaby,Having colds colds  AH1N1?!?? NOT. I will drink orange juice instead 
4,2055242978,Sat Jun 06 08:58:02 PDT 2009,NO_QUERY,nicollea_,@tommcfly  I think Fletcher cute  is better than ARAÃJO that is my last name 
4,2055322554,Sat Jun 06 09:06:20 PDT 2009,NO_QUERY,isodera,Been watching Conan's first week's reruns: we get all 5 of the week's Tonight Show only the ensuing weekend  But better than none! 
4,2055385910,Sat Jun 06 09:13:14 PDT 2009,NO_QUERY,Jesslynne,@Ithilwen Evil? I think not!  Aw darn.. I forgot to tell Mom to get extra stuff for a frappuccino later.. 
4,2055698387,Sat Jun 06 09:47:38 PDT 2009,NO_QUERY,Kiimm__x,"@bethbabezz lmao beth, nope  , well not yet.. my mum said she is gonna think about it! they are adorable! "
4,2055778621,Sat Jun 06 09:56:22 PDT 2009,NO_QUERY,Madril,Tried my old Canon Photoshot A70 yet again but it is dead  Think I might need a new camera... Oh look... birthday's coming! 
4,2055800600,Sat Jun 06 09:58:50 PDT 2009,NO_QUERY,benny92,Revision  borin! good day yesterday tho  haha over took mr wiliams on red light on my bike 
4,2056067395,Sat Jun 06 10:28:01 PDT 2009,NO_QUERY,Bowl_the_Bunny,I'm glad Bride Wars didn't end up disappointing me. :-D Too bad there wasn't more Bryan Greenberg.  Loved Anne Hathaway though. 
4,2056280448,Sat Jun 06 10:51:27 PDT 2009,NO_QUERY,brutalle,@luvara Happy birthday hun  Is there not any vegan cake?  xxx
4,2056281210,Sat Jun 06 10:51:31 PDT 2009,NO_QUERY,Danishbrunette,"@DiSCOLENA no  haha, I don't know any soccer players "
4,2056518924,Sat Jun 06 11:17:30 PDT 2009,NO_QUERY,jessiica_x,@tommcfly Yes you should! And @mcflyharry should use his twitter! tell him please!  Say hello to him too!  hahaha. Love you Tom! &lt;3 â¥
4,2056589694,Sat Jun 06 11:25:24 PDT 2009,NO_QUERY,NatalieGolding,"@Lucy_nessa oooooh. it better not rain  if it does i'm wearing jeans, a jacket and trainers! haha. but if it's sunny - dress &amp; heels! "
4,2056663520,Sat Jun 06 11:33:44 PDT 2009,NO_QUERY,Dan_Scott_1990,@AlanCarr I bloody love you! Cant wait for the new show  But I love Britney too so abit gutted that you said that joke  x
4,2056680164,Sat Jun 06 11:35:35 PDT 2009,NO_QUERY,violetbakes,@HoptonHouseBnB sorry Karen tweetdeck said I'm over capacity  Chilli and garlic work well with lamb as it cuts through the fattyness 
4,2056698094,Sat Jun 06 11:37:35 PDT 2009,NO_QUERY,mo3ath,At the cafe without my laptop or my bag :S I feel I'm lost  can't survive without my stuff 
4,2056700234,Sat Jun 06 11:37:50 PDT 2009,NO_QUERY,Sandra86says,I have a sore throat! Time to buy my secret weapon that is sucrets!!! Those always numb my throat  but other than that fml 
4,2056754054,Sat Jun 06 11:43:51 PDT 2009,NO_QUERY,XxPinkKisses1xX,just got back frum babysitting my cousin...it was fuuuunnn. But now i'm off to my friends house! LOL!  i miss my home...  lol.
4,2056805276,Sat Jun 06 11:49:40 PDT 2009,NO_QUERY,lindatusti,"I really need to talk to you @irisvarsi, cause I think I really have a serious JB fever...  "
4,2056807406,Sat Jun 06 11:49:56 PDT 2009,NO_QUERY,Draxa,@DAK04 good idea  Not so well ... 5 miles 
4,2056840642,Sat Jun 06 11:53:41 PDT 2009,NO_QUERY,SarahSchumi1,@xGaelic_Girlx thankx pet thou the savin starts here  roll on Augusto till we c sum certain Scottish lads  x
4,2056896118,Sat Jun 06 11:59:56 PDT 2009,NO_QUERY,JudithChad,is on way to pampered chef party   leaving the boys alone. 
4,2057081572,Sat Jun 06 12:20:12 PDT 2009,NO_QUERY,ARCoria,@cassidyblog LU-KEY!  I wanna be @ the lake... 
4,2057151438,Sat Jun 06 12:28:08 PDT 2009,NO_QUERY,mahes,"HIGH SCHOOL IS OVER!!!!!!, im kinda sad, im going to miss my friends, but i will bring a lot of good memories to college!   "
4,2057262169,Sat Jun 06 12:40:26 PDT 2009,NO_QUERY,ladyspeaker,Takin' a study break to grab lunch w/zee momma at my favorite veggie place!  I wish they had 'em out in LA! 
4,2057263304,Sat Jun 06 12:40:34 PDT 2009,NO_QUERY,ZAmmi,"@Jwyl oh dear  you still get to go to SantaBarbara later or is that cancelled now? Still, you get hugs and scrummy food "
4,2057317311,Sat Jun 06 12:46:38 PDT 2009,NO_QUERY,RachelPat,"Went to see Night atthe Museum 2 today, it was awesome  I'm bored though now "
4,2057369057,Sat Jun 06 12:52:33 PDT 2009,NO_QUERY,Monkey1313,finished homework   now i don't know what to do 
4,2057514019,Sat Jun 06 13:08:42 PDT 2009,NO_QUERY,Leanne0710,@nicole_b86 anoooo  its always the gay ones lolol  #hateperez
4,2057530610,Sat Jun 06 13:10:31 PDT 2009,NO_QUERY,xokissesfromlo,devins helpin me study. lots to do. what a yucky day for grad parties  nine days 
4,2057784091,Sat Jun 06 13:39:15 PDT 2009,NO_QUERY,CanadianJennie,@StacyDerosby  fun!  im wishing i was  closer so i could do more then one show    oh well at least i get to do one!
4,2057836366,Sat Jun 06 13:45:16 PDT 2009,NO_QUERY,jessicamloring,@GentleSinner Yayyy  I gots to sleep early  Leaving by 9 
4,2057853818,Sat Jun 06 13:47:19 PDT 2009,NO_QUERY,michaeljung,Finishing the #abdntweetup with Terminator Salvation at the vue 2145 screening. Alone  see it in good quality now 
4,2057956153,Sat Jun 06 13:59:15 PDT 2009,NO_QUERY,adamcobb,Back from work... but have to go back in again at 7am tomorrow  Then I'm off for 2 days 
4,2057992213,Sat Jun 06 14:03:19 PDT 2009,NO_QUERY,DaveBrendon,@LizUK Haven't even heard of it this side.  Quick blurb? 
4,2058061629,Sat Jun 06 14:11:23 PDT 2009,NO_QUERY,vanwau,@daracorrato so excited for you at the 5*!!! Why is Belgium so far from USA   Have fun for me!!!! And say hi 
4,2058096122,Sat Jun 06 14:15:27 PDT 2009,NO_QUERY,xloveisonitsway,"@AmieSC Erm a2 row 15, I searched the minute they can out aswell. I was hoping for front row  &amp; ur seats ares goood!! "
4,2058097008,Sat Jun 06 14:15:33 PDT 2009,NO_QUERY,MrsAGerrard,"Stevie Gerrard! England!  4-0, My man played gooood;). Very cold today! "
4,2058144895,Sat Jun 06 14:21:17 PDT 2009,NO_QUERY,Soph4Soph,"@millybee_art Aww... it was quite nice here today, bit overcast thou  Yeah Bfeeding rocks! ;-) hope you get some sun back soon.. "
4,2058180044,Sat Jun 06 14:25:33 PDT 2009,NO_QUERY,peoplefight,Link: VOTE! ;) - vote for me! âpeoplefightï¿½?  doesnât show my picture though  http://tumblr.com/x8b1yx40e
4,2058214375,Sat Jun 06 14:29:43 PDT 2009,NO_QUERY,BradGodin7,"Hmm, im bored lol, IM me? Mess me? please?  Dang i wana be with some1 like now! "
4,2058280136,Sat Jun 06 14:37:31 PDT 2009,NO_QUERY,kikimarie593,"@JennetteMcCTeam I actually guessed that, but my tweet didn't go through.  Oh well, I'll get the next one. "
4,2058349213,Sat Jun 06 14:45:42 PDT 2009,NO_QUERY,TinaReece,ironing  and sippin this mojito 
4,2058533993,Sat Jun 06 15:07:53 PDT 2009,NO_QUERY,Arasphere,"@mcr_rocks_alot Ag damn, that sucks  lol "
4,2058794561,Sat Jun 06 15:38:28 PDT 2009,NO_QUERY,Jenny_Stuart,"@sophiemcflyx yes i have only cryed three times at it, and todaay was one of them  you should watch it! its really funny "
4,2058828248,Sat Jun 06 15:42:29 PDT 2009,NO_QUERY,Poodlz,Head is so sore  But had and AMAZING night (despite assholes whole play rugby and think there cool....YEAH NAH  )
4,2059067317,Sat Jun 06 16:10:52 PDT 2009,NO_QUERY,icantdobetter,"@tommcfly Tom  please reply me boy! haha mr.twiiter universe I love u &lt;3,THANKS FOR COMING TO ARGENTINA  I love you somuch xX"
4,2059119078,Sat Jun 06 16:17:05 PDT 2009,NO_QUERY,hoychilda,. home from temecula. ergh i wanted to go to the party  i want to get drunk hahaha lol 
4,2059315682,Sat Jun 06 16:41:07 PDT 2009,NO_QUERY,stickypop,"Off to bed now, pretty tired, jobs tomorrow  but then off to see my girlfriend........ and play Sims 3  haha Night ladies and Gentlemen!"
4,2059315948,Sat Jun 06 16:41:09 PDT 2009,NO_QUERY,Francie2008,@ChoeBe  guess what I'm dling now...? 
4,2059333166,Sat Jun 06 16:43:15 PDT 2009,NO_QUERY,AceMas21,"@joshtastic1 Oh I dunno,,I couldnt explain this morning what was wrong with me...just felt really down  Am much better now tho  X"
4,2059681183,Sat Jun 06 17:25:17 PDT 2009,NO_QUERY,SeekerOf,@latinqttwitts4u Me too!!!  but would like to avoid the humidity that comes along with it after a lot of rain 
4,2059765907,Sat Jun 06 17:35:36 PDT 2009,NO_QUERY,swallowedeasy,"@nileyxlove Thank you  &amp; oohh  i think he's just gotten to the breaking point of all the hate made towards him and AHH, one more week ,."
4,2059815045,Sat Jun 06 17:41:29 PDT 2009,NO_QUERY,iliekpanduz,Attempted to take a pick of philly but epic fail  anyways just passed Philly on way bak home  http://twitpic.com/6siui
4,2059863446,Sat Jun 06 17:47:22 PDT 2009,NO_QUERY,ShastaGibson,"Huh, none of the Tweets I sent from my phone today seem to have gone through   Damn!  Some of them were hawt "
4,2059930138,Sat Jun 06 17:55:28 PDT 2009,NO_QUERY,novelistkc,@taraellis19 Wedding details pleeeaase! I'm home sick w/sick baby   what can you give me in 140characters? ???  
4,2060015317,Sat Jun 06 18:05:32 PDT 2009,NO_QUERY,pbrack,@lindsmartin @lastfm  unfortunately Pandora seems to have ceased http://bit.ly/Zhmi0 
4,2060016223,Sat Jun 06 18:05:38 PDT 2009,NO_QUERY,taylor_123,"@maddihorse I think you'll love them    aw, that sucks about the comp  "
4,2060295707,Sat Jun 06 18:38:17 PDT 2009,NO_QUERY,SphereCat1,"@AppleGeeek Awwww, you just ruined my day.  lolz! Just kidding! "
4,2060399161,Sat Jun 06 18:50:01 PDT 2009,NO_QUERY,Kozitaa,i think that i miss @MM_Oporto so much  i love you 
4,2060400089,Sat Jun 06 18:50:07 PDT 2009,NO_QUERY,Lynne90,@teatotally  free shots 4 everyone!!!! and yes @mollieofficial I am quite selective  I want London to be here NOW! I miss u girls 
4,2060437071,Sat Jun 06 18:54:18 PDT 2009,NO_QUERY,HappyCassie,Oh hi guys... This pic made my face hurt  but I like what I'm wearing  http://yfrog.com/3of31fj
4,2060472235,Sat Jun 06 18:58:16 PDT 2009,NO_QUERY,gabigail87,Sports Arena for Julie's goodbye party. Bowling =  goodbye = 
4,2060561241,Sat Jun 06 19:08:13 PDT 2009,NO_QUERY,justinjwilliams,"@olinaqian    oh, i don't have emoji on this...  do you have emoji yet? it was made for you! plus i think it's free."
4,2060599252,Sat Jun 06 19:12:35 PDT 2009,NO_QUERY,PrettyMsAsh86,My haircut   still pretty though  http://twitgoo.com/oj2g
4,2060803636,Sat Jun 06 19:36:31 PDT 2009,NO_QUERY,SilviaNYC,At city island with my peeps  booo a hangover! 
4,2060871071,Sat Jun 06 19:44:26 PDT 2009,NO_QUERY,NatalieGolding,"@Lucy_nessa it is! haha. aaaaaaaah. i'm gonna put my pic of me and her in too, and ask her to sign it  ashhhhh &lt;3 we need an ash pic! "
4,2060924350,Sat Jun 06 19:50:33 PDT 2009,NO_QUERY,makeroom4cleo,UP IS THE CUTEST MOVIE IN THE WHOLE ENTIRE WORLDDD!!!! MADE ME CRY  BUT MAKESME SOO HAPPPY. CANT STOP SMILING 
4,2061151653,Sat Jun 06 20:16:55 PDT 2009,NO_QUERY,etePLiL,Good Morning Czech Republic now It's 5:17 AM  and I'm so very tired 
4,2061332895,Sat Jun 06 20:39:01 PDT 2009,NO_QUERY,ixchellopez,@amanicka Awww buddy! hello  i miss u 
4,2061347899,Sat Jun 06 20:40:51 PDT 2009,NO_QUERY,PolaScheps,@ddlovato good luck girl! and please please please come back to ARGENTINA!! ARGENTINA!! we miss u girl  love u â¥ u r the best 
4,2061444933,Sat Jun 06 20:53:05 PDT 2009,NO_QUERY,oohlookacat,on ramsey st  thats so rad! Dropped my camera 
4,2061539880,Sat Jun 06 21:04:56 PDT 2009,NO_QUERY,briswarn,anyways good night ya'll i gotta go sadly   !!!!!
4,2061588191,Sat Jun 06 21:10:59 PDT 2009,NO_QUERY,ChloeStack,@BlueCarr yay! im sooo effing hungry   ;d movie marathon yay! that means Corey yay! im being talked about on Mitches myspace yay! 
4,2061773625,Sat Jun 06 21:35:03 PDT 2009,NO_QUERY,carlsalazar,Awww... Titanic was on a while ago. I should've watched it.  I guess that's why Titanic is one of the trending topics right now. 
4,2061787743,Sat Jun 06 21:36:56 PDT 2009,NO_QUERY,amylovatojonas,ok going to bed  lol but going to Mazzio's tomorrow! YAY!!  haven't been there in forever! i love that place!
4,2061861748,Sat Jun 06 21:46:59 PDT 2009,NO_QUERY,BondServantLZ,@ILuvMyiPhone88 I know  when we wer in the states I got my 1g 8gig used for little over 100$  maybe when I go in 4 years ill get a new 1
4,2062025063,Sat Jun 06 22:09:17 PDT 2009,NO_QUERY,capblast,@erikaauge you're such a baby haha  the lamia is coming for you! Here kitty kitty 
4,2062079422,Sat Jun 06 22:17:07 PDT 2009,NO_QUERY,kiarapop, back to maths. i wish i could stab it. but at least i have another red bull 
4,2062080032,Sat Jun 06 22:17:13 PDT 2009,NO_QUERY,lakezter,@DiiLee hate paper work ..  alla e3eeenich 7abooba 
4,2062146077,Sat Jun 06 22:27:01 PDT 2009,NO_QUERY,shelbaayy,aww maan. i didnt watch the penguins game  i forgot all about it. well had a fun time tonight!  now going to sleep.
4,2062214251,Sat Jun 06 22:37:18 PDT 2009,NO_QUERY,DannysUltimatum,I feel like going on blogtv  but I can't right now 
4,2062253320,Sat Jun 06 22:43:27 PDT 2009,NO_QUERY,NicoDelano,"@anastasiav the author of Pendragon, hot mannequins waving at me, and two ugly burly dudes in the food court  only saw aftermath though "
4,2062313315,Sat Jun 06 22:53:11 PDT 2009,NO_QUERY,dbrJpp,@DontCallMeBones yay  hahah i love tweetdeck cause its so practical! but i never use it 
4,2062386313,Sat Jun 06 23:05:13 PDT 2009,NO_QUERY,_musiclover27_,@shennn haha  Titanic  Jack &amp; Rose. &lt;3
4,2062399144,Sat Jun 06 23:07:20 PDT 2009,NO_QUERY,jonas_twilight3,@taytay80sluvr same here ~ no havent met anyone famous  but saw jb last year 
4,2062422497,Sat Jun 06 23:11:16 PDT 2009,NO_QUERY,nagham,"@ParulBh wish you can come to our event  btw we're gna have live chat, so you can join us there! "
4,2062503109,Sat Jun 06 23:25:17 PDT 2009,NO_QUERY,Maevelbee,Going to bed cuz i have to work at 10:30  I know it's soo early 
4,2062516845,Sat Jun 06 23:27:45 PDT 2009,NO_QUERY,Lexitime,"@trent_reznor people are assholes  I like your tweets, I'm gonna Velocirape that guy right in the face! yeeeeah "
4,2062633709,Sat Jun 06 23:49:03 PDT 2009,NO_QUERY,GabriellaOlsson,mooorrning  all im doin tday is exams .. 
4,2062676965,Sat Jun 06 23:57:15 PDT 2009,NO_QUERY,lildesi143,@nickzano miss watching WILAY  love the promo for final destination though!! 
4,2062709944,Sun Jun 07 00:03:15 PDT 2009,NO_QUERY,donniesgirl01,@okcomputer27 You welcome hun  We will be friends always ))) IT sucks that you can't watch videos on that site  *HUGGGSSSSS*
4,2062856833,Sun Jun 07 00:31:56 PDT 2009,NO_QUERY,stephanieeek,Just got home from work. Geoff has a sore throat  now boiling hot water to make a cup of chamomile tea. Gots the day off tomorrow! Yay 
4,2062864530,Sun Jun 07 00:33:27 PDT 2009,NO_QUERY,Sdlra1,"Weather so bad  Jon &amp; Joanna have a great time,sounds like you are already "
4,2062953257,Sun Jun 07 00:51:37 PDT 2009,NO_QUERY,dmbdork,@DMBwine uh oh.  i missed ya! i was gabbing like a high school girl on the tellie with my bff  SORRY HANI!!
4,2062963768,Sun Jun 07 00:53:47 PDT 2009,NO_QUERY,StevecmclainII, this night shouldn't end 
4,2063088672,Sun Jun 07 01:19:41 PDT 2009,NO_QUERY,Citrus_,@Jirad13 no quiere revivir  asi es que me voy a dormir... Good night and sweet dreams 
4,2063171557,Sun Jun 07 01:37:48 PDT 2009,NO_QUERY,anniemoreno,Jenn i miss you!! &quot;He he he ho ho ho&quot;  right now were not hanging out 
4,2063251223,Sun Jun 07 01:55:36 PDT 2009,NO_QUERY,disasterarea1,"ok, so perhaps I won't be repotting my plants today  We will just have to have a lazy day inside instead "
4,2063329990,Sun Jun 07 02:13:35 PDT 2009,NO_QUERY,riskyy,"@rosannasuppa i wanna ask, since i live in america, what is a wellie. i have no knowledge of this term  lol. belgium sounds exciting! "
4,2063354739,Sun Jun 07 02:19:26 PDT 2009,NO_QUERY,AndyWhyteUK,Can't believe it's raining so hard!!! I wanted to work on the garden today  I'll have to watch the Grand Prix from the gym instead!! 
4,2063382189,Sun Jun 07 02:26:01 PDT 2009,NO_QUERY,getvisible,@MarcLittlemore aye paid for the full version of AirportMania - spent nearly a hole night on it  Will give Stoneloops a go  ta
4,2063396449,Sun Jun 07 02:29:36 PDT 2009,NO_QUERY,RfTonline,Raining here in Cambridge today  Oh for the return of Summer 
4,2063430563,Sun Jun 07 02:37:41 PDT 2009,NO_QUERY,AngieCas,@shellrawlins we were going to the pub but fre has a tummy bug  I don't mind I like cooking 
4,2063431054,Sun Jun 07 02:37:49 PDT 2009,NO_QUERY,Robstoso,@mars_d Good morning friend  !! well thanks !! where are your boots??my are in the rubbish! were broken  see you later!!
4,2063496773,Sun Jun 07 02:53:59 PDT 2009,NO_QUERY,teabagx,"arhh, last night. whatta night  love'd it. but feelin' consequences now.  x"
4,2063530842,Sun Jun 07 03:02:13 PDT 2009,NO_QUERY,Sildar22,"good morning twitt-world, good day for yaÂ´ll!  IÂ´m waiting for the sun! *looks around&quot; looks not good for today! "
4,2063531831,Sun Jun 07 03:02:28 PDT 2009,NO_QUERY,chelseaaaa_xo,I really miss Amy  CAN'T WAIT TO COME HOME SOON 
4,2063603887,Sun Jun 07 03:20:13 PDT 2009,NO_QUERY,sabrinaxx,@rkb09 graphics  reli need to revise for it aswell cos I want an A in it :|..got 4 left aswell..finish on wednesday 
4,2063611121,Sun Jun 07 03:22:00 PDT 2009,NO_QUERY,seannch,@garryinnorfolk @tobiefysh Still none received by text as yet!  I do like the idea of vodafone eating my tweets. 
4,2063628581,Sun Jun 07 03:26:22 PDT 2009,NO_QUERY,bluebellbot,back from my hol in spain.... weather was fab... back 2 cold winds and 13 degrees  had a brill time out 
4,2063670799,Sun Jun 07 03:36:41 PDT 2009,NO_QUERY,OConnorOrla,sundays are always boring nothing to do!!! off to get ready for 12 o clock mass now  sooo tired 
4,2063736710,Sun Jun 07 03:52:32 PDT 2009,NO_QUERY,xo_speeddial,@mitchelmusso we love youuuu and are totally sorry we couldn't make it to the grove  maybe next la show  dude your ossum!
4,2063742703,Sun Jun 07 03:54:01 PDT 2009,NO_QUERY,hairdryer,@djones7774 I'm glad yo enjoyed it  Im over jelouse now  ~
4,2063864649,Sun Jun 07 04:22:37 PDT 2009,NO_QUERY,Danishbrunette,@DiSCOLENA probably not. When night comes the Americans take over and vote Archie  but we will keep fighting 
4,2063907092,Sun Jun 07 04:32:15 PDT 2009,NO_QUERY,Lafar88,brrr it's cold  yee dinner time! Let's go and eat something! 
4,2063924797,Sun Jun 07 04:36:12 PDT 2009,NO_QUERY,fatimasantos3,"OMG! TODAY THE POLICE CAME TO OUR SKOOL TO TALK ABOUT KNIVE/KNIFE CRIME, SOOOOO SCARY THING HAPPENED!  "
4,2063935017,Sun Jun 07 04:38:35 PDT 2009,NO_QUERY,Stephaniieee24,really cant be bothered for revision today  feeling terribly ill! Apprentic final and big brother eviciton tonight though 
4,2063954784,Sun Jun 07 04:43:00 PDT 2009,NO_QUERY,Fergzzzz,has learned a new juggle(/bounce?) for christie  yeyee.. 5 wins nadagdag sakin and 2 loss  http://plurk.com/p/z2fhe
4,2063963072,Sun Jun 07 04:44:52 PDT 2009,NO_QUERY,Kiwiiimakeup,studying  orr  not really kind of done.. I don't know.. Maybe a toturial today 
4,2063981096,Sun Jun 07 04:48:49 PDT 2009,NO_QUERY,Natz9002,Not a very lovely day today up here  Weather doesn't seem to know what to do 
4,2064098414,Sun Jun 07 05:13:00 PDT 2009,NO_QUERY,Jenivere,"At the moment I'm most thinking about the first and last, but shame the last ones have red on  oh wait I wear loads of red! "
4,2064098721,Sun Jun 07 05:13:04 PDT 2009,NO_QUERY,KatieeHowell,at holly's  asif i have to wait till quater to 9 to see the zutons  why couldnt they be on earlier its too cold !!
4,2064126409,Sun Jun 07 05:18:40 PDT 2009,NO_QUERY,foilplay,@cidawson Ahhh what a sweetie  I didn't realise that Jess was no more though 
4,2064187506,Sun Jun 07 05:30:41 PDT 2009,NO_QUERY,happyfish103,Success! I don't feel like crap  though I do *look* like crap thanks to this sunburn  hoping it fades soon!!!
4,2064248461,Sun Jun 07 05:42:37 PDT 2009,NO_QUERY,AyeBloodyRight,@Fifi1976 lucky you. I envy you. I wish was away  have fun tho 
4,2064349904,Sun Jun 07 06:01:11 PDT 2009,NO_QUERY,chriisay,@mrhysterics aw mate  your the oldest person in our year aint ya  what make are you gona get? when you getting sims3?
4,2064375934,Sun Jun 07 06:05:30 PDT 2009,NO_QUERY,jimhillhouse,My wife won't use Twitter  Why don't we see if we can get her to  @dustyreagan @johnerik @davidwalker
4,2064397158,Sun Jun 07 06:09:08 PDT 2009,NO_QUERY,sophiezzz,"@TeddyHitch I don't have Rapidshare, if you find a torrent link please send it to me!  Can't find any good ones for Common Dreads "
4,2064468403,Sun Jun 07 06:20:59 PDT 2009,NO_QUERY,mcflychloe94,"@lucylumcfly Ermm where we get given the articles before the exam, then get tested on it  Good luck too!  xx"
4,2064606564,Sun Jun 07 06:43:10 PDT 2009,NO_QUERY,Al_ice,@GoetzMehroxoff  Oh well!  Thank goodness homework days are over
4,2064619622,Sun Jun 07 06:45:12 PDT 2009,NO_QUERY,chars1983,"trying really hard to stay calm today but seems bad news is following me  oh well life goes on, got my boys to keep me happy "
4,2064658793,Sun Jun 07 06:51:13 PDT 2009,NO_QUERY,Indy1222,Drinking coffee on last morning of FMS party.  Coffee   Party almost over 
4,2064671074,Sun Jun 07 06:53:05 PDT 2009,NO_QUERY,olivia_15,tweets r not going 2 become as often now cos 1. ill b back @ school  2.  i will have a week worth of catch up work  3. trainings
4,2064713540,Sun Jun 07 06:59:35 PDT 2009,NO_QUERY,Honey1407,So tired.. and nothing to do.. nobody have time for me  Happy Birthday to my brother  watching TV      kiss
4,2064983994,Sun Jun 07 07:37:55 PDT 2009,NO_QUERY,jayadore,@albertsthings i have workkkkkk. and waiting on heaps of online shopping to come through. cant wait! but essay  have fun @ the gig tmr 
4,2065012859,Sun Jun 07 07:41:52 PDT 2009,NO_QUERY,lauren_davison,@JLSOfficial good luk guys...cnt believe im nt thr  im listenin on the radio in tears waitin for it! FIRST LIVE VERSION OF BEAT AGAIN  x
4,2065120619,Sun Jun 07 07:56:19 PDT 2009,NO_QUERY,KiTTyKiD_2802,woo long ass day in manila.. damn mayne. timezone is a wallet killer im dead broke  but it was worth it I.D.3&amp;4 own 
4,2065182713,Sun Jun 07 08:04:17 PDT 2009,NO_QUERY,ambersengupta,@Naoise_Fox no im not a member  so i dnt get to apply for presale tix  but i dnt care where i sit lol - as long as im there  gd luck !
4,2065395610,Sun Jun 07 08:30:28 PDT 2009,NO_QUERY,o0oHelen,"back to school tomoro   Also, i washed the car and mowed the lawn! What a great help i am! "
4,2065429332,Sun Jun 07 08:34:40 PDT 2009,NO_QUERY,grayscalealien,"@alizan i would - but no money.  Corts is thinking about actually getting though, ill let you know if he ever does "
4,2065460362,Sun Jun 07 08:38:29 PDT 2009,NO_QUERY,cravingforchaos,@patented It's been so long since we've met  Hopefully we can meet on thursday! 
4,2065462894,Sun Jun 07 08:38:48 PDT 2009,NO_QUERY,cravingforchaos,@patented It's been so long since we've met  Hopefully we can meet on thursday!  Ily tooo&lt;3
4,2065509163,Sun Jun 07 08:44:33 PDT 2009,NO_QUERY,raven_ryann,"@onlylies for somereason, the lin errored.   And yea, I guess a vacay would help either way "
4,2065624614,Sun Jun 07 08:58:35 PDT 2009,NO_QUERY,lesliemware,Time to study  more coffee soon 
4,2065713157,Sun Jun 07 09:08:43 PDT 2009,NO_QUERY,ambersengupta,@16_MileyCyrus omg your so lucky ! i was ment to go to itunes cuz i won 4 tix .. bt cudnt make it  so thts y im desp. to go in december 
4,2065785899,Sun Jun 07 09:17:10 PDT 2009,NO_QUERY,ZOMFGG,"Lets twitt it!   There's cheer tomorrow from 8am- 12pm break 2pm- 5pm. Nice eyh?  Btw, tomorrow is our last day with Steph, the coach "
4,2065790717,Sun Jun 07 09:17:45 PDT 2009,NO_QUERY,iiitsJAMIE,@jerryhorton I'm friends with her on the riot  I wish I was cool enough to get my own skin for my ipod. You don't have one for my type 
4,2065852664,Sun Jun 07 09:25:08 PDT 2009,NO_QUERY,christendaphne,Monday again.  super looking forward to the upcoming long weekend. Yahoo! 
4,2065854117,Sun Jun 07 09:25:17 PDT 2009,NO_QUERY,amber_0X,@laura_x3 Aww.  Atleast your going though!! 
4,2065855005,Sun Jun 07 09:25:23 PDT 2009,NO_QUERY,Lou1510,@ronanofficial have fun in notts tonight! was meant to be there but couldnt afford the train!  see you on tuesday!!!!  xxx
4,2065872029,Sun Jun 07 09:27:24 PDT 2009,NO_QUERY,taylorspenc,obsessing over the computer that is on its way  workin out with ellen soon 
4,2065888722,Sun Jun 07 09:29:18 PDT 2009,NO_QUERY,ellejonees,"http://twitpic.com/6u3u5 - im UPSET  but when lifes not easy, pray "
4,2066048608,Sun Jun 07 09:47:29 PDT 2009,NO_QUERY,dinosawr,@RawrStar No  I could make my own though 
4,2066229438,Sun Jun 07 10:07:39 PDT 2009,NO_QUERY,shanCc,@Fearnecotton awwwh veronicas number 9 !  .... shuda got the number one. Awesome show fearne thankoo  lisening while doing corsework  X
4,2066286477,Sun Jun 07 10:13:58 PDT 2009,NO_QUERY,skylarjordan,"@ShelleyForbes Aww, bless you, babes!  I wish they could find a way for us in the States to vote.  "
4,2066319812,Sun Jun 07 10:17:44 PDT 2009,NO_QUERY,EmmaJimjam,"6th year tomorrow  My feet are sore though, "
4,2066392237,Sun Jun 07 10:26:01 PDT 2009,NO_QUERY,hollyannaeree,@PinkHelloKitty2 haha thanks.  aww we didnt even get to get brunch.  we came home and had a cookout with my family.
4,2066553818,Sun Jun 07 10:44:17 PDT 2009,NO_QUERY,PixelExecution,@LookingForSocks I'm sorry to hear it.  I hope you feel better soon. Snuggle up with a blanket and a sleepy movie.  It's what I do.
4,2066574818,Sun Jun 07 10:46:37 PDT 2009,NO_QUERY,KaylaaCole,@GabyMcKay Gaby i jus liked your picture  and i love you every day !  And im gonna miss you millions 
4,2066716470,Sun Jun 07 11:02:30 PDT 2009,NO_QUERY,Juubbs,"@Ml2xBoou Just McFLY, I haven't seen SP.  and I'm brazilian, btw "
4,2066808808,Sun Jun 07 11:12:34 PDT 2009,NO_QUERY,RoxanneHeeey,I'm really boring now..I would like to somebody make me happy (;D) but nobody wrote for me anything what could be funny .  HELLLLP 
4,2066902936,Sun Jun 07 11:23:07 PDT 2009,NO_QUERY,_G_G_,Not good to watch infomercials while I'm hungry   I really want one of those easy bake GT Xpress 101 things now 
4,2066922350,Sun Jun 07 11:25:17 PDT 2009,NO_QUERY,TakeThatNews,"i really hate it that i'm so tempted to read all of these newspaper articles about the show  oh well, i want a suprise "
4,2067143436,Sun Jun 07 11:49:34 PDT 2009,NO_QUERY,Shannxo,@erront55 Hey Eric  I wanna hear Leona on the radio 
4,2067161979,Sun Jun 07 11:51:35 PDT 2009,NO_QUERY,Morenah08,"I'll go Skate Boarding Down My House!  But...I'm sad, One person isn't with me now! s2  "
4,2067162739,Sun Jun 07 11:51:40 PDT 2009,NO_QUERY,Dontclickhere_,@MadJulia Haha ;D Your pinnwand-entries are so awesome  And I WANNA BETA! Pleaaaaase!  
4,2067181308,Sun Jun 07 11:53:43 PDT 2009,NO_QUERY,ashleighxgebbie,"Ugh school tomorro  but just think, we've only got 16 whole school days left  wooo!!"
4,2067314070,Sun Jun 07 12:07:38 PDT 2009,NO_QUERY,AmyNicole060309,@ThisisDavina yay  normally everything is on at the same time 
4,2067314610,Sun Jun 07 12:07:41 PDT 2009,NO_QUERY,nard,"Lost both games  To punish myself, I'll eat fear factor food. "
4,2067334332,Sun Jun 07 12:09:46 PDT 2009,NO_QUERY,ZOMGGREENSTUFF,@Hulabalooo LOL@YOU. i got no homework in my first week. good old mr taylor setting you an essay   i miss that man 
4,2067451991,Sun Jun 07 12:22:05 PDT 2009,NO_QUERY,SarahHambleDuke,Thinks My Life Lacks Romance At The Moment.. Haha! This 3 Months Off School Is Really Gonna Drag  Birthday 3 Weeks Today  x
4,2067741466,Sun Jun 07 12:52:44 PDT 2009,NO_QUERY,amymcfly,just got homeee. need to revise  me and charley just recorded our phone call. sooo cool 
4,2067939876,Sun Jun 07 13:13:13 PDT 2009,NO_QUERY,_shannon1234,@kjgriffin18 Thanks you too! Luckyy! I only see them once this summer  Have fun!! 
4,2067961316,Sun Jun 07 13:15:24 PDT 2009,NO_QUERY,tineysmartie14,I Love jay-z  Even though he threatened to kill Chris Brown.   
4,2068057305,Sun Jun 07 13:25:29 PDT 2009,NO_QUERY,Rioghnach4,@TheScriptFan anooo  y did they take it of utube that so ...... annoying  did u get sunday world 2day btw ? x
4,2068059380,Sun Jun 07 13:25:42 PDT 2009,NO_QUERY,Sims_Galore,@snw that means i've gotta go into TS3 and change the top  nah Plumbbob will do 
4,2068274582,Sun Jun 07 13:48:07 PDT 2009,NO_QUERY,Blssdnhlyfvrd,"@_Brandee yeah, it looks like your followers has out numbered those you follow drastically  it's ok hun, just ask people to follow me "
4,2068293433,Sun Jun 07 13:50:08 PDT 2009,NO_QUERY,pato_30stm,@30STMluva yeah! i loooove talking about 30STM with my friends  but i only have 2 friends that like them 
4,2068458159,Sun Jun 07 14:06:48 PDT 2009,NO_QUERY,okibeachbum,I forgot how important flexibility is in my grand equation.  It really is crucial. No vegetarian cafe in my immediate future  Next! 
4,2068514473,Sun Jun 07 14:12:43 PDT 2009,NO_QUERY,ssunnyfunny,"@thatsjustmee YAY!  I cannot help it xD aaww, that's great! my mom doesn't do that! "
4,2068891485,Sun Jun 07 14:53:23 PDT 2009,NO_QUERY,TayLovesDemi,"@BurninUp4UBabyy  I really wanna go see Miley, but since I'm already going to see Demi....  but who knows... maybe! "
4,2069210564,Sun Jun 07 15:27:52 PDT 2009,NO_QUERY,BethanyMcFlyX,@FrankieTheSats awh franks  youll have dugs back soon  have u watched our jcge spoof we gave nick 2 give u at oxford? Xx
4,2069268262,Sun Jun 07 15:34:01 PDT 2009,NO_QUERY,Simplynice,@ahanhbarbie I hope you feel better  Maybe some ice cream will help 
4,2069324427,Sun Jun 07 15:40:10 PDT 2009,NO_QUERY,kaelahbee,@katiedesign47 ha you always want what you can't have right?! at least you'll be home soon!  13 more days until real sweet tea for me! 
4,2069452763,Sun Jun 07 15:54:24 PDT 2009,NO_QUERY,i90s,@RealJessicaAlba  would you follow meee? would be a nice bday present 
4,2069565535,Sun Jun 07 16:06:41 PDT 2009,NO_QUERY,manolosavi,"@kkjordan aww  start saving, it works! lol i got mine all by myself "
4,2069567665,Sun Jun 07 16:06:56 PDT 2009,NO_QUERY,AndzZz,@MrGavinPhillips i do sniff!  
4,2069568736,Sun Jun 07 16:07:03 PDT 2009,NO_QUERY,AshyJonas,"@Jessicaveronica Smoking SUCKS!  I wouldn't do it. Ever. PS: I LOVE your bio on here, it's cute!  Please PLEASE reply, Jess! &lt;3 NZ fanxx"
4,2069605136,Sun Jun 07 16:11:04 PDT 2009,NO_QUERY,mllovesdcx,woooo watchin britain's got talent or somethin?  should really be in bed but  xxxx
4,2069656999,Sun Jun 07 16:16:56 PDT 2009,NO_QUERY,lmv09,so he asked me out  but I JUST made plans  boooo. next time. I can't wait till after graduation!
4,2069711706,Sun Jun 07 16:23:12 PDT 2009,NO_QUERY,APoopeyBum,trying to think of a few video ideas while im studying.. haha not really working out  anybody have any ideas for me? 
4,2069771242,Sun Jun 07 16:29:52 PDT 2009,NO_QUERY,jameslove8,@billyraycyrus Ireland does indeed rock  except for all the rain we get 
4,2069883018,Sun Jun 07 16:42:11 PDT 2009,NO_QUERY,ENYLYNMAY,Well now I'm off to dinner...  by myself 
4,2069883712,Sun Jun 07 16:42:16 PDT 2009,NO_QUERY,GRAHAMLINTER,"Hectic day tomorrow gotta get up early  night all, tweet laters "
4,2070089945,Sun Jun 07 17:04:40 PDT 2009,NO_QUERY,DianeMizota,Resting up for a 6:30AM call time  Shooting a national commercial tomorrow. 
4,2070189131,Sun Jun 07 17:15:02 PDT 2009,NO_QUERY,Brandicat,Aww  I love youuuu!! Don't be sad 
4,2070724663,Sun Jun 07 18:11:29 PDT 2009,NO_QUERY,CeLine_XD,"ugh! I have to do four more maryknolls!  ..on the brightside,o5 more days!!! "
4,2071013860,Sun Jun 07 18:41:13 PDT 2009,NO_QUERY,cac525,computer chair broke finally  and is now on the floor typing.. woo for wireless mice and keyboards 
4,2071638789,Sun Jun 07 19:42:21 PDT 2009,NO_QUERY,Dinesha_D,I just got through eating but I didn't get a chance to eat my red velvet cake becuz I was too full  I'll eat it tomorrow 
4,2072131720,Sun Jun 07 20:27:27 PDT 2009,NO_QUERY,MeganT23,Wishing that Madame Pomfry could fix my back real quick..&quot;I can mend bones in a heartbeat..&quot; uhggg  Army Wives is on tonight!!! 
4,2072149580,Sun Jun 07 20:29:22 PDT 2009,NO_QUERY,axalis,"WWWwahhh, i just heard that the new I-Phone comes out tomorrow; i want an I-Phone! Too rich for me   Ginny my birthday is soon!  "
4,2072279809,Sun Jun 07 20:43:31 PDT 2009,NO_QUERY,winnieindahouse,"Morning  i'm so sleepy still, but can't sleep "
4,2072315897,Sun Jun 07 20:47:34 PDT 2009,NO_QUERY,Fool_To_Think,Back home  Had so much fun this past weekend 
4,2072391346,Sun Jun 07 20:56:15 PDT 2009,NO_QUERY,VonDrasek,Was in the Ocean today!! Until it started raining  But then I saw The Hangover and that made it all better.  BTW: I LOVE THE OCEAN   
4,2072407595,Sun Jun 07 20:58:09 PDT 2009,NO_QUERY,Kozitaa,"now i have to study, study and study ! history and biology... it sucks ! but i have to do it, or i will die  bie twit, "
4,2072443063,Sun Jun 07 21:02:05 PDT 2009,NO_QUERY,HiltonSedona,"@Knot2serious Loving a GR8 wkend here in Sedona! Beautiful, even though I had to work on my house  How are U? Dont kick them 2 hard "
4,2072463346,Sun Jun 07 21:04:27 PDT 2009,NO_QUERY,Revs_R,Didn't want anyone to equal my legend Agassi's tally of cups!!   Anyway!! Congrats Federoarrrrrr!! 
4,2169457968,Sun Jun 14 14:32:12 PDT 2009,NO_QUERY,DredRica,my julie mangoes are getting nice and ripe    there is a bird's nest in my mango tree  
4,2174440390,Sun Jun 14 22:33:26 PDT 2009,NO_QUERY,Bubbles_Fly,@mctweetaholic ooo i wanna go! but i cant  but its all good 
4,2174440458,Sun Jun 14 22:33:26 PDT 2009,NO_QUERY,mmmmichelle,"@iLuvLinkinPark Haha awe, well I'll buy you one  lmao jk I don't have any money "
4,2174689568,Sun Jun 14 23:05:34 PDT 2009,NO_QUERY,filmflunky,I like being able to follow folks!    I don't like having ANOTHER username and password to remember.  
4,2174707712,Sun Jun 14 23:08:00 PDT 2009,NO_QUERY,kamanejr,is at campus..waiting for next class...BPI  without my love again  http://plurk.com/p/10zxxu
4,2174764556,Sun Jun 14 23:15:45 PDT 2009,NO_QUERY,nth452,@eddyizm so they're all torn up and awesome and look all dragged around.. but not TOO dragged around  dadblasted rain crampin my style 
4,2174864503,Sun Jun 14 23:29:54 PDT 2009,NO_QUERY,AreonLee,"Up, just had a shower  Now it's time for school :\ Geography decision making paper is today, Damn. "
4,2174921294,Sun Jun 14 23:38:10 PDT 2009,NO_QUERY,MetalGeorge,"@EastCoastSteff Ooooh, ouch! Hope yer ok.  Who played? Black Spot? Shane Mackie's band? They're great; did my old band's t shirts. "
4,2174946711,Sun Jun 14 23:41:58 PDT 2009,NO_QUERY,joshua_fox,@jadedownes i have no texts left  but if you have enough battery (i know what you're like) call me during demi please 
4,2174958014,Sun Jun 14 23:43:41 PDT 2009,NO_QUERY,sweeetnspicy,I'm sad tmrw's monday  well I get to look forward to #musicmonday 
4,2174961770,Sun Jun 14 23:44:17 PDT 2009,NO_QUERY,ravikh,Down with cough and cold  à²à²«à³à²¸ï¿½?à²à³ à²à³à²ï¿½?à²à²°ï¿½? 
4,2175082197,Mon Jun 15 00:02:28 PDT 2009,NO_QUERY,Jenniphher,"Work was very good. *Hi cutie! I got paid. Downfall, I locked my keys inside the car!?  However, I am finally going to see 'UP' tmrw! "
4,2175121015,Mon Jun 15 00:08:19 PDT 2009,NO_QUERY,mrgraemefreeman,well im up  s'gony rain ehday  and some wummin has kicked eh bucket cos of swine flu In scotland  All you Port high childen uh oh lol
4,2175147846,Mon Jun 15 00:12:24 PDT 2009,NO_QUERY,vanessaazeem,@abbieharding HI! how are you enjoying our ICT lesson? its ravishing isnt it  anywho. do some work dear.  LOVEYOU!
4,2175160452,Mon Jun 15 00:14:24 PDT 2009,NO_QUERY,death616,"@msgoth84 I get sooooo fuckin pissed when i get them...I'm like &quot;Oooo!New followers!   ,  then i see that its the fuckin porno people "
4,2175309662,Mon Jun 15 00:38:02 PDT 2009,NO_QUERY,jamesbowskill,Aaargh!! Kyoko's Macbook's HD is dead and all data lost. Not sure when it was last backed-up either  New HD free though 
4,2175385612,Mon Jun 15 00:50:30 PDT 2009,NO_QUERY,harishanker,"@nikhilnarayanan Didn't do it first!  Exported blog though.  Some memory issues, yet working fine now. "
4,2175386016,Mon Jun 15 00:50:34 PDT 2009,NO_QUERY,Clumsyflic,@Samantha_Mayy have an amazing time in Turkey!! will miss you  
4,2175386529,Mon Jun 15 00:50:40 PDT 2009,NO_QUERY,torierskine,I miss my iPod  Sad times.. But! Ali's house today  *sings* Father Allyson... :L Daughter ;) Aorta? I miss my fellow Cackling Witches 
4,2175396572,Mon Jun 15 00:52:22 PDT 2009,NO_QUERY,SamG2020,"@cinebo Well, it's Monday. The day you've been waiting for!  For the rest of us though... it's Monday .. "
4,2175574529,Mon Jun 15 01:22:31 PDT 2009,NO_QUERY,tinabooty7,Awww wwhat if they say im too fat to be a fat dancer?  hahah.. &amp; awww muaahh! u fatass  
4,2175585324,Mon Jun 15 01:24:25 PDT 2009,NO_QUERY,davewoodyer,Departure Lounge  Duty Free   http://bit.ly/fg6lA
4,2175599034,Mon Jun 15 01:26:45 PDT 2009,NO_QUERY,Lykeria,@basiaa nawwww  did you cry HAHA  aww i wish i went with yous  trust me i would of been a lot happier 
4,2175703256,Mon Jun 15 01:44:59 PDT 2009,NO_QUERY,hannah_kali,"Sad.... I can't use my vouchers for my Paris trip.  Darn, I'll just have to use them another time.  Brussels, anyone?"
4,2175704949,Mon Jun 15 01:45:14 PDT 2009,NO_QUERY,mmmayela,@giannabanzon gianna! i didnt see you today!  maybe tomorrow 
4,2175761469,Mon Jun 15 01:55:27 PDT 2009,NO_QUERY,NiicolaSmiith,"Morin Every1, in science  Goin bk 2 the besties in abit (y) Prom 4 Day gettin close now cnt wait  Woop Shia Is in London  Tweet l8t"
4,2175864940,Mon Jun 15 02:13:17 PDT 2009,NO_QUERY,Julzi93,studying cystic fibrosis for my Bio test tomorrow  i love shibby 
4,2175897515,Mon Jun 15 02:19:03 PDT 2009,NO_QUERY,catrinaaaa,@LeslieLoveXOXO i knowwww so sad for my sexxxxyyy ass dwight.  i miss u les! lets hang out sooon! 
4,2175919778,Mon Jun 15 02:22:59 PDT 2009,NO_QUERY,TheNewBradie,@NessaSlashRice hiii  it was ummm lonely SO MANY PPL AWAY  U AND ZOE ABANDONED ME IN TECH SHE WAS FUNNY BUT I COULDNT LAUGH ALONE =[
4,2175955151,Mon Jun 15 02:29:25 PDT 2009,NO_QUERY,meltemple,Getting ready for another work week.   Wish i could have retired like Marc 
4,2175998475,Mon Jun 15 02:37:03 PDT 2009,NO_QUERY,ImmaDingdong,I didn't manage to finish my meepok  But i'm alr very bloated! 
4,2176025493,Mon Jun 15 02:41:43 PDT 2009,NO_QUERY,emzuk88,Just watchin telly waitin to go bak 2 work  really pleased things r turnin around now! 
4,2176056145,Mon Jun 15 02:47:10 PDT 2009,NO_QUERY,ambermaishment,actually canny wait! sooo excited  reallly hungry  history and music next :| fun timess
4,2176057038,Mon Jun 15 02:47:20 PDT 2009,NO_QUERY,delph91,"yesterday was AMAZING !  See Nere today again, her last day in Paris "
4,2176125661,Mon Jun 15 02:59:33 PDT 2009,NO_QUERY,mam1cutie,"@Dog_Crazy Yes, I can understand that I would hate being weak &amp; tired 4 no apparent reason also.  I hope U start feeling better soon! "
4,2176164690,Mon Jun 15 03:05:55 PDT 2009,NO_QUERY,Ashleigh_Stack,@monashoj ello there mona  my teeth hurt 
4,2176198974,Mon Jun 15 03:11:55 PDT 2009,NO_QUERY,ohthyme,@BenWeekes Not for another 11 months.  And I'm keeping the VTR. 
4,2176210509,Mon Jun 15 03:14:01 PDT 2009,NO_QUERY,19fischi75,@Impala_Guy SORRY missed again - the boss was here  I will try to be in twitter later  Hope to c u too  Bye Bye!
4,2176361176,Mon Jun 15 03:39:53 PDT 2009,NO_QUERY,lrnn,"@bibblybobs nooes  well, maybe. we can have a barbeque in my back garden "
4,2176362006,Mon Jun 15 03:40:02 PDT 2009,NO_QUERY,Lic_,It rains  my friends are so crayzy the are playing now outdoor 
4,2176472939,Mon Jun 15 03:58:21 PDT 2009,NO_QUERY,serenaisis,@NerudaXVII i wanted to do popular music but its not offered!  music in the sixties? or do popular china. with me. 
4,2176524987,Mon Jun 15 04:06:12 PDT 2009,NO_QUERY,imogen_kate,@CapnScarlett Aww  It was good  But now you can have a super-duper celebration Friday! How did your exam &amp; prac go?
4,2176642468,Mon Jun 15 04:24:06 PDT 2009,NO_QUERY,Spinneyhead,Just broke even for tax year to date  That'll last until I pay studio rent tomorrow 
4,2176658329,Mon Jun 15 04:26:28 PDT 2009,NO_QUERY,mrcool1,Ughhhh Monday  4 more days! 
4,2176672302,Mon Jun 15 04:28:36 PDT 2009,NO_QUERY,LindsayRowlatt,is bored at home revising!!  but its not too bad coz i am revising the lion king!!  hehe!
4,2176682748,Mon Jun 15 04:30:08 PDT 2009,NO_QUERY,soccerman15,Getting ready for school   Wed. is my last day!!!! 
4,2176713359,Mon Jun 15 04:34:37 PDT 2009,NO_QUERY,welshdude02,In ICT ATM OMG  SOOO BORED  Hey Anyway @flamehabbo @DJ_Crofty @harriettaa
4,2176781448,Mon Jun 15 04:44:23 PDT 2009,NO_QUERY,Sarrahackett,headed for katers!  school in the a.m to the p.m ... last monday of the school year.. gonna miss grade 7 and all it's awesomness ! 
4,2176879303,Mon Jun 15 04:58:17 PDT 2009,NO_QUERY,LstXXVII,"memorized all my notecards, but now i am not tired and can't sleep!   hopefully my final will go well tomorrow!  good thoughts!"
4,2176895192,Mon Jun 15 05:00:19 PDT 2009,NO_QUERY,KaterinaBee,@lifeinathens ...kathontai kai klaine...  tha pw olo to song...YEY avrio stis 7 then 
4,2176974462,Mon Jun 15 05:10:42 PDT 2009,NO_QUERY,NVlaura,@DancerJess7 Im on level 20  im chuffed. ha i just have no coins left  xx
4,2176990248,Mon Jun 15 05:12:47 PDT 2009,NO_QUERY,pikapikh,"just finished watching 'ghost blah2 girlfriend'. It's funny  jaah, back to BROKE time "
4,2177050057,Mon Jun 15 05:20:34 PDT 2009,NO_QUERY,radiostarelle,@hcsfchick Yeah  I want one better mark before end of uni 
4,2177096500,Mon Jun 15 05:26:30 PDT 2009,NO_QUERY,xBaBeYx,In Mah Bed Half Deed  Ah Jzt Ate About 20 Packetz Eh Crispz  || via http://m.itsmy.com/
4,2177214976,Mon Jun 15 05:41:10 PDT 2009,NO_QUERY,sarelyse,"@jlyncarter  if you hurry, you can catch me in Charleston and we can hit the beach. "
4,2177228660,Mon Jun 15 05:42:51 PDT 2009,NO_QUERY,alexsmith13,loving new JB songs  but missing persons unit is sad 
4,2177262071,Mon Jun 15 05:46:51 PDT 2009,NO_QUERY,csstein,@justjake We haven't managed to make a karaoke night happen yet...   But stay tuned! I feel hopeful for next week!! 
4,2177463695,Mon Jun 15 06:09:04 PDT 2009,NO_QUERY,annadeca07,"so tired when i came home from UST... there was no classes, only opening mass..  good thing i met with Brian, Nela, Janine &amp; juanC .. "
4,2177520080,Mon Jun 15 06:15:02 PDT 2009,NO_QUERY,alxpression,"is studying for geoooooo || I hate exams  || Hey, you lookin' kinda cute!!  || Birthday in... 3-2-1 DAYS"
4,2177701208,Mon Jun 15 06:33:28 PDT 2009,NO_QUERY,carlaine28,@xRoeLollipopx said: Haha. &quot;Nahipo ka ba?&quot; Still remember who used to said that line?  -Don't remember anymore 
4,2177740830,Mon Jun 15 06:37:30 PDT 2009,NO_QUERY,jelsma_10,i dont wanna go to school tomorrow!!!  super nakakatamad. ang boring pa. ugh. buti na lang may unicorn dun. wahaha!   
4,2177902357,Mon Jun 15 06:53:22 PDT 2009,NO_QUERY,RaaachelG,awwh bbz  hope you get better soon  hah i will my days going to consist of watching skinss! what yuyou doing todayy? (: love you x
4,2177902512,Mon Jun 15 06:53:23 PDT 2009,NO_QUERY,pablowapsi,"@GhadaSmallworld Good morning!  Sorry to hear about your monitor. If it is dead, it's cheaper to get a new one over trying to fix it. "
4,2177990058,Mon Jun 15 07:01:40 PDT 2009,NO_QUERY,Kyle270,@ashleigh92 i might of done 8) i want it to look good for you comin back baby  i miss you  not long now though ;o i love you xxx
4,2177990486,Mon Jun 15 07:01:42 PDT 2009,NO_QUERY,SuperSmileySami,"Msn isn't working  It makes me sad, now my phone and msn are broke, but my phone should be fixed by the end of this week  Ilmfsfmiu "
4,2178121719,Mon Jun 15 07:13:34 PDT 2009,NO_QUERY,NickJisMYman,@BeCreative76 oh my gosh YAY i wish they had proms here  eh ive been fine OH i got an A in art  so yeah pretty good 
4,2178190743,Mon Jun 15 07:19:56 PDT 2009,NO_QUERY,Adore_7,"While going through my purse to find nail clippers, I found a hole in the lining.    Good news is I dug out almost $5 in change. "
4,2178235299,Mon Jun 15 07:23:58 PDT 2009,NO_QUERY,CamySussex,I'm off-line until after we move.  see y'all soon! 
4,2178343280,Mon Jun 15 07:33:43 PDT 2009,NO_QUERY,Dimonios,"@ontd30stm  http://bit.ly/2yn5l7 Delicious  thank you for sharing! ;) Since the OB are down, we can't have any details about Koln "
4,2178345007,Mon Jun 15 07:33:52 PDT 2009,NO_QUERY,kotonicourtney,@lukeguttridge things are going swimmingly  I'm so jealous of your nihon time tho! and wish a could've met up  bad timing ne.
4,2178413378,Mon Jun 15 07:39:58 PDT 2009,NO_QUERY,supyourmom,"wants something fun to do  ugh. everyone keeps getting to go places. like wtff mann, where's my vacation? &gt;:[ "
4,2178415092,Mon Jun 15 07:40:07 PDT 2009,NO_QUERY,phonxy,"just got home  roxy had fun with you, tita imy  badly."
4,2178436024,Mon Jun 15 07:41:55 PDT 2009,NO_QUERY,BThomp352,@ajazing much rather have done that but can't renew license online with address change  thanks for tha heads up 
4,2178694525,Mon Jun 15 08:04:24 PDT 2009,NO_QUERY,TwitPicnic,I found my (@andrewdearling) Rounders &amp; Softball sets today  shame you cant BBQ in Hyde Park 
4,2178764624,Mon Jun 15 08:10:23 PDT 2009,NO_QUERY,robcollingridge,@cuspate  Daughter now on unlimited text tariff. Can't afford to be PAYG and reply to all her texts   Cheaper to buy new iPhone 3GS 
4,2178909339,Mon Jun 15 08:22:41 PDT 2009,NO_QUERY,pnt,Small things make big difference. Complex simplicity. Completely underappreciated area        
4,2179080852,Mon Jun 15 08:37:01 PDT 2009,NO_QUERY,MsKtty89,"I wuv yuu, Jossua...    But he's going to be leaving in a couple months for Arizona.    I decided to stay here with the zoo.  &lt;/3"
4,2179429937,Mon Jun 15 09:05:33 PDT 2009,NO_QUERY,MomovinxD,"@pixieez I'm just bored  so i am twitting since i got nth to do! I also dunno why i wanna make two, cause its cheap?  $20 ea!"
4,2179556642,Mon Jun 15 09:15:56 PDT 2009,NO_QUERY,Darep,"I've been hit with some kind of a stomach sickness, blaargher. Little vomit burbs and stomach ache  - #squarespace "
4,2179704259,Mon Jun 15 09:28:09 PDT 2009,NO_QUERY,mistri00,dropped duane off at the airport. The last of my friends gone  Thankfully I still have Tommy &amp; Jenn as my local DMB peeps  Tricia
4,2179827615,Mon Jun 15 09:38:20 PDT 2009,NO_QUERY,DejaRiley,Good Morning Twits  Mommy Laurie @boomkack is leaving us this morning  gonna miss her but holdin it down while she's gone :-D
4,2179972257,Mon Jun 15 09:50:12 PDT 2009,NO_QUERY,stetbh,"Download.... what can I say it was absolutely amazing, one of the best weekends of my life  So gutted it's over "
4,2180525988,Mon Jun 15 10:35:22 PDT 2009,NO_QUERY,Kayline138,@Calabrese666 I know how you feel  my ipod decided to stop working when my computer crashed!! But my iPod fixed it self 
4,2181004045,Mon Jun 15 11:14:07 PDT 2009,NO_QUERY,GeeIp,@justen_fong you fail  but i'll help you in math12 next year 
4,2181200131,Mon Jun 15 11:30:15 PDT 2009,NO_QUERY,arumsiti_eris,@f_torres09 congrats for spain! but that's such a boring game to watch  spain won so easy from nu zealand.. gudluck for the next game! 
4,2181202647,Mon Jun 15 11:30:27 PDT 2009,NO_QUERY,beautyblackdiva,@killasluddie i knoww! i was   i accidently unfollowed u n now i realsed! 
4,2181626395,Mon Jun 15 12:04:56 PDT 2009,NO_QUERY,ThiagoAcquaviva,@ShanteCurtis idk...cuz i still have college to finish from august to december  i think i'll be there for like 10 days or 2 weeks maybe 
4,2181626396,Mon Jun 15 12:04:53 PDT 2009,NO_QUERY,stephm424,@violetspike Don't cry!  Just run away to Atlanta for Labor Day weekend! 
4,2181849006,Mon Jun 15 12:22:51 PDT 2009,NO_QUERY,karlaaaM,@DoRaMaLta im sorry  i love you!! &lt;33 don't worry u'll get it next time  muah!
4,2181921835,Mon Jun 15 12:28:52 PDT 2009,NO_QUERY,martinpacker,Mediocre #thunderstorm rolling through South West of #Poughkeepsie. I'm told this morning's which I mostly slept thru  was a classic 
4,2181923571,Mon Jun 15 12:29:00 PDT 2009,NO_QUERY,tinazerbe,@PerezHilton PEREZ! PEOPLE IN CANADA CANT VOTE FOR THE TEEN CHOICE AWARDS  IM SO MAD! ITS MEAN! BUT CONGRATS ON UR 2 NOMINATIONS  xoxo
4,2182529611,Mon Jun 15 13:17:32 PDT 2009,NO_QUERY,HeathaMurhie,@Savfortomorrow oh lawdd  i'm sowwy bby&lt;3 and we're now members of eastscene!  whoooo!
4,2182605869,Mon Jun 15 13:23:39 PDT 2009,NO_QUERY,kayteeleex,"Just put lines,vines and trying times on my iPod  wish i could meet the jonas brothers!!!! "
4,2182706647,Mon Jun 15 13:31:41 PDT 2009,NO_QUERY,conorjryan,knowing me I'll tweet as soon as I get one and set it up and get on the web.  That's just what I might do. I'm so sad 
4,2182860531,Mon Jun 15 13:43:53 PDT 2009,NO_QUERY,hannah106,@PaigeFawcett69 OH ON  . tv  last ideal tonight
4,2182889722,Mon Jun 15 13:46:10 PDT 2009,NO_QUERY,MacaAmpuero,nicee day  but i missed my sister @PoliBinder! 
4,2183020323,Mon Jun 15 13:56:30 PDT 2009,NO_QUERY,AmyLouiseLS,@RoodKid Ahhh  I loves you too david!!  xxxxxx Miss You 
4,2183071931,Mon Jun 15 14:00:34 PDT 2009,NO_QUERY,jennibelly,@kaz00_40 i didn't watch it all though  csi. i liked the duet he had lol. oh and the ending part where he was in the blocks 
4,2183277947,Mon Jun 15 14:17:12 PDT 2009,NO_QUERY,LittleLiverbird,"@MissLohan83 Tried, but she went like this---&gt;  and I caved in within seconds and bought her a fairy cake...... "
4,2183723685,Mon Jun 15 14:53:58 PDT 2009,NO_QUERY,taylormcfly,@tommcfly Tom do you like JB? i love them  fans are saying playing with them will ruin your replutation its making me sad  tell them off
4,2183770969,Mon Jun 15 14:57:51 PDT 2009,NO_QUERY,actorbaybee,@Bethybbz c a in music  sing sing sing SHAA conors leaveing me again tommoz  unreliable gay best friend lol
4,2183918011,Mon Jun 15 15:09:51 PDT 2009,NO_QUERY,Yema,"Oh dear,  John has overtaken both haha and  on my top words for twitter. John's now third after xD and xP Halp please? "
4,2184228201,Mon Jun 15 15:36:20 PDT 2009,NO_QUERY,heatherbxo,@chanelleannexox lol i dont ! and omfg ! nevershoutnever is playing july 15th in tdot  but you dont like him so who am i gonna go with? 
4,2184275422,Mon Jun 15 15:40:23 PDT 2009,NO_QUERY,DavidTheStrange,@merrymodernist its because your a freak :3 lol jk &lt;3 cant wait till the BBQ  stacey cant make it though 
4,2184392117,Mon Jun 15 15:50:35 PDT 2009,NO_QUERY,shawnasstoller,@JonathanRKnight hope youre having a great day off!! sorry about Australia  ill throw you a boomerang if you come see me  xoxoxoxo
4,2184670982,Mon Jun 15 16:14:54 PDT 2009,NO_QUERY,LdyHype_PhxSuns,@elishacuthbert Hi! It's nice to see you Twittering.  It is hot as hell here in Arizona. 
4,2184693535,Mon Jun 15 16:16:52 PDT 2009,NO_QUERY,Roses_Are_Red,@Emizzle4 awww  Some time when you have a free weekend we should throw you a twitter birthday party! those are fun! 
4,2184762070,Mon Jun 15 16:22:59 PDT 2009,NO_QUERY,aamandaXD,sunshowers  but i cant go for a run until they stop 
4,2184830168,Mon Jun 15 16:29:03 PDT 2009,NO_QUERY,kristafromsyd,"@TWILIGHTINFO haha not complaining bout old news from you, they are showing an old episode of e news today  luckily you keep me updated "
4,2184922476,Mon Jun 15 16:37:08 PDT 2009,NO_QUERY,LMR_52,@cristinatarga you have troy???  he's sick???  poor puppy dog.
4,2185034566,Mon Jun 15 16:47:11 PDT 2009,NO_QUERY,kridrules,@Dannaca_Lynn UGH. too many problems. worst night i've had in a while but im okay.  how are you feeling? better today i hope 
4,2185144112,Mon Jun 15 16:57:09 PDT 2009,NO_QUERY,HaleyNicoleV,didn't have to take her brother to his game  now im looking on youtube for the &quot;planet premire&quot; thing the boys did today..i missed it 
4,2185168176,Mon Jun 15 16:59:18 PDT 2009,NO_QUERY,tesssaunders2,Reading Dhana's &quot;check in&quot; message&quot;   But realizing that I won't see her much this Summer  
4,2185330548,Mon Jun 15 17:13:16 PDT 2009,NO_QUERY,iKieran,@Angelbstar Hehe  good old youtube can't live without it tbh  but then it will make me sad cos I wasn't there  xxx
4,2185445239,Mon Jun 15 17:23:33 PDT 2009,NO_QUERY,windwardskies,@queenofgeek waving to you from my office!  I'd walk over to say hi if I wasn't so busy with work right now 
4,2185579441,Mon Jun 15 17:35:37 PDT 2009,NO_QUERY,suzannelewis,"Turns out I really tweaked my back. Got prescriptions, a chiropractor referral, and orders to take it easy &amp; skip the gym.    &amp;  "
4,2186014109,Mon Jun 15 18:13:58 PDT 2009,NO_QUERY,jessica_marie89,Greeks season is over.  ~~ But returns in August! 
4,2186107364,Mon Jun 15 18:21:58 PDT 2009,NO_QUERY,THe_RuGGeD_MaN,@mochared awww  well u need motivationnn! ill motivate u 
4,2186224898,Mon Jun 15 18:32:01 PDT 2009,NO_QUERY,shaaqT,@ArchisM still at 973  I'm re editing the first one bhejtee hun ruk 
4,2186314745,Mon Jun 15 18:39:49 PDT 2009,NO_QUERY,xmissmandy,ahh!  i am so bored.    i want it to be sunshiney tomorrow so i can lay outside again. 
4,2186317282,Mon Jun 15 18:40:04 PDT 2009,NO_QUERY,elanagfoshizzle,@toniibologna toniiii.  she was third wheel. other wise fun stuff would have happened 
4,2186436027,Mon Jun 15 18:50:14 PDT 2009,NO_QUERY,paaaulaaac,@Jamiology aww i'm sorryy   and failbook sucks. just email them and they'll give your account back 
4,2186458081,Mon Jun 15 18:52:08 PDT 2009,NO_QUERY,wolfpackbask13,chillin at home talkin to and old friend and waiting to hear from my baby  cant wait to see him tomorrow! work too though  pray for rain
4,2186481711,Mon Jun 15 18:54:12 PDT 2009,NO_QUERY,livelikeian,@yoha_ahoy very much so  Rub better? 
4,2186812011,Mon Jun 15 19:22:20 PDT 2009,NO_QUERY,jgal13,Enjoying the nice 64F weather in SF n watching the Angels vs the Giants  I wish I had my camera tho   http://twitpic.com/7ikxe
4,2187251867,Mon Jun 15 20:00:45 PDT 2009,NO_QUERY,KylieMalchus,@glennbeck awww  Hope you feel better Mr. Beck! Great show tonight btw 
4,2187731812,Mon Jun 15 20:43:14 PDT 2009,NO_QUERY,Nidiamazing,"@Xm4n  I'd watch him with you if I'd paid DirecTV lmao  uhm, boring. Read more Twilight &amp; downloaded movies to my iPod, laaame!!"
4,2188129763,Mon Jun 15 21:21:08 PDT 2009,NO_QUERY,dannWTF,"NOT ENOUGH HOURS IN A DAY! Grr! Bed now, up @ 5AM.. So soon  W/e.. This crazyness will be over soon! "
4,2188133456,Mon Jun 15 21:21:30 PDT 2009,NO_QUERY,Kia_whatever,so i'll be off now. am getting ready and watching tv besides  see you in school again haha xD oh no i'll write a biig french test 
4,2188230525,Mon Jun 15 21:31:29 PDT 2009,NO_QUERY,billpatrowicz,@MarkGilesHRP @Spirit1053Sarah I'm signing the Sara Groves petition with you my friend!   I don't think it'll happen 
4,2188434289,Mon Jun 15 21:53:34 PDT 2009,NO_QUERY,Amaryth,"Aw...I'm sorry.  Go with the curl up, but leave out the die, ok? "
4,2188667556,Mon Jun 15 22:19:35 PDT 2009,NO_QUERY,spazztasticamy,@takemyyheart24 wooo!  i don't have any money on iTunes  but i'd buy it if I could.
4,2188941160,Mon Jun 15 22:53:34 PDT 2009,NO_QUERY,Daminando,@mileycyrus hmm...  hurts to read that ur in that bad mood :-/ hope that everything will becoming fine soon! All the best!  Damien
4,2189184639,Mon Jun 15 23:26:16 PDT 2009,NO_QUERY,dokus,"Starting the day with a hot bath, me like  Now all that's missing is a massage "
4,2189256161,Mon Jun 15 23:36:25 PDT 2009,NO_QUERY,Dutchrudder,Top of the morning day 2 u all  wish I was still sleeping 
4,2189267670,Mon Jun 15 23:38:07 PDT 2009,NO_QUERY,Rozz07zee,"lik its said in my myspace, i just wish sum1 can jus take me seriously !! .lol but w/e.. imma b a single old lady with 27cats   =\ "
4,2189383455,Mon Jun 15 23:54:14 PDT 2009,NO_QUERY,camillevdytan,@bonjour_zach LOL it is! ! glad that's over and done with :3 have to go now  sister's gonna use the laptop adios! 
4,2189396339,Mon Jun 15 23:56:02 PDT 2009,NO_QUERY,cyndixoxo,I randomly woke up.. now im hot  listening to cant have you by the jonas brothers 
4,2189659721,Tue Jun 16 00:34:31 PDT 2009,NO_QUERY,bartiiee,"Waky waky!! It's a beautiful day, the sun is shining!! Oeps, the're is no sun  But it's still a beautiful day. A daily present of God "
4,2189707310,Tue Jun 16 00:42:00 PDT 2009,NO_QUERY,AlleX91,Good Morning...today is the Hell Day in school.I'll be there from 11:30 to 20:00 Ugh...  Wish me luck to come back in one peace 
4,2189720592,Tue Jun 16 00:44:09 PDT 2009,NO_QUERY,nickadams88,@jamhos You are my Live friend  Too bad Live is down for 24 hours 
4,2189722020,Tue Jun 16 00:44:21 PDT 2009,NO_QUERY,weeps,@BananasMel  hello Mel.Maybe the helicopter was there to fight moths?joking! I needed to fight against mosquitos     have a great day 
4,2189762665,Tue Jun 16 00:50:37 PDT 2009,NO_QUERY,allora,@Hebbie mornin hebbie  sun's shinin over here in germany too..not for much longer though..storms on the way 
4,2189874102,Tue Jun 16 01:08:15 PDT 2009,NO_QUERY,alex_and_brooke,@Yasminmusic haha i have 2 weeks till school end.  you lucky girl 
4,2189912884,Tue Jun 16 01:14:36 PDT 2009,NO_QUERY,Nancysig,@sunshinepenguin yes I did catch it and I was full of mud  oh poor baby bird  Always sad to see such things 
4,2189923722,Tue Jun 16 01:16:19 PDT 2009,NO_QUERY,omgitsnoelle,"@Patti_Cakes23 i'm def gonna be drooling and/or crying  he's gonna talk about his brother, too "
4,2190020235,Tue Jun 16 01:32:25 PDT 2009,NO_QUERY,roxiijonas,http://twitpic.com/7j5j7 -  @jonasbrothers I miss you 
4,2190020468,Tue Jun 16 01:32:27 PDT 2009,NO_QUERY,thongar,YEAR 12 MUSIC MODERATION TOMORROW.  OHNOES. 50% of my grade is going down the drain...unless I practice. Which is gonna start... now. 
4,2190104868,Tue Jun 16 01:46:51 PDT 2009,NO_QUERY,Vegas85,Im Glad to find most of my flickr buddies here  Miss u Guys i've been quite inactive on flickr 
4,2190138248,Tue Jun 16 01:52:40 PDT 2009,NO_QUERY,Danishbrunette,@inluu http://twitpic.com/7j63n - That's how we like it  Why do allways miss it 
4,2190184658,Tue Jun 16 02:00:35 PDT 2009,NO_QUERY,happytobealone,@gfalcone601 I have cold   here's autumn in Chile  enjoy the sunshine for me!!!  Xx
4,2190233872,Tue Jun 16 02:08:49 PDT 2009,NO_QUERY,Annhesketh,@TessMorris Hello Tess!   Got my cholestrol results! they need to come down! I was expecting that!   Other results good! )
4,2190246015,Tue Jun 16 02:10:49 PDT 2009,NO_QUERY,Kimberly_x3,i want my cuty fia to sign in  buhuuu.. come to meeeeee 
4,2190280179,Tue Jun 16 02:16:35 PDT 2009,NO_QUERY,kelliecobra,@missrheajo mine was guilty pleasure~ my ring tone is hollaback boy  haha I have to record them myself tho 
4,2190457769,Tue Jun 16 02:47:11 PDT 2009,NO_QUERY,mam1cutie,@berntina I know I thought it was great.. 3 teacup pups cornering a huge moutain lion! lol   I just hope they didn't kill the lion. 
4,2190524840,Tue Jun 16 02:58:56 PDT 2009,NO_QUERY,emma_moreton,today is s**t so far  errrghhhh but hopefully i will be cheered up this afternoon with a good trip to town 
4,2190537387,Tue Jun 16 03:00:51 PDT 2009,NO_QUERY,magickhooly,Sociology was okay  But I bet paper 2 will be disgusting to make up for it  Now I'm going to worry about the media exam. Sad times
4,2190540580,Tue Jun 16 03:01:22 PDT 2009,NO_QUERY,revjesse,@ImajicArt yeah   could be worse - you could be listening to your 3 year old poo while playing the DS 
4,2190587344,Tue Jun 16 03:09:23 PDT 2009,NO_QUERY,Kelliekk,@mandahoofs yeh SOOO much FUN!  cant wait to throw away another $750 in wks! 
4,2190668266,Tue Jun 16 03:23:24 PDT 2009,NO_QUERY,JoannaMarie27,@themasonmusso http://twitpic.com/6ekez - lost?aww...  
4,2190679058,Tue Jun 16 03:25:14 PDT 2009,NO_QUERY,fredwin,@DaJoBa Naa mate i get exactly what you mean  thats why i wanna get the desktop mac and not a macbook 
4,2190703800,Tue Jun 16 03:29:29 PDT 2009,NO_QUERY,sugarchanelle,@ddlovato NOOOOO! GUTTED! shame! i'll have to wait till next year i guess!  hope everything went okaii! 
4,2190762236,Tue Jun 16 03:39:23 PDT 2009,NO_QUERY,gemeg,@svn8teen Haha idk.  I hope there is tomorrow! 
4,2190784656,Tue Jun 16 03:43:10 PDT 2009,NO_QUERY,gemeg,@svn8teen Yeah  Talk to you tom! Homeworks 
4,2190807840,Tue Jun 16 03:46:59 PDT 2009,NO_QUERY,hirise_stories,"@katyand tried to send you DM re jewellery but i can't seem to.  i agree with your dirty little secret, tis mine as well. "
4,2190832397,Tue Jun 16 03:51:02 PDT 2009,NO_QUERY,amgypsytown,@luv_the_radke we should  cause not everyone can get into the buddy chat 
4,2190846407,Tue Jun 16 03:53:18 PDT 2009,NO_QUERY,aDamBacon,Last exam soon. Just finished my 4 pages of notes that I'm allowed  some lunch then I'll set off walking 
4,2190896569,Tue Jun 16 04:01:14 PDT 2009,NO_QUERY,KatyCaptivated,it's killed again.   i hate workmen. what r u doin?? 
4,2190896684,Tue Jun 16 04:01:14 PDT 2009,NO_QUERY,ainalopez,@adalaud I SUPER MISS YOU MORE  More more mooore. Aww. Ada day! Haha 
4,2190897768,Tue Jun 16 04:01:23 PDT 2009,NO_QUERY,blondebimbette_,"regret cycling 25 miles yesterday just to lose some more weight, bugger it hurts today  . On the bright side i lost another pound  xoxo"
4,2190936117,Tue Jun 16 04:07:10 PDT 2009,NO_QUERY,Elliethinks,@iampsychic awh  I'LL BE THERE! 
4,2190980212,Tue Jun 16 04:13:51 PDT 2009,NO_QUERY,mikeeangeles,the first day of classes wasn't really that boring  But i still miss SUMMER 
4,2191018241,Tue Jun 16 04:19:25 PDT 2009,NO_QUERY,Elea518,"Sick, can't move any more  // I hope to make some new friends &amp; share what we like.. "
4,2191088171,Tue Jun 16 04:29:36 PDT 2009,NO_QUERY,insajd,@filatoff I assume that something is imaginary  But friends insist on idea that these stories are real 
4,2191232730,Tue Jun 16 04:49:45 PDT 2009,NO_QUERY,petermaene,home...half day work today  ....afternoon for administration 
4,2191263747,Tue Jun 16 04:54:01 PDT 2009,NO_QUERY,vickytkd,@dougiemcfly sounds good would do it too but im at school  twitter me coz i have double science &amp; it would cheer me up  hehe
4,2191418783,Tue Jun 16 05:14:05 PDT 2009,NO_QUERY,Kazcita,@Bass_ I'd appreciate one if you can rustle it up. No idea how to do it myself  Thanks 
4,2191434989,Tue Jun 16 05:16:09 PDT 2009,NO_QUERY,metamorphozne,"joining the LVATT fun!  I so gotta have it NOW. the problem is.. it isn't out yet, here in the PH.  boo-hoo."
4,2191465527,Tue Jun 16 05:20:03 PDT 2009,NO_QUERY,J_ewelz,Is so exhusted from dancin the Bachata  love it! But ankle pain pain 
4,2191465889,Tue Jun 16 05:20:05 PDT 2009,NO_QUERY,Hitmewithmusic,Baaaaack to work! REALLYREALLYREALLY looking forward to walk in the rain!!!!!!    .......... 
4,2191582417,Tue Jun 16 05:34:24 PDT 2009,NO_QUERY,zombieite,packing  :-|  :-/ :-?
4,2191600931,Tue Jun 16 05:36:37 PDT 2009,NO_QUERY,BoL7z,@Ninja_Catfish my canalphones went through the wash  but they still work perfectly  and now they're clean woot
4,2191698720,Tue Jun 16 05:48:10 PDT 2009,NO_QUERY,jobadge,@richardbadge got it to work by standing next to window - proof of concept  but not practical for main lecture theatre 
4,2191702086,Tue Jun 16 05:48:33 PDT 2009,NO_QUERY,Sansaa,@ainojonas i cant cause i want it now!!!!!!!  lets be negative. 
4,2191714137,Tue Jun 16 05:50:01 PDT 2009,NO_QUERY,drthomasho,@BigDaveP I can't get over that Letterman is from Indianapolis where I live!  People here have a lot more CLASS! 
4,2191734074,Tue Jun 16 05:52:17 PDT 2009,NO_QUERY,endlessblush,@maddisondesigns We're not twins then!  good news .. it was getting a bit scary   Movie - did not like it much at all  .. just ok
4,2191770683,Tue Jun 16 05:56:25 PDT 2009,NO_QUERY,ZozzoCullen,"my BFF did'nt come..   but it does'nt matter, i'll see you tomorrow instead, at the last football training for this season  byees &lt;33"
4,2191885342,Tue Jun 16 06:08:32 PDT 2009,NO_QUERY,NicLovesHabs,@favier omg  i never thought i look like i feel. thats bad 
4,2192122624,Tue Jun 16 06:32:42 PDT 2009,NO_QUERY,DevpriyaK,. . . . I forgot the password for twitter . . . Spent last two days trying to remember it. .at last gave up  . . . Reset 
4,2192161323,Tue Jun 16 06:36:29 PDT 2009,NO_QUERY,MarishJb,10:27 a.m. in two hours i have to go at school... that's bored  hate school... but the only good thing it's that i'm with my friends 
4,2192205494,Tue Jun 16 06:40:47 PDT 2009,NO_QUERY,JimBob226,Gosh Ict Isss Wayyy Boring     awhh well i have my springyboing beside me 
4,2192269806,Tue Jun 16 06:46:45 PDT 2009,NO_QUERY,naledi01,straighting my hair  skool tomz 
4,2192357016,Tue Jun 16 06:54:56 PDT 2009,NO_QUERY,clarkyc8t,@Sepulchura err reboot  methinks I want be forgetting that now 
4,2192398209,Tue Jun 16 06:58:48 PDT 2009,NO_QUERY,JJNextGenTV,"@five15design So U saw the Broncos in several Superbowls (...2 worth watching, the other embarrassing.   I don't see NZ sports here. "
4,2192400689,Tue Jun 16 06:59:02 PDT 2009,NO_QUERY,remedii28,sooo tiireedd  qonna meet up wit one of the bestiies 
4,2192421891,Tue Jun 16 07:00:52 PDT 2009,NO_QUERY,LullabyLies,Omg I just realized that I could have made my license plate 'careber'  owell MCRMY is perfect! 
4,2192513042,Tue Jun 16 07:08:55 PDT 2009,NO_QUERY,Lilmonkey99,I am awake... and seeing the GRAY clouds...     Hopefully in vegas it won't be raining.  oh no wait.... 90 and sunny 
4,2192513511,Tue Jun 16 07:08:57 PDT 2009,NO_QUERY,bwerden,Nothing yet!     it's tough out there.  I hear Ransom may be hiring!  
4,2192790952,Tue Jun 16 07:33:16 PDT 2009,NO_QUERY,MariaVonLiz,Walked that damn hill up kingsbridge now I'm starving  ... Gonna have a huge bowl of cereal and watch Sex and The City 
4,2193181413,Tue Jun 16 08:06:24 PDT 2009,NO_QUERY,faith_phoenix,@RealBillBailey gutted i couldnt get tickets for your show tonight in manchester  but have a great one!! 
4,2193190384,Tue Jun 16 08:07:09 PDT 2009,NO_QUERY,youscareme,@buckhollywood omg! im such a loser! how did i not know you were on twitter!  well now i do! 
4,2193278017,Tue Jun 16 08:14:22 PDT 2009,NO_QUERY,janiecwales,"oh dear HH is back   please twitter do something about her.  I'm begging you, please pretty please "
4,2193403830,Tue Jun 16 08:24:44 PDT 2009,NO_QUERY,lauren__x33,"english exam went okay        revising for french, r.e and geography now, urrff "
4,2193428118,Tue Jun 16 08:26:44 PDT 2009,NO_QUERY,bubbles00,"finally finished typing!!!! Woohoooo  , still need to add graphs though "
4,2193451289,Tue Jun 16 08:28:37 PDT 2009,NO_QUERY,faiznurdavid,"@fanafatin see, @misschimichanga tweet u to join us!! u really cant?  so if thurs, when &amp; where? "
4,2193576442,Tue Jun 16 08:38:45 PDT 2009,NO_QUERY,emma_b_xox,Had an injection today. Not fun  the rrst of the school day has been good. Tonight i am going dancing yey 
